# Blender 4.3.2
# www.blender.org
mtllib table.mtl
o Dining_Table_Sutherland_Furniture__Arlette_305__001
v 1.180000 0.475293 -0.011026
v 1.180000 0.492984 -0.000000
v 1.180000 0.475293 0.011025
v 1.180000 0.471678 -0.000000
v 1.180000 0.512484 -0.000000
v 1.180000 0.492984 -0.017000
v 1.180000 0.512484 -0.017000
v 1.180000 0.706000 -0.000000
v 1.180000 0.706000 -0.017000
v 1.180000 0.512484 0.017000
v 1.180000 0.492984 0.017000
v 1.180000 0.706000 0.017000
v 0.466800 0.457997 -0.000000
v 0.700200 0.457997 -0.000000
v 0.700200 0.464357 0.019398
v 0.466800 0.464357 0.019398
v 0.700200 0.480515 0.030000
v 0.466800 0.480515 0.030000
v 0.700200 0.492984 0.030000
v 0.466800 0.492985 0.030000
v 0.700200 0.512484 0.030000
v 0.466800 0.512484 0.030000
v 0.466800 0.464357 -0.019399
v 0.700200 0.464357 -0.019399
v 0.466800 0.480515 -0.030000
v 0.700200 0.480515 -0.030000
v 0.466800 0.492985 -0.030000
v 0.700200 0.492984 -0.030000
v 0.466800 0.512484 -0.030000
v 0.700200 0.512484 -0.030000
v 0.466800 0.706000 -0.030000
v 0.700200 0.706000 -0.030000
v 0.700200 0.706000 0.030000
v 0.466800 0.706000 0.030000
v 1.180000 0.466628 0.017659
v 1.177300 0.464357 0.019398
v 1.177300 0.457997 -0.000000
v 1.180000 0.460838 -0.000000
v 1.177300 0.464357 -0.019399
v 1.180000 0.466628 -0.017660
v 1.177300 0.480515 -0.030000
v 1.180000 0.481322 -0.027300
v 1.177300 0.492984 -0.030000
v 1.180000 0.492984 -0.027300
v 1.177300 0.512484 -0.030000
v 1.180000 0.512484 -0.027300
v 1.177300 0.706000 -0.030000
v 1.180000 0.706000 -0.027300
v 1.177300 0.706000 0.030000
v 1.177300 0.512484 0.030000
v 1.180000 0.512484 0.027300
v 1.180000 0.706000 0.027300
v 1.177300 0.492984 0.030000
v 1.180000 0.492984 0.027300
v 1.177300 0.480515 0.030000
v 1.180000 0.481322 0.027300
v 1.167000 0.457997 -0.000000
v 1.174000 0.457997 -0.000000
v 1.174000 0.464357 0.019398
v 1.167000 0.464357 0.019398
v 1.174000 0.480515 0.030000
v 1.167000 0.480515 0.030000
v 1.174000 0.492984 0.030000
v 1.167000 0.492984 0.030000
v 1.174000 0.512484 0.030000
v 1.167000 0.512484 0.030000
v 1.167000 0.464357 -0.019399
v 1.174000 0.464357 -0.019399
v 1.167000 0.480515 -0.030000
v 1.174000 0.480515 -0.030000
v 1.167000 0.492984 -0.030000
v 1.174000 0.492984 -0.030000
v 1.167000 0.512484 -0.030000
v 1.174000 0.512484 -0.030000
v 1.174000 0.706000 -0.030000
v 1.167000 0.706000 -0.030000
v 1.174000 0.706000 0.030000
v 1.167000 0.706000 0.030000
v 1.180000 0.469404 0.015534
v 1.180000 0.464311 -0.000000
v 1.180000 0.469404 -0.015534
v 1.180000 0.482308 -0.024000
v 1.180000 0.484399 -0.017000
v 1.180000 0.492984 -0.024000
v 1.180000 0.512484 -0.024000
v 1.180000 0.706000 -0.024000
v 1.180000 0.706000 0.024000
v 1.180000 0.512484 0.024000
v 1.180000 0.492984 0.024000
v 1.180000 0.482308 0.024000
v 1.180000 0.484399 0.017000
v 0.466800 0.710000 0.026000
v 0.700200 0.710000 0.026000
v 0.700200 0.710000 0.024000
v 0.466800 0.710000 0.024000
v 1.174000 0.710000 0.024000
v 1.174000 0.710000 0.026000
v 1.175643 0.710000 0.026000
v 1.175000 0.710000 0.024000
v 0.466800 0.710000 0.028700
v 0.700200 0.710000 0.028700
v 1.167000 0.710000 0.026000
v 1.167000 0.710000 0.028700
v 1.174000 0.710000 0.028700
v 1.176762 0.710000 0.028700
v 1.176000 0.710000 0.025643
v 1.178700 0.710000 0.026761
v 1.176000 0.710000 0.024000
v 1.178700 0.710000 0.024000
v 1.176000 0.710000 0.017000
v 1.178700 0.710000 0.017000
v 1.176000 0.710000 -0.000000
v 1.178700 0.710000 -0.000000
v 1.176000 0.710000 -0.017000
v 1.178700 0.710000 -0.017000
v 1.176000 0.710000 -0.024000
v 1.178700 0.710000 -0.024000
v 1.176000 0.710000 -0.025643
v 1.178700 0.710000 -0.026762
v 1.175643 0.710000 -0.026000
v 1.176762 0.710000 -0.028700
v 1.174000 0.710000 -0.026000
v 1.174000 0.710000 -0.028700
v 1.167000 0.710000 -0.026000
v 1.167000 0.710000 -0.028700
v 0.466800 0.710000 -0.026000
v 0.700200 0.710000 -0.026000
v 0.700200 0.710000 -0.028700
v 0.466800 0.710000 -0.028700
v 1.180000 0.708700 -0.017000
v 1.180000 0.708700 -0.000000
v 1.180000 0.708700 0.017000
v 0.466800 0.708700 -0.030000
v 0.700200 0.708700 -0.030000
v 0.700200 0.708700 0.030000
v 0.466800 0.708700 0.030000
v 1.177300 0.708700 -0.030000
v 1.180000 0.708700 -0.027300
v 1.180000 0.708700 0.027300
v 1.177300 0.708700 0.030000
v 1.167000 0.708700 -0.030000
v 1.174000 0.708700 -0.030000
v 1.174000 0.708700 0.030000
v 1.167000 0.708700 0.030000
v 1.180000 0.708700 -0.024000
v 1.180000 0.708700 0.024000
v 1.180000 0.710000 -0.017000
v 1.180000 0.710000 -0.000000
v 1.180000 0.710000 0.017000
v 0.466800 0.710000 -0.030000
v 0.700200 0.710000 -0.030000
v 0.700200 0.710000 0.030000
v 0.466800 0.710000 0.030000
v 1.177300 0.710000 -0.030000
v 1.180000 0.710000 -0.027300
v 1.180000 0.710000 0.027300
v 1.177300 0.710000 0.030000
v 1.167000 0.710000 -0.030000
v 1.174000 0.710000 -0.030000
v 1.174000 0.710000 0.030000
v 1.167000 0.710000 0.030000
v 1.180000 0.710000 -0.024000
v 1.180000 0.710000 0.024000
v 1.167000 0.710000 0.024000
v 1.175000 0.710000 -0.000000
v 1.175000 0.710000 0.017000
v 1.174000 0.710000 -0.000000
v 1.174000 0.710000 0.017000
v 1.167000 0.710000 -0.000000
v 1.167000 0.710000 0.017000
v 0.700200 0.710000 -0.000000
v 0.466800 0.710000 -0.000000
v 0.466800 0.710000 0.017000
v 0.700200 0.710000 0.017000
v 1.175000 0.710000 -0.017000
v 1.174000 0.710000 -0.017000
v 1.167000 0.710000 -0.017000
v 0.700200 0.710000 -0.017000
v 0.466800 0.710000 -0.017000
v 1.175000 0.710000 -0.024000
v 1.174000 0.710000 -0.024000
v 1.167000 0.710000 -0.024000
v 0.700200 0.710000 -0.024000
v 0.466800 0.710000 -0.024000
v 0.933600 0.457997 -0.000000
v 0.933600 0.464357 0.019398
v 0.233400 0.464357 0.019398
v 0.000000 0.464357 0.019399
v 0.000000 0.457997 -0.000000
v 0.233400 0.457997 -0.000000
v 0.933600 0.480515 0.030000
v 0.233400 0.480515 0.030000
v 0.000000 0.480515 0.030000
v 0.933600 0.492984 0.030000
v 0.233400 0.492985 0.030000
v 0.000000 0.492985 0.030000
v 0.933600 0.512484 0.030000
v 0.233400 0.512485 0.030000
v 0.000000 0.512485 0.030000
v 0.933600 0.464357 -0.019399
v 0.000000 0.464357 -0.019399
v 0.233400 0.464357 -0.019399
v 0.933600 0.480515 -0.030000
v 0.000000 0.480515 -0.030000
v 0.233400 0.480515 -0.030000
v 0.933600 0.492984 -0.030000
v 0.000000 0.492985 -0.030000
v 0.233400 0.492985 -0.030000
v 0.933600 0.512484 -0.030000
v 0.000000 0.512485 -0.030000
v 0.233400 0.512485 -0.030000
v 0.000000 0.706000 -0.030000
v 0.233400 0.706000 -0.030000
v 0.933600 0.706000 -0.030000
v 0.933600 0.706000 0.030000
v 0.233400 0.706000 0.030000
v 0.000000 0.706000 0.030000
v 0.933600 0.710000 0.026000
v 0.933600 0.710000 0.024000
v 0.233400 0.710000 0.024000
v 0.000000 0.710000 0.024000
v 0.000000 0.710000 0.026000
v 0.233400 0.710000 0.026000
v 0.000000 0.710000 0.028700
v 0.233400 0.710000 0.028700
v 0.933600 0.710000 0.028700
v 0.933600 0.710000 -0.026000
v 0.933600 0.710000 -0.028700
v 0.233400 0.710000 -0.028700
v 0.000000 0.710000 -0.028700
v 0.000000 0.710000 -0.026000
v 0.233400 0.710000 -0.026000
v 0.933600 0.708700 -0.030000
v 0.000000 0.708700 -0.030000
v 0.233400 0.708700 -0.030000
v 0.233400 0.708700 0.030000
v 0.000000 0.708700 0.030000
v 0.933600 0.708700 0.030000
v 0.933600 0.710000 -0.030000
v 0.000000 0.710000 -0.030000
v 0.233400 0.710000 -0.030000
v 0.233400 0.710000 0.030000
v 0.000000 0.710000 0.030000
v 0.933600 0.710000 0.030000
v 0.233400 0.710000 -0.000000
v 0.000000 0.710000 0.000000
v 0.000000 0.710000 0.017000
v 0.233400 0.710000 0.017000
v 0.933600 0.710000 0.017000
v 0.933600 0.710000 -0.000000
v 0.233400 0.710000 -0.017000
v 0.000000 0.710000 -0.017000
v 0.933600 0.710000 -0.017000
v 0.233400 0.710000 -0.024000
v 0.000000 0.710000 -0.024000
v 0.933600 0.710000 -0.024000
v -1.180000 0.475293 -0.011025
v -1.180000 0.492985 0.000000
v -1.180000 0.492985 -0.017000
v -1.180000 0.484399 -0.017000
v -1.180000 0.512485 0.000000
v -1.180000 0.512485 -0.017000
v -1.180000 0.706000 0.000000
v -1.180000 0.706000 -0.017000
v -1.180000 0.492985 0.017000
v -1.180000 0.512485 0.017000
v -1.180000 0.706000 0.017000
v -0.466800 0.457997 0.000000
v -0.466800 0.464357 0.019399
v -0.700200 0.464357 0.019399
v -0.700200 0.457997 0.000000
v -0.466800 0.480515 0.030000
v -0.700200 0.480515 0.030000
v -0.466800 0.492985 0.030000
v -0.700200 0.492985 0.030000
v -0.466800 0.512485 0.030000
v -0.700200 0.512485 0.030000
v -0.466800 0.464357 -0.019399
v -0.700200 0.464357 -0.019399
v -0.466800 0.480515 -0.030000
v -0.700200 0.480515 -0.030000
v -0.466800 0.492985 -0.030000
v -0.700200 0.492985 -0.030000
v -0.466800 0.512485 -0.030000
v -0.700200 0.512485 -0.030000
v -0.700200 0.706000 -0.030000
v -0.466800 0.706000 -0.030000
v -0.466800 0.706000 0.030000
v -0.700200 0.706000 0.030000
v -1.180000 0.466629 0.017660
v -1.180000 0.460839 0.000000
v -1.177300 0.457997 0.000000
v -1.177300 0.464358 0.019399
v -1.180000 0.466629 -0.017659
v -1.177300 0.464358 -0.019398
v -1.180000 0.481322 -0.027300
v -1.177300 0.480515 -0.030000
v -1.180000 0.492985 -0.027300
v -1.177300 0.492985 -0.030000
v -1.180000 0.512485 -0.027300
v -1.177300 0.512485 -0.030000
v -1.180000 0.706000 -0.027300
v -1.177300 0.706000 -0.030000
v -1.177300 0.706000 0.030000
v -1.180000 0.706000 0.027300
v -1.180000 0.512485 0.027300
v -1.177300 0.512485 0.030000
v -1.180000 0.492985 0.027300
v -1.177300 0.492985 0.030000
v -1.180000 0.481322 0.027300
v -1.177300 0.480515 0.030000
v -1.167000 0.457997 0.000000
v -1.167000 0.464358 0.019399
v -1.174000 0.464358 0.019399
v -1.174000 0.457997 0.000000
v -1.167000 0.480515 0.030000
v -1.174000 0.480515 0.030000
v -1.167000 0.492985 0.030000
v -1.174000 0.492985 0.030000
v -1.167000 0.512485 0.030000
v -1.174000 0.512485 0.030000
v -1.167000 0.464358 -0.019398
v -1.174000 0.464358 -0.019398
v -1.167000 0.480515 -0.030000
v -1.174000 0.480515 -0.030000
v -1.167000 0.492985 -0.030000
v -1.174000 0.492985 -0.030000
v -1.167000 0.512485 -0.030000
v -1.174000 0.512485 -0.030000
v -1.174000 0.706000 -0.030000
v -1.167000 0.706000 -0.030000
v -1.167000 0.706000 0.030000
v -1.174000 0.706000 0.030000
v -1.180000 0.475293 0.011026
v -1.180000 0.471678 0.000000
v -1.180000 0.464311 0.000000
v -1.180000 0.469405 0.015534
v -1.180000 0.469405 -0.015534
v -1.180000 0.482308 -0.024000
v -1.180000 0.492985 -0.024000
v -1.180000 0.512485 -0.024000
v -1.180000 0.706000 -0.024000
v -1.180000 0.706000 0.024000
v -1.180000 0.512485 0.024000
v -1.180000 0.492985 0.024000
v -1.180000 0.484399 0.017000
v -1.180000 0.482308 0.024000
v -0.466800 0.710000 0.026000
v -0.466800 0.710000 0.024000
v -0.700200 0.710000 0.024000
v -0.700200 0.710000 0.026000
v -1.174000 0.710000 0.024000
v -1.175000 0.710000 0.024000
v -1.175643 0.710000 0.026000
v -1.174000 0.710000 0.026000
v -0.700200 0.710000 0.028700
v -0.466800 0.710000 0.028700
v -1.174000 0.710000 0.028700
v -1.167000 0.710000 0.028700
v -1.167000 0.710000 0.026000
v -1.176761 0.710000 0.028700
v -1.176000 0.710000 0.025644
v -1.178700 0.710000 0.026762
v -1.176000 0.710000 0.024000
v -1.178700 0.710000 0.024000
v -1.176000 0.710000 0.017000
v -1.178700 0.710000 0.017000
v -1.176000 0.710000 0.000000
v -1.178700 0.710000 0.000000
v -1.176000 0.710000 -0.017000
v -1.178700 0.710000 -0.017000
v -1.176000 0.710000 -0.024000
v -1.178700 0.710000 -0.024000
v -1.176000 0.710000 -0.025643
v -1.178700 0.710000 -0.026761
v -1.175643 0.710000 -0.026000
v -1.176761 0.710000 -0.028700
v -1.174000 0.710000 -0.026000
v -1.174000 0.710000 -0.028700
v -1.167000 0.710000 -0.026000
v -1.167000 0.710000 -0.028700
v -0.466800 0.710000 -0.026000
v -0.466800 0.710000 -0.028700
v -0.700200 0.710000 -0.028700
v -0.700200 0.710000 -0.026000
v -1.180000 0.708700 0.000000
v -1.180000 0.708700 -0.017000
v -1.180000 0.708700 0.017000
v -0.466800 0.708700 -0.030000
v -0.700200 0.708700 -0.030000
v -0.700200 0.708700 0.030000
v -0.466800 0.708700 0.030000
v -1.180000 0.708700 -0.027300
v -1.177300 0.708700 -0.030000
v -1.177300 0.708700 0.030000
v -1.180000 0.708700 0.027300
v -1.174000 0.708700 -0.030000
v -1.167000 0.708700 -0.030000
v -1.167000 0.708700 0.030000
v -1.174000 0.708700 0.030000
v -1.180000 0.708700 -0.024000
v -1.180000 0.708700 0.024000
v -1.180000 0.710000 0.000000
v -1.180000 0.710000 -0.017000
v -1.180000 0.710000 0.017000
v -0.466800 0.710000 -0.030000
v -0.700200 0.710000 -0.030000
v -0.700200 0.710000 0.030000
v -0.466800 0.710000 0.030000
v -1.180000 0.710000 -0.027300
v -1.177300 0.710000 -0.030000
v -1.177300 0.710000 0.030000
v -1.180000 0.710000 0.027300
v -1.174000 0.710000 -0.030000
v -1.167000 0.710000 -0.030000
v -1.167000 0.710000 0.030000
v -1.174000 0.710000 0.030000
v -1.180000 0.710000 -0.024000
v -1.180000 0.710000 0.024000
v -1.167000 0.710000 0.024000
v -1.175000 0.710000 0.017000
v -1.175000 0.710000 0.000000
v -1.174000 0.710000 0.017000
v -1.174000 0.710000 0.000000
v -1.167000 0.710000 0.017000
v -1.167000 0.710000 0.000000
v -0.700200 0.710000 0.000000
v -0.700200 0.710000 0.017000
v -0.466800 0.710000 0.017000
v -0.466800 0.710000 0.000000
v -1.175000 0.710000 -0.017000
v -1.174000 0.710000 -0.017000
v -1.167000 0.710000 -0.017000
v -0.700200 0.710000 -0.017000
v -0.466800 0.710000 -0.017000
v -1.175000 0.710000 -0.024000
v -1.174000 0.710000 -0.024000
v -1.167000 0.710000 -0.024000
v -0.700200 0.710000 -0.024000
v -0.466800 0.710000 -0.024000
v -0.933600 0.457997 0.000000
v -0.933600 0.464358 0.019399
v -0.233400 0.464357 0.019399
v -0.233400 0.457997 -0.000000
v -0.933600 0.480515 0.030000
v -0.233400 0.480515 0.030000
v -0.933600 0.492985 0.030000
v -0.233400 0.492985 0.030000
v -0.933600 0.512485 0.030000
v -0.233400 0.512485 0.030000
v -0.933600 0.464358 -0.019398
v -0.233400 0.464357 -0.019399
v -0.933600 0.480515 -0.030000
v -0.233400 0.480515 -0.030000
v -0.933600 0.492985 -0.030000
v -0.233400 0.492985 -0.030000
v -0.933600 0.512485 -0.030000
v -0.233400 0.512485 -0.030000
v -0.233400 0.706000 -0.030000
v -0.933600 0.706000 -0.030000
v -0.933600 0.706000 0.030000
v -0.233400 0.706000 0.030000
v -0.933600 0.710000 0.026000
v -0.933600 0.710000 0.024000
v -0.233400 0.710000 0.024000
v -0.233400 0.710000 0.026000
v -0.233400 0.710000 0.028700
v -0.933600 0.710000 0.028700
v -0.933600 0.710000 -0.026000
v -0.933600 0.710000 -0.028700
v -0.233400 0.710000 -0.028700
v -0.233400 0.710000 -0.026000
v -0.933600 0.708700 -0.030000
v -0.233400 0.708700 -0.030000
v -0.233400 0.708700 0.030000
v -0.933600 0.708700 0.030000
v -0.933600 0.710000 -0.030000
v -0.233400 0.710000 -0.030000
v -0.233400 0.710000 0.030000
v -0.933600 0.710000 0.030000
v -0.233400 0.710000 0.000000
v -0.233400 0.710000 0.017000
v -0.933600 0.710000 0.017000
v -0.933600 0.710000 0.000000
v -0.233400 0.710000 -0.017000
v -0.933600 0.710000 -0.017000
v -0.233400 0.710000 -0.024000
v -0.933600 0.710000 -0.024000
v 0.210409 0.710000 -0.506719
v 0.000000 0.710000 -0.507560
v 0.000000 0.710000 -0.510060
v 0.210430 0.710000 -0.509218
v 0.000000 0.710000 -0.511460
v 0.210442 0.710000 -0.510618
v 0.000000 0.710636 -0.512997
v 0.210455 0.710636 -0.512155
v 0.000000 0.711626 -0.513986
v 0.210464 0.711626 -0.513144
v 0.000000 0.713394 -0.515754
v 0.210479 0.713394 -0.514912
v 0.000000 0.726128 -0.528489
v 0.210587 0.726128 -0.527646
v 0.000000 0.730672 -0.533032
v 0.210625 0.730672 -0.532189
v 0.000000 0.733016 -0.535376
v 0.210645 0.733016 -0.534533
v 0.000000 0.737081 -0.535313
v 0.210645 0.737081 -0.534470
v 0.000000 0.740000 -0.532487
v 0.210621 0.740000 -0.531645
v 0.000000 0.740000 -0.529188
v 0.210593 0.740000 -0.528345
v 0.000000 0.740000 -0.523355
v 0.210543 0.740000 -0.522513
v 0.000000 0.740000 -0.507560
v 0.210409 0.740000 -0.506719
v 1.498212 0.710000 -0.000000
v 1.495288 0.710000 -0.121490
v 1.497786 0.710000 -0.121606
v 1.500713 0.710000 -0.000000
v 1.499185 0.710000 -0.121671
v 1.502113 0.710000 -0.000000
v 1.500721 0.710636 -0.121742
v 1.503650 0.710636 -0.000000
v 1.501710 0.711626 -0.121788
v 1.504640 0.711626 -0.000000
v 1.503476 0.713394 -0.121870
v 1.506409 0.713394 -0.000000
v 1.516200 0.726129 -0.122460
v 1.519147 0.726129 -0.000000
v 1.520739 0.730672 -0.122670
v 1.523691 0.730672 -0.000000
v 1.523081 0.733016 -0.122779
v 1.526036 0.733016 -0.000000
v 1.523018 0.737081 -0.122776
v 1.525973 0.737081 -0.000000
v 1.520195 0.740000 -0.122645
v 1.523147 0.740000 -0.000000
v 1.516898 0.740000 -0.122492
v 1.519846 0.740000 -0.000000
v 1.511070 0.740000 -0.122222
v 1.514012 0.740000 -0.000000
v 1.495288 0.740000 -0.121490
v 1.498212 0.740000 -0.000000
v 1.486931 0.710000 -0.242802
v 1.489422 0.710000 -0.243031
v 1.490816 0.710000 -0.243159
v 1.492346 0.710636 -0.243299
v 1.493332 0.711626 -0.243389
v 1.495093 0.713394 -0.243551
v 1.507777 0.726129 -0.244714
v 1.512303 0.730672 -0.245129
v 1.514638 0.733016 -0.245343
v 1.514575 0.737081 -0.245337
v 1.511761 0.740000 -0.245079
v 1.508474 0.740000 -0.244778
v 1.502664 0.740000 -0.244245
v 1.486931 0.740000 -0.242802
v 1.474606 0.710000 -0.347923
v 1.477083 0.710000 -0.348266
v 1.478471 0.710000 -0.348458
v 1.479993 0.710636 -0.348669
v 1.480974 0.711626 -0.348804
v 1.482725 0.713394 -0.349047
v 1.495343 0.726129 -0.350794
v 1.499844 0.730672 -0.351417
v 1.502167 0.733016 -0.351739
v 1.502104 0.737081 -0.351730
v 1.499305 0.740000 -0.351343
v 1.496036 0.740000 -0.350890
v 1.490257 0.740000 -0.350090
v 1.474606 0.740000 -0.347923
v 1.467082 0.710000 -0.397854
v 1.469544 0.710000 -0.398286
v 1.470924 0.710000 -0.398528
v 1.472437 0.710636 -0.398793
v 1.473412 0.711626 -0.398964
v 1.475153 0.713394 -0.399269
v 1.487697 0.726129 -0.401468
v 1.492173 0.730672 -0.402252
v 1.494481 0.733016 -0.402657
v 1.494419 0.737081 -0.402646
v 1.491636 0.740000 -0.402158
v 1.488386 0.740000 -0.401589
v 1.482641 0.740000 -0.400582
v 1.467082 0.740000 -0.397854
v 1.460626 0.710000 -0.427379
v 1.463003 0.710000 -0.428264
v 1.464334 0.710000 -0.428759
v 1.465796 0.710636 -0.429303
v 1.466737 0.711626 -0.429654
v 1.468418 0.713394 -0.430280
v 1.480527 0.726129 -0.434788
v 1.484847 0.730672 -0.436396
v 1.487076 0.733016 -0.437226
v 1.487016 0.737081 -0.437204
v 1.484330 0.740000 -0.436203
v 1.481192 0.740000 -0.435035
v 1.475645 0.740000 -0.432971
v 1.460626 0.740000 -0.427379
v 1.446506 0.710000 -0.449549
v 1.448323 0.710000 -0.451398
v 1.449340 0.710000 -0.452433
v 1.450457 0.710636 -0.453569
v 1.451176 0.711626 -0.454301
v 1.452461 0.713394 -0.455608
v 1.461716 0.726129 -0.465025
v 1.465018 0.730672 -0.468385
v 1.466722 0.733016 -0.470118
v 1.466676 0.737081 -0.470071
v 1.464622 0.740000 -0.467982
v 1.462224 0.740000 -0.465542
v 1.457985 0.740000 -0.461229
v 1.446506 0.740000 -0.449549
v 1.424248 0.710000 -0.461365
v 1.425012 0.710000 -0.463802
v 1.425439 0.710000 -0.465166
v 1.425909 0.710636 -0.466664
v 1.426211 0.711626 -0.467629
v 1.426751 0.713394 -0.469352
v 1.430642 0.726129 -0.481765
v 1.432030 0.730672 -0.486193
v 1.432746 0.733016 -0.488478
v 1.432727 0.737081 -0.488417
v 1.431863 0.740000 -0.485663
v 1.430855 0.740000 -0.482446
v 1.429073 0.740000 -0.476761
v 1.424248 0.740000 -0.461365
v 1.394820 0.710000 -0.466818
v 1.395014 0.710000 -0.469311
v 1.395122 0.710000 -0.470707
v 1.395241 0.710636 -0.472239
v 1.395317 0.711626 -0.473227
v 1.395454 0.713394 -0.474989
v 1.396438 0.726129 -0.487688
v 1.396790 0.730672 -0.492218
v 1.396971 0.733016 -0.494556
v 1.396966 0.737081 -0.494493
v 1.396748 0.740000 -0.491676
v 1.396493 0.740000 -0.488385
v 1.396041 0.740000 -0.482569
v 1.394820 0.740000 -0.466818
v 1.338996 0.710000 -0.470962
v 1.339135 0.710000 -0.473458
v 1.339212 0.710000 -0.474856
v 1.339298 0.710636 -0.476390
v 1.339353 0.711626 -0.477378
v 1.339451 0.713394 -0.479143
v 1.340157 0.726129 -0.491858
v 1.340409 0.730672 -0.496394
v 1.340539 0.733016 -0.498734
v 1.340535 0.737081 -0.498672
v 1.340379 0.740000 -0.495850
v 1.340196 0.740000 -0.492556
v 1.339872 0.740000 -0.486732
v 1.338996 0.740000 -0.470962
v 1.223260 0.710000 -0.477508
v 1.223388 0.710000 -0.480005
v 1.223460 0.710000 -0.481403
v 1.223539 0.710636 -0.482937
v 1.223590 0.711626 -0.483926
v 1.223680 0.713394 -0.485691
v 1.224334 0.726129 -0.498409
v 1.224567 0.730672 -0.502946
v 1.224687 0.733016 -0.505287
v 1.224684 0.737081 -0.505224
v 1.224539 0.740000 -0.502402
v 1.224370 0.740000 -0.499107
v 1.224070 0.740000 -0.493282
v 1.223260 0.740000 -0.477508
v 1.055343 0.710000 -0.485251
v 1.055452 0.710000 -0.487748
v 1.055514 0.710000 -0.489147
v 1.055581 0.710636 -0.490682
v 1.055625 0.711626 -0.491671
v 1.055702 0.713394 -0.493437
v 1.056262 0.726128 -0.506159
v 1.056461 0.730672 -0.510698
v 1.056564 0.733016 -0.513039
v 1.056562 0.737081 -0.512977
v 1.056437 0.740000 -0.510154
v 1.056293 0.740000 -0.506857
v 1.056036 0.740000 -0.501030
v 1.055343 0.740000 -0.485251
v 0.843707 0.710000 -0.492872
v 0.843795 0.710000 -0.495370
v 0.843845 0.710000 -0.496769
v 0.843899 0.710636 -0.498305
v 0.843933 0.711626 -0.499294
v 0.843996 0.713394 -0.501061
v 0.844444 0.726128 -0.513787
v 0.844604 0.730672 -0.518327
v 0.844687 0.733016 -0.520670
v 0.844684 0.737081 -0.520607
v 0.844585 0.740000 -0.517783
v 0.844469 0.740000 -0.514486
v 0.844263 0.740000 -0.508657
v 0.843708 0.740000 -0.492872
v 0.632295 0.710000 -0.499368
v 0.632362 0.710000 -0.501867
v 0.632398 0.710000 -0.503266
v 0.632439 0.710636 -0.504802
v 0.632465 0.711626 -0.505792
v 0.632512 0.713394 -0.507559
v 0.632848 0.726128 -0.520289
v 0.632969 0.730672 -0.524830
v 0.633030 0.733016 -0.527173
v 0.633029 0.737081 -0.527111
v 0.632954 0.740000 -0.524286
v 0.632867 0.740000 -0.520988
v 0.632713 0.740000 -0.515157
v 0.632296 0.740000 -0.499368
v 0.421178 0.710000 -0.503986
v 0.421222 0.710000 -0.506486
v 0.421246 0.710000 -0.507886
v 0.421273 0.710636 -0.509422
v 0.421290 0.711626 -0.510412
v 0.421322 0.713394 -0.512179
v 0.421545 0.726128 -0.524912
v 0.421625 0.730672 -0.529454
v 0.421666 0.733016 -0.531798
v 0.421665 0.737081 -0.531735
v 0.421615 0.740000 -0.528910
v 0.421557 0.740000 -0.525611
v 0.421455 0.740000 -0.519779
v 0.421178 0.740000 -0.503986
v 0.000000 0.740000 -0.133814
v 0.000000 0.740000 -0.000000
v 0.218404 0.740000 -0.000000
v 0.217916 0.740000 -0.133594
v 0.436669 0.740000 -0.000000
v 0.435721 0.740000 -0.132921
v 0.654796 0.740000 -0.000000
v 0.653412 0.740000 -0.131794
v 0.872783 0.740000 -0.000000
v 0.870986 0.740000 -0.130215
v 1.090633 0.740000 -0.000000
v 1.088440 0.740000 -0.128185
v 1.264456 0.740000 -0.000000
v 1.261879 0.740000 -0.126205
v 1.404744 0.740000 -0.000000
v 1.401978 0.740000 -0.124398
v 0.000000 0.740000 -0.267628
v 0.216462 0.740000 -0.267194
v 0.432913 0.740000 -0.265839
v 0.649342 0.740000 -0.263565
v 0.865737 0.740000 -0.260373
v 1.082081 0.740000 -0.256268
v 1.254462 0.740000 -0.252270
v 1.394049 0.740000 -0.248616
v 0.000000 0.740000 -0.401442
v 0.214040 0.740000 -0.400800
v 0.428233 0.740000 -0.398758
v 0.642561 0.740000 -0.395316
v 0.856994 0.740000 -0.390482
v 1.071491 0.740000 -0.384260
v 1.242114 0.740000 -0.378216
v 1.379662 0.740000 -0.371854
v 0.000000 0.710000 -0.133814
v 0.217916 0.710000 -0.133594
v 0.218404 0.710000 -0.000000
v 0.000000 0.710000 -0.000000
v 0.435721 0.710000 -0.132921
v 0.436669 0.710000 -0.000000
v 0.653412 0.710000 -0.131794
v 0.654796 0.710000 -0.000000
v 0.870986 0.710000 -0.130215
v 0.872783 0.710000 -0.000000
v 1.088440 0.710000 -0.128185
v 1.090633 0.710000 -0.000000
v 1.261879 0.710000 -0.126205
v 1.264456 0.710000 -0.000000
v 1.401978 0.710000 -0.124398
v 1.404744 0.710000 -0.000000
v 0.000000 0.710000 -0.267628
v 0.216462 0.710000 -0.267194
v 0.432913 0.710000 -0.265839
v 0.649342 0.710000 -0.263565
v 0.865737 0.710000 -0.260373
v 1.082081 0.710000 -0.256268
v 1.254462 0.710000 -0.252270
v 1.394049 0.710000 -0.248616
v 0.000000 0.710000 -0.401442
v 0.214040 0.710000 -0.400800
v 0.428233 0.710000 -0.398758
v 0.642561 0.710000 -0.395316
v 0.856994 0.710000 -0.390481
v 1.071491 0.710000 -0.384260
v 1.242114 0.710000 -0.378216
v 1.379662 0.710000 -0.371854
v 0.210409 0.710000 0.506718
v 0.210430 0.710000 0.509218
v 0.000000 0.710000 0.510060
v 0.000000 0.710000 0.507560
v 0.210442 0.710000 0.510618
v 0.000000 0.710000 0.511460
v 0.210455 0.710636 0.512154
v 0.000000 0.710636 0.512997
v 0.210464 0.711626 0.513144
v 0.000000 0.711626 0.513986
v 0.210479 0.713394 0.514912
v 0.000000 0.713394 0.515754
v 0.210587 0.726129 0.527646
v 0.000000 0.726129 0.528489
v 0.210625 0.730672 0.532189
v 0.000000 0.730672 0.533032
v 0.210645 0.733016 0.534533
v 0.000000 0.733016 0.535376
v 0.210645 0.737081 0.534470
v 0.000000 0.737081 0.535313
v 0.210621 0.740000 0.531645
v 0.000000 0.740000 0.532487
v 0.210593 0.740000 0.528345
v 0.000000 0.740000 0.529188
v 0.210543 0.740000 0.522513
v 0.000000 0.740000 0.523355
v 0.210409 0.740000 0.506718
v 0.000000 0.740000 0.507560
v 1.497786 0.710000 0.121606
v 1.495288 0.710000 0.121490
v 1.499185 0.710000 0.121671
v 1.500721 0.710636 0.121742
v 1.501710 0.711626 0.121788
v 1.503476 0.713394 0.121870
v 1.516200 0.726129 0.122460
v 1.520739 0.730672 0.122670
v 1.523081 0.733016 0.122779
v 1.523018 0.737081 0.122776
v 1.520195 0.740000 0.122645
v 1.516898 0.740000 0.122492
v 1.511070 0.740000 0.122222
v 1.495288 0.740000 0.121490
v 1.489422 0.710000 0.243031
v 1.486931 0.710000 0.242802
v 1.490816 0.710000 0.243159
v 1.492346 0.710636 0.243299
v 1.493332 0.711626 0.243389
v 1.495093 0.713394 0.243551
v 1.507777 0.726129 0.244714
v 1.512303 0.730672 0.245129
v 1.514638 0.733016 0.245343
v 1.514575 0.737081 0.245337
v 1.511761 0.740000 0.245079
v 1.508474 0.740000 0.244778
v 1.502664 0.740000 0.244245
v 1.486931 0.740000 0.242802
v 1.477083 0.710000 0.348266
v 1.474606 0.710000 0.347923
v 1.478471 0.710000 0.348458
v 1.479993 0.710636 0.348669
v 1.480974 0.711626 0.348804
v 1.482725 0.713394 0.349047
v 1.495343 0.726129 0.350794
v 1.499844 0.730672 0.351417
v 1.502167 0.733016 0.351739
v 1.502104 0.737081 0.351730
v 1.499305 0.740000 0.351343
v 1.496036 0.740000 0.350890
v 1.490257 0.740000 0.350090
v 1.474606 0.740000 0.347923
v 1.469544 0.710000 0.398286
v 1.467082 0.710000 0.397854
v 1.470924 0.710000 0.398528
v 1.472437 0.710636 0.398793
v 1.473412 0.711626 0.398964
v 1.475153 0.713394 0.399269
v 1.487697 0.726129 0.401468
v 1.492173 0.730672 0.402252
v 1.494481 0.733016 0.402657
v 1.494419 0.737081 0.402646
v 1.491636 0.740000 0.402158
v 1.488386 0.740000 0.401589
v 1.482641 0.740000 0.400582
v 1.467082 0.740000 0.397854
v 1.463003 0.710000 0.428264
v 1.460626 0.710000 0.427379
v 1.464334 0.710000 0.428759
v 1.465796 0.710636 0.429303
v 1.466737 0.711626 0.429654
v 1.468418 0.713394 0.430280
v 1.480527 0.726129 0.434788
v 1.484847 0.730672 0.436396
v 1.487076 0.733016 0.437226
v 1.487016 0.737081 0.437204
v 1.484330 0.740000 0.436203
v 1.481192 0.740000 0.435035
v 1.475645 0.740000 0.432971
v 1.460626 0.740000 0.427379
v 1.448323 0.710000 0.451398
v 1.446506 0.710000 0.449549
v 1.449340 0.710000 0.452433
v 1.450457 0.710636 0.453569
v 1.451176 0.711626 0.454301
v 1.452461 0.713394 0.455608
v 1.461716 0.726129 0.465025
v 1.465018 0.730672 0.468385
v 1.466722 0.733016 0.470118
v 1.466676 0.737081 0.470071
v 1.464622 0.740000 0.467982
v 1.462224 0.740000 0.465542
v 1.457985 0.740000 0.461229
v 1.446506 0.740000 0.449549
v 1.425012 0.710000 0.463802
v 1.424248 0.710000 0.461365
v 1.425439 0.710000 0.465166
v 1.425909 0.710636 0.466664
v 1.426211 0.711626 0.467629
v 1.426751 0.713394 0.469352
v 1.430642 0.726129 0.481765
v 1.432030 0.730672 0.486193
v 1.432746 0.733016 0.488478
v 1.432727 0.737081 0.488417
v 1.431863 0.740000 0.485663
v 1.430855 0.740000 0.482446
v 1.429073 0.740000 0.476761
v 1.424248 0.740000 0.461365
v 1.395014 0.710000 0.469311
v 1.394820 0.710000 0.466818
v 1.395122 0.710000 0.470707
v 1.395241 0.710636 0.472239
v 1.395317 0.711626 0.473227
v 1.395454 0.713394 0.474989
v 1.396438 0.726129 0.487688
v 1.396790 0.730672 0.492218
v 1.396971 0.733016 0.494556
v 1.396966 0.737081 0.494493
v 1.396748 0.740000 0.491676
v 1.396493 0.740000 0.488385
v 1.396041 0.740000 0.482569
v 1.394820 0.740000 0.466818
v 1.339135 0.710000 0.473458
v 1.338996 0.710000 0.470962
v 1.339212 0.710000 0.474856
v 1.339298 0.710636 0.476390
v 1.339353 0.711626 0.477378
v 1.339451 0.713394 0.479143
v 1.340157 0.726129 0.491858
v 1.340409 0.730672 0.496394
v 1.340539 0.733016 0.498734
v 1.340535 0.737081 0.498672
v 1.340379 0.740000 0.495850
v 1.340196 0.740000 0.492556
v 1.339872 0.740000 0.486732
v 1.338996 0.740000 0.470962
v 1.223388 0.710000 0.480005
v 1.223260 0.710000 0.477508
v 1.223460 0.710000 0.481403
v 1.223539 0.710636 0.482937
v 1.223590 0.711626 0.483926
v 1.223680 0.713394 0.485691
v 1.224334 0.726129 0.498409
v 1.224567 0.730672 0.502946
v 1.224687 0.733016 0.505287
v 1.224684 0.737081 0.505224
v 1.224539 0.740000 0.502402
v 1.224370 0.740000 0.499107
v 1.224070 0.740000 0.493282
v 1.223260 0.740000 0.477508
v 1.055452 0.710000 0.487748
v 1.055343 0.710000 0.485251
v 1.055514 0.710000 0.489147
v 1.055581 0.710636 0.490682
v 1.055625 0.711626 0.491671
v 1.055702 0.713394 0.493437
v 1.056262 0.726129 0.506159
v 1.056461 0.730672 0.510698
v 1.056564 0.733016 0.513039
v 1.056562 0.737081 0.512977
v 1.056437 0.740000 0.510154
v 1.056293 0.740000 0.506857
v 1.056036 0.740000 0.501030
v 1.055343 0.740000 0.485251
v 0.843795 0.710000 0.495370
v 0.843707 0.710000 0.492872
v 0.843845 0.710000 0.496769
v 0.843899 0.710636 0.498305
v 0.843933 0.711626 0.499294
v 0.843996 0.713394 0.501061
v 0.844444 0.726129 0.513787
v 0.844604 0.730672 0.518327
v 0.844687 0.733016 0.520670
v 0.844684 0.737081 0.520607
v 0.844585 0.740000 0.517783
v 0.844469 0.740000 0.514486
v 0.844263 0.740000 0.508657
v 0.843708 0.740000 0.492872
v 0.632362 0.710000 0.501867
v 0.632295 0.710000 0.499368
v 0.632398 0.710000 0.503266
v 0.632439 0.710636 0.504802
v 0.632465 0.711626 0.505792
v 0.632512 0.713394 0.507559
v 0.632848 0.726129 0.520289
v 0.632969 0.730672 0.524830
v 0.633030 0.733016 0.527173
v 0.633029 0.737081 0.527111
v 0.632954 0.740000 0.524286
v 0.632867 0.740000 0.520988
v 0.632713 0.740000 0.515157
v 0.632296 0.740000 0.499368
v 0.421222 0.710000 0.506486
v 0.421178 0.710000 0.503986
v 0.421246 0.710000 0.507886
v 0.421273 0.710636 0.509422
v 0.421290 0.711626 0.510412
v 0.421322 0.713394 0.512179
v 0.421545 0.726129 0.524912
v 0.421625 0.730672 0.529454
v 0.421666 0.733016 0.531798
v 0.421665 0.737081 0.531735
v 0.421615 0.740000 0.528910
v 0.421557 0.740000 0.525610
v 0.421455 0.740000 0.519779
v 0.421178 0.740000 0.503986
v 0.000000 0.740000 0.133814
v 0.217916 0.740000 0.133594
v 0.435721 0.740000 0.132921
v 0.653412 0.740000 0.131794
v 0.870986 0.740000 0.130215
v 1.088440 0.740000 0.128185
v 1.261879 0.740000 0.126205
v 1.401978 0.740000 0.124398
v 0.000000 0.740000 0.267628
v 0.216462 0.740000 0.267194
v 0.432913 0.740000 0.265839
v 0.649342 0.740000 0.263565
v 0.865737 0.740000 0.260373
v 1.082081 0.740000 0.256268
v 1.254462 0.740000 0.252270
v 1.394049 0.740000 0.248616
v 0.000000 0.740000 0.401442
v 0.214040 0.740000 0.400800
v 0.428233 0.740000 0.398758
v 0.642561 0.740000 0.395316
v 0.856994 0.740000 0.390481
v 1.071491 0.740000 0.384260
v 1.242114 0.740000 0.378216
v 1.379662 0.740000 0.371854
v 0.000000 0.710000 0.133814
v 0.217916 0.710000 0.133594
v 0.435721 0.710000 0.132921
v 0.653412 0.710000 0.131794
v 0.870986 0.710000 0.130215
v 1.088440 0.710000 0.128185
v 1.261879 0.710000 0.126205
v 1.401978 0.710000 0.124398
v 0.000000 0.710000 0.267628
v 0.216462 0.710000 0.267194
v 0.432913 0.710000 0.265839
v 0.649342 0.710000 0.263565
v 0.865737 0.710000 0.260373
v 1.082081 0.710000 0.256268
v 1.254462 0.710000 0.252270
v 1.394049 0.710000 0.248616
v 0.000000 0.710000 0.401442
v 0.214040 0.710000 0.400800
v 0.428233 0.710000 0.398758
v 0.642561 0.710000 0.395316
v 0.856994 0.710000 0.390481
v 1.071491 0.710000 0.384260
v 1.242114 0.710000 0.378216
v 1.379662 0.710000 0.371854
v -0.210409 0.710000 -0.506719
v -0.210430 0.710000 -0.509218
v -0.210442 0.710000 -0.510618
v -0.210455 0.710636 -0.512155
v -0.210464 0.711626 -0.513144
v -0.210479 0.713394 -0.514912
v -0.210587 0.726128 -0.527646
v -0.210625 0.730672 -0.532189
v -0.210645 0.733016 -0.534533
v -0.210645 0.737081 -0.534470
v -0.210621 0.740000 -0.531645
v -0.210593 0.740000 -0.528345
v -0.210543 0.740000 -0.522513
v -0.210409 0.740000 -0.506719
v -1.498212 0.710000 -0.000000
v -1.500713 0.710000 -0.000000
v -1.497786 0.710000 -0.121606
v -1.495288 0.710000 -0.121490
v -1.502113 0.710000 -0.000000
v -1.499185 0.710000 -0.121671
v -1.503650 0.710636 -0.000000
v -1.500721 0.710636 -0.121742
v -1.504640 0.711626 -0.000000
v -1.501710 0.711626 -0.121788
v -1.506409 0.713394 -0.000000
v -1.503476 0.713394 -0.121870
v -1.519147 0.726129 -0.000000
v -1.516200 0.726129 -0.122460
v -1.523691 0.730672 -0.000000
v -1.520739 0.730672 -0.122670
v -1.526036 0.733016 -0.000000
v -1.523081 0.733016 -0.122779
v -1.525973 0.737081 -0.000000
v -1.523018 0.737081 -0.122776
v -1.523147 0.740000 -0.000000
v -1.520195 0.740000 -0.122645
v -1.519846 0.740000 -0.000000
v -1.516898 0.740000 -0.122492
v -1.514012 0.740000 -0.000000
v -1.511070 0.740000 -0.122222
v -1.498212 0.740000 -0.000000
v -1.495288 0.740000 -0.121490
v -1.489422 0.710000 -0.243031
v -1.486931 0.710000 -0.242802
v -1.490816 0.710000 -0.243159
v -1.492346 0.710636 -0.243299
v -1.493332 0.711626 -0.243389
v -1.495093 0.713394 -0.243551
v -1.507777 0.726129 -0.244714
v -1.512303 0.730672 -0.245129
v -1.514638 0.733016 -0.245343
v -1.514575 0.737081 -0.245337
v -1.511761 0.740000 -0.245079
v -1.508474 0.740000 -0.244778
v -1.502664 0.740000 -0.244245
v -1.486931 0.740000 -0.242802
v -1.477083 0.710000 -0.348266
v -1.474606 0.710000 -0.347923
v -1.478471 0.710000 -0.348458
v -1.479993 0.710636 -0.348669
v -1.480974 0.711626 -0.348804
v -1.482725 0.713394 -0.349047
v -1.495343 0.726129 -0.350794
v -1.499844 0.730672 -0.351417
v -1.502167 0.733016 -0.351739
v -1.502104 0.737081 -0.351730
v -1.499305 0.740000 -0.351343
v -1.496036 0.740000 -0.350890
v -1.490257 0.740000 -0.350090
v -1.474606 0.740000 -0.347923
v -1.469544 0.710000 -0.398286
v -1.467082 0.710000 -0.397854
v -1.470924 0.710000 -0.398528
v -1.472437 0.710636 -0.398793
v -1.473412 0.711626 -0.398964
v -1.475153 0.713394 -0.399269
v -1.487697 0.726129 -0.401468
v -1.492173 0.730672 -0.402252
v -1.494481 0.733016 -0.402657
v -1.494419 0.737081 -0.402646
v -1.491636 0.740000 -0.402158
v -1.488386 0.740000 -0.401589
v -1.482641 0.740000 -0.400582
v -1.467082 0.740000 -0.397854
v -1.463003 0.710000 -0.428264
v -1.460626 0.710000 -0.427379
v -1.464334 0.710000 -0.428759
v -1.465796 0.710636 -0.429303
v -1.466737 0.711626 -0.429654
v -1.468418 0.713394 -0.430280
v -1.480527 0.726129 -0.434788
v -1.484847 0.730672 -0.436396
v -1.487076 0.733016 -0.437226
v -1.487016 0.737081 -0.437204
v -1.484330 0.740000 -0.436203
v -1.481192 0.740000 -0.435035
v -1.475645 0.740000 -0.432971
v -1.460626 0.740000 -0.427379
v -1.448323 0.710000 -0.451398
v -1.446506 0.710000 -0.449549
v -1.449340 0.710000 -0.452433
v -1.450457 0.710636 -0.453569
v -1.451176 0.711626 -0.454301
v -1.452461 0.713394 -0.455608
v -1.461716 0.726129 -0.465025
v -1.465018 0.730672 -0.468385
v -1.466722 0.733016 -0.470118
v -1.466676 0.737081 -0.470071
v -1.464622 0.740000 -0.467982
v -1.462224 0.740000 -0.465542
v -1.457985 0.740000 -0.461229
v -1.446506 0.740000 -0.449549
v -1.425012 0.710000 -0.463802
v -1.424248 0.710000 -0.461365
v -1.425439 0.710000 -0.465166
v -1.425909 0.710636 -0.466664
v -1.426211 0.711626 -0.467629
v -1.426751 0.713394 -0.469352
v -1.430642 0.726129 -0.481765
v -1.432030 0.730672 -0.486193
v -1.432746 0.733016 -0.488478
v -1.432727 0.737081 -0.488417
v -1.431863 0.740000 -0.485663
v -1.430855 0.740000 -0.482446
v -1.429073 0.740000 -0.476761
v -1.424248 0.740000 -0.461365
v -1.395014 0.710000 -0.469311
v -1.394820 0.710000 -0.466818
v -1.395122 0.710000 -0.470707
v -1.395241 0.710636 -0.472239
v -1.395317 0.711626 -0.473227
v -1.395454 0.713394 -0.474989
v -1.396438 0.726129 -0.487688
v -1.396790 0.730672 -0.492218
v -1.396971 0.733016 -0.494556
v -1.396966 0.737081 -0.494493
v -1.396748 0.740000 -0.491676
v -1.396493 0.740000 -0.488385
v -1.396041 0.740000 -0.482569
v -1.394820 0.740000 -0.466818
v -1.339135 0.710000 -0.473458
v -1.338996 0.710000 -0.470962
v -1.339212 0.710000 -0.474856
v -1.339298 0.710636 -0.476390
v -1.339353 0.711626 -0.477378
v -1.339451 0.713394 -0.479143
v -1.340157 0.726129 -0.491858
v -1.340409 0.730672 -0.496394
v -1.340539 0.733016 -0.498734
v -1.340535 0.737081 -0.498672
v -1.340379 0.740000 -0.495850
v -1.340196 0.740000 -0.492556
v -1.339872 0.740000 -0.486732
v -1.338996 0.740000 -0.470962
v -1.223388 0.710000 -0.480005
v -1.223260 0.710000 -0.477508
v -1.223460 0.710000 -0.481403
v -1.223539 0.710636 -0.482937
v -1.223590 0.711626 -0.483926
v -1.223680 0.713394 -0.485691
v -1.224334 0.726129 -0.498409
v -1.224567 0.730672 -0.502946
v -1.224687 0.733016 -0.505287
v -1.224684 0.737081 -0.505224
v -1.224539 0.740000 -0.502402
v -1.224370 0.740000 -0.499107
v -1.224070 0.740000 -0.493282
v -1.223260 0.740000 -0.477508
v -1.055452 0.710000 -0.487748
v -1.055343 0.710000 -0.485251
v -1.055514 0.710000 -0.489147
v -1.055581 0.710636 -0.490682
v -1.055625 0.711626 -0.491671
v -1.055702 0.713394 -0.493437
v -1.056262 0.726128 -0.506159
v -1.056461 0.730672 -0.510698
v -1.056564 0.733016 -0.513039
v -1.056562 0.737081 -0.512977
v -1.056437 0.740000 -0.510154
v -1.056293 0.740000 -0.506857
v -1.056036 0.740000 -0.501030
v -1.055343 0.740000 -0.485251
v -0.843795 0.710000 -0.495370
v -0.843707 0.710000 -0.492872
v -0.843845 0.710000 -0.496769
v -0.843899 0.710636 -0.498305
v -0.843933 0.711626 -0.499294
v -0.843996 0.713394 -0.501061
v -0.844444 0.726128 -0.513787
v -0.844604 0.730672 -0.518327
v -0.844687 0.733016 -0.520670
v -0.844684 0.737081 -0.520607
v -0.844585 0.740000 -0.517783
v -0.844469 0.740000 -0.514486
v -0.844263 0.740000 -0.508657
v -0.843708 0.740000 -0.492872
v -0.632362 0.710000 -0.501867
v -0.632295 0.710000 -0.499368
v -0.632398 0.710000 -0.503266
v -0.632439 0.710636 -0.504802
v -0.632465 0.711626 -0.505792
v -0.632512 0.713394 -0.507559
v -0.632848 0.726128 -0.520289
v -0.632969 0.730672 -0.524830
v -0.633030 0.733016 -0.527173
v -0.633029 0.737081 -0.527111
v -0.632954 0.740000 -0.524286
v -0.632867 0.740000 -0.520988
v -0.632713 0.740000 -0.515157
v -0.632296 0.740000 -0.499368
v -0.421222 0.710000 -0.506486
v -0.421178 0.710000 -0.503986
v -0.421246 0.710000 -0.507886
v -0.421273 0.710636 -0.509422
v -0.421290 0.711626 -0.510412
v -0.421322 0.713394 -0.512179
v -0.421545 0.726128 -0.524912
v -0.421625 0.730672 -0.529454
v -0.421666 0.733016 -0.531798
v -0.421665 0.737081 -0.531735
v -0.421615 0.740000 -0.528910
v -0.421557 0.740000 -0.525611
v -0.421455 0.740000 -0.519779
v -0.421178 0.740000 -0.503986
v -0.217916 0.740000 -0.133594
v -0.218404 0.740000 -0.000000
v -0.435721 0.740000 -0.132921
v -0.436669 0.740000 -0.000000
v -0.653412 0.740000 -0.131794
v -0.654796 0.740000 -0.000000
v -0.870986 0.740000 -0.130215
v -0.872783 0.740000 -0.000000
v -1.088440 0.740000 -0.128185
v -1.090633 0.740000 -0.000000
v -1.261879 0.740000 -0.126205
v -1.264456 0.740000 -0.000000
v -1.401978 0.740000 -0.124398
v -1.404744 0.740000 -0.000000
v -0.216462 0.740000 -0.267194
v -0.432913 0.740000 -0.265839
v -0.649342 0.740000 -0.263565
v -0.865737 0.740000 -0.260373
v -1.082081 0.740000 -0.256268
v -1.254462 0.740000 -0.252270
v -1.394049 0.740000 -0.248616
v -0.214040 0.740000 -0.400800
v -0.428233 0.740000 -0.398758
v -0.642561 0.740000 -0.395316
v -0.856994 0.740000 -0.390482
v -1.071491 0.740000 -0.384260
v -1.242114 0.740000 -0.378216
v -1.379662 0.740000 -0.371854
v -0.218404 0.710000 -0.000000
v -0.217916 0.710000 -0.133594
v -0.436669 0.710000 -0.000000
v -0.435721 0.710000 -0.132921
v -0.654796 0.710000 -0.000000
v -0.653412 0.710000 -0.131794
v -0.872783 0.710000 -0.000000
v -0.870986 0.710000 -0.130215
v -1.090633 0.710000 -0.000000
v -1.088440 0.710000 -0.128185
v -1.264456 0.710000 -0.000000
v -1.261879 0.710000 -0.126205
v -1.404744 0.710000 -0.000000
v -1.401978 0.710000 -0.124398
v -0.216462 0.710000 -0.267194
v -0.432913 0.710000 -0.265839
v -0.649342 0.710000 -0.263565
v -0.865737 0.710000 -0.260373
v -1.082081 0.710000 -0.256268
v -1.254462 0.710000 -0.252270
v -1.394049 0.710000 -0.248616
v -0.214040 0.710000 -0.400800
v -0.428233 0.710000 -0.398758
v -0.642561 0.710000 -0.395316
v -0.856994 0.710000 -0.390481
v -1.071491 0.710000 -0.384260
v -1.242114 0.710000 -0.378216
v -1.379662 0.710000 -0.371854
v -0.210409 0.710000 0.506718
v -0.210430 0.710000 0.509218
v -0.210442 0.710000 0.510618
v -0.210455 0.710636 0.512154
v -0.210464 0.711626 0.513144
v -0.210479 0.713394 0.514912
v -0.210587 0.726129 0.527646
v -0.210625 0.730672 0.532189
v -0.210645 0.733016 0.534533
v -0.210645 0.737081 0.534470
v -0.210621 0.740000 0.531645
v -0.210593 0.740000 0.528345
v -0.210543 0.740000 0.522513
v -0.210409 0.740000 0.506718
v -1.495288 0.710000 0.121490
v -1.497786 0.710000 0.121606
v -1.499185 0.710000 0.121671
v -1.500721 0.710636 0.121742
v -1.501710 0.711626 0.121788
v -1.503476 0.713394 0.121870
v -1.516200 0.726129 0.122460
v -1.520739 0.730672 0.122670
v -1.523081 0.733016 0.122779
v -1.523018 0.737081 0.122776
v -1.520195 0.740000 0.122645
v -1.516898 0.740000 0.122492
v -1.511070 0.740000 0.122222
v -1.495288 0.740000 0.121490
v -1.486931 0.710000 0.242802
v -1.489422 0.710000 0.243031
v -1.490816 0.710000 0.243159
v -1.492346 0.710636 0.243299
v -1.493332 0.711626 0.243389
v -1.495093 0.713394 0.243551
v -1.507777 0.726129 0.244714
v -1.512303 0.730672 0.245129
v -1.514638 0.733016 0.245343
v -1.514575 0.737081 0.245337
v -1.511761 0.740000 0.245079
v -1.508474 0.740000 0.244778
v -1.502664 0.740000 0.244245
v -1.486931 0.740000 0.242802
v -1.474606 0.710000 0.347923
v -1.477083 0.710000 0.348266
v -1.478471 0.710000 0.348458
v -1.479993 0.710636 0.348669
v -1.480974 0.711626 0.348804
v -1.482725 0.713394 0.349047
v -1.495343 0.726129 0.350794
v -1.499844 0.730672 0.351417
v -1.502167 0.733016 0.351739
v -1.502104 0.737081 0.351730
v -1.499305 0.740000 0.351343
v -1.496036 0.740000 0.350890
v -1.490257 0.740000 0.350090
v -1.474606 0.740000 0.347923
v -1.467082 0.710000 0.397854
v -1.469544 0.710000 0.398286
v -1.470924 0.710000 0.398528
v -1.472437 0.710636 0.398793
v -1.473412 0.711626 0.398964
v -1.475153 0.713394 0.399269
v -1.487697 0.726129 0.401468
v -1.492173 0.730672 0.402252
v -1.494481 0.733016 0.402657
v -1.494419 0.737081 0.402646
v -1.491636 0.740000 0.402158
v -1.488386 0.740000 0.401589
v -1.482641 0.740000 0.400582
v -1.467082 0.740000 0.397854
v -1.460626 0.710000 0.427379
v -1.463003 0.710000 0.428264
v -1.464334 0.710000 0.428759
v -1.465796 0.710636 0.429303
v -1.466737 0.711626 0.429654
v -1.468418 0.713394 0.430280
v -1.480527 0.726129 0.434788
v -1.484847 0.730672 0.436396
v -1.487076 0.733016 0.437226
v -1.487016 0.737081 0.437204
v -1.484330 0.740000 0.436203
v -1.481192 0.740000 0.435035
v -1.475645 0.740000 0.432971
v -1.460626 0.740000 0.427379
v -1.446506 0.710000 0.449549
v -1.448323 0.710000 0.451398
v -1.449340 0.710000 0.452433
v -1.450457 0.710636 0.453569
v -1.451176 0.711626 0.454301
v -1.452461 0.713394 0.455608
v -1.461716 0.726129 0.465025
v -1.465018 0.730672 0.468385
v -1.466722 0.733016 0.470118
v -1.466676 0.737081 0.470071
v -1.464622 0.740000 0.467982
v -1.462224 0.740000 0.465542
v -1.457985 0.740000 0.461229
v -1.446506 0.740000 0.449549
v -1.424248 0.710000 0.461365
v -1.425012 0.710000 0.463802
v -1.425439 0.710000 0.465166
v -1.425909 0.710636 0.466664
v -1.426211 0.711626 0.467629
v -1.426751 0.713394 0.469352
v -1.430642 0.726129 0.481765
v -1.432030 0.730672 0.486193
v -1.432746 0.733016 0.488478
v -1.432727 0.737081 0.488417
v -1.431863 0.740000 0.485663
v -1.430855 0.740000 0.482446
v -1.429073 0.740000 0.476761
v -1.424248 0.740000 0.461365
v -1.394820 0.710000 0.466818
v -1.395014 0.710000 0.469311
v -1.395122 0.710000 0.470707
v -1.395241 0.710636 0.472239
v -1.395317 0.711626 0.473227
v -1.395454 0.713394 0.474989
v -1.396438 0.726129 0.487688
v -1.396790 0.730672 0.492218
v -1.396971 0.733016 0.494556
v -1.396966 0.737081 0.494493
v -1.396748 0.740000 0.491676
v -1.396493 0.740000 0.488385
v -1.396041 0.740000 0.482569
v -1.394820 0.740000 0.466818
v -1.338996 0.710000 0.470962
v -1.339135 0.710000 0.473458
v -1.339212 0.710000 0.474856
v -1.339298 0.710636 0.476390
v -1.339353 0.711626 0.477378
v -1.339451 0.713394 0.479143
v -1.340157 0.726129 0.491858
v -1.340409 0.730672 0.496394
v -1.340539 0.733016 0.498734
v -1.340535 0.737081 0.498672
v -1.340379 0.740000 0.495850
v -1.340196 0.740000 0.492556
v -1.339872 0.740000 0.486732
v -1.338996 0.740000 0.470962
v -1.223260 0.710000 0.477508
v -1.223388 0.710000 0.480005
v -1.223460 0.710000 0.481403
v -1.223539 0.710636 0.482937
v -1.223590 0.711626 0.483926
v -1.223680 0.713394 0.485691
v -1.224334 0.726129 0.498409
v -1.224567 0.730672 0.502946
v -1.224687 0.733016 0.505287
v -1.224684 0.737081 0.505224
v -1.224539 0.740000 0.502402
v -1.224370 0.740000 0.499107
v -1.224070 0.740000 0.493282
v -1.223260 0.740000 0.477508
v -1.055343 0.710000 0.485251
v -1.055452 0.710000 0.487748
v -1.055514 0.710000 0.489147
v -1.055581 0.710636 0.490682
v -1.055625 0.711626 0.491671
v -1.055702 0.713394 0.493437
v -1.056262 0.726129 0.506159
v -1.056461 0.730672 0.510698
v -1.056564 0.733016 0.513039
v -1.056562 0.737081 0.512977
v -1.056437 0.740000 0.510154
v -1.056293 0.740000 0.506857
v -1.056036 0.740000 0.501030
v -1.055343 0.740000 0.485251
v -0.843707 0.710000 0.492872
v -0.843795 0.710000 0.495370
v -0.843845 0.710000 0.496769
v -0.843899 0.710636 0.498305
v -0.843933 0.711626 0.499294
v -0.843996 0.713394 0.501061
v -0.844444 0.726129 0.513787
v -0.844604 0.730672 0.518327
v -0.844687 0.733016 0.520670
v -0.844684 0.737081 0.520607
v -0.844585 0.740000 0.517783
v -0.844469 0.740000 0.514486
v -0.844263 0.740000 0.508657
v -0.843708 0.740000 0.492872
v -0.632295 0.710000 0.499368
v -0.632362 0.710000 0.501867
v -0.632398 0.710000 0.503266
v -0.632439 0.710636 0.504802
v -0.632465 0.711626 0.505792
v -0.632512 0.713394 0.507559
v -0.632848 0.726129 0.520289
v -0.632969 0.730672 0.524830
v -0.633030 0.733016 0.527173
v -0.633029 0.737081 0.527111
v -0.632954 0.740000 0.524286
v -0.632867 0.740000 0.520988
v -0.632713 0.740000 0.515157
v -0.632296 0.740000 0.499368
v -0.421178 0.710000 0.503986
v -0.421222 0.710000 0.506486
v -0.421246 0.710000 0.507886
v -0.421273 0.710636 0.509422
v -0.421290 0.711626 0.510412
v -0.421322 0.713394 0.512179
v -0.421545 0.726129 0.524912
v -0.421625 0.730672 0.529454
v -0.421666 0.733016 0.531798
v -0.421665 0.737081 0.531735
v -0.421615 0.740000 0.528910
v -0.421557 0.740000 0.525610
v -0.421455 0.740000 0.519779
v -0.421178 0.740000 0.503986
v -0.217916 0.740000 0.133594
v -0.435721 0.740000 0.132921
v -0.653412 0.740000 0.131794
v -0.870986 0.740000 0.130215
v -1.088440 0.740000 0.128185
v -1.261879 0.740000 0.126205
v -1.401978 0.740000 0.124398
v -0.216462 0.740000 0.267194
v -0.432913 0.740000 0.265839
v -0.649342 0.740000 0.263565
v -0.865737 0.740000 0.260373
v -1.082081 0.740000 0.256268
v -1.254462 0.740000 0.252270
v -1.394049 0.740000 0.248616
v -0.214040 0.740000 0.400800
v -0.428233 0.740000 0.398758
v -0.642561 0.740000 0.395316
v -0.856994 0.740000 0.390481
v -1.071491 0.740000 0.384260
v -1.242114 0.740000 0.378216
v -1.379662 0.740000 0.371854
v -0.217916 0.710000 0.133594
v -0.435721 0.710000 0.132921
v -0.653412 0.710000 0.131794
v -0.870986 0.710000 0.130215
v -1.088440 0.710000 0.128185
v -1.261879 0.710000 0.126205
v -1.401978 0.710000 0.124398
v -0.216462 0.710000 0.267194
v -0.432913 0.710000 0.265839
v -0.649342 0.710000 0.263565
v -0.865737 0.710000 0.260373
v -1.082081 0.710000 0.256268
v -1.254462 0.710000 0.252270
v -1.394049 0.710000 0.248616
v -0.214040 0.710000 0.400800
v -0.428233 0.710000 0.398758
v -0.642561 0.710000 0.395316
v -0.856994 0.710000 0.390481
v -1.071491 0.710000 0.384260
v -1.242114 0.710000 0.378216
v -1.379662 0.710000 0.371854
v 1.070000 0.545141 0.275967
v 1.070000 0.582196 0.262441
v 1.070000 0.590646 0.278334
v 1.070000 0.549799 0.293353
v 1.070000 0.595341 0.287164
v 1.070000 0.552388 0.303013
v 1.063598 0.602994 0.301556
v 1.063598 0.556607 0.318758
v 1.048493 0.609041 0.312929
v 1.048493 0.559940 0.331200
v 1.030000 0.610966 0.316549
v 1.030000 0.561002 0.335160
v 1.011507 0.609041 0.312929
v 1.011507 0.559940 0.331200
v 0.996403 0.602994 0.301556
v 0.996403 0.556607 0.318758
v 0.990000 0.595341 0.287164
v 0.990000 0.552388 0.303013
v 0.990000 0.590646 0.278334
v 0.990000 0.549800 0.293353
v 0.990000 0.582196 0.262441
v 0.990000 0.545141 0.275967
v 1.070000 0.613948 0.237848
v 1.070000 0.626675 0.250576
v 1.070000 0.633747 0.257647
v 1.063598 0.645273 0.269174
v 1.048493 0.654381 0.278281
v 1.030000 0.657280 0.281181
v 1.011507 0.654381 0.278281
v 0.996403 0.645273 0.269174
v 0.990000 0.633747 0.257647
v 0.990000 0.626675 0.250576
v 0.990000 0.613948 0.237848
v 1.070000 0.637422 0.207256
v 1.070000 0.653010 0.216256
v 1.070000 0.661670 0.221256
v 1.063598 0.675787 0.229407
v 1.048493 0.686942 0.235847
v 1.030000 0.690493 0.237897
v 1.011507 0.686942 0.235847
v 0.996403 0.675788 0.229407
v 0.990000 0.661670 0.221256
v 0.990000 0.653010 0.216256
v 0.990000 0.637422 0.207256
v 1.070000 0.651962 0.171085
v 1.070000 0.669265 0.176046
v 1.070000 0.678878 0.178803
v 1.063598 0.694547 0.183296
v 1.048493 0.706928 0.186846
v 1.030000 0.710870 0.187976
v 1.011507 0.706928 0.186846
v 0.996403 0.694547 0.183296
v 0.990000 0.678878 0.178803
v 0.990000 0.669265 0.176046
v 0.990000 0.651962 0.171085
v 1.070000 0.655000 0.144796
v 1.070000 0.673000 0.145736
v 1.070000 0.683000 0.146258
v 1.063598 0.699301 0.147109
v 1.048493 0.712180 0.147781
v 1.030000 0.716281 0.147996
v 1.011507 0.712180 0.147781
v 0.996403 0.699301 0.147109
v 0.990000 0.683000 0.146258
v 0.990000 0.673000 0.145736
v 0.990000 0.655000 0.144796
v 1.070000 0.655000 0.125000
v 1.070000 0.673000 0.125000
v 1.070000 0.683000 0.125000
v 1.063598 0.699301 0.125000
v 1.048493 0.712180 0.125000
v 1.030000 0.716281 0.125000
v 1.011507 0.712180 0.125000
v 0.996403 0.699301 0.125000
v 0.990000 0.683000 0.125000
v 0.990000 0.673000 0.125000
v 0.990000 0.655000 0.125000
v 1.070000 0.655000 0.090000
v 1.070000 0.673000 0.090000
v 1.070000 0.683000 0.090000
v 1.063597 0.699301 0.090000
v 1.048493 0.712180 0.090000
v 1.030000 0.716281 0.090000
v 1.011507 0.712180 0.090000
v 0.996402 0.699301 0.090000
v 0.990000 0.683000 0.090000
v 0.990000 0.673000 0.090000
v 0.990000 0.655000 0.090000
v 1.070000 0.521869 0.278994
v 1.070000 0.524198 0.296687
v 1.070000 0.525492 0.306517
v 1.063598 0.527602 0.322540
v 1.048493 0.529269 0.335201
v 1.030000 0.529799 0.339231
v 1.011507 0.529269 0.335201
v 0.996403 0.527602 0.322540
v 0.990000 0.525492 0.306517
v 0.990000 0.524198 0.296687
v 0.990000 0.521869 0.278994
v 1.070000 0.479014 0.302235
v 1.070000 0.476685 0.284542
v 1.070000 0.480308 0.312065
v 1.063598 0.482418 0.328088
v 1.048493 0.484085 0.340749
v 1.030000 0.484615 0.344779
v 1.011507 0.484085 0.340749
v 0.996403 0.482418 0.328088
v 0.990000 0.480308 0.312065
v 0.990000 0.479014 0.302235
v 0.990000 0.476685 0.284542
v 1.070000 0.063775 0.331094
v 1.070000 0.050563 0.341050
v 1.070000 0.044569 0.328448
v 1.070000 0.061955 0.325322
v 1.070000 0.042576 0.347068
v 1.070000 0.034909 0.330184
v 1.063598 0.029558 0.356878
v 1.063598 0.019164 0.333015
v 1.048493 0.019271 0.364630
v 1.048493 0.006723 0.335251
v 1.030000 0.015997 0.367098
v 1.030000 0.002762 0.335963
v 1.011507 0.019271 0.364630
v 1.011507 0.006723 0.335251
v 0.996402 0.029558 0.356879
v 0.996402 0.019164 0.333015
v 0.990000 0.042576 0.347068
v 0.990000 0.034909 0.330184
v 0.990000 0.050563 0.341050
v 0.990000 0.044569 0.328448
v 0.990000 0.063775 0.331094
v 0.990000 0.061955 0.325322
v 1.070000 0.044569 0.314396
v 1.070000 0.061955 0.314396
v 1.070000 0.034909 0.314396
v 1.063598 0.019164 0.314396
v 1.048493 0.006723 0.314396
v 1.030000 0.002762 0.314396
v 1.011507 0.006723 0.314396
v 0.996402 0.019164 0.314396
v 0.990000 0.034909 0.314396
v 0.990000 0.044569 0.314396
v 0.990000 0.061955 0.314396
v 1.070000 0.068186 0.334219
v 1.070000 0.075000 0.334186
v 1.070000 0.074251 0.351570
v 1.070000 0.061799 0.350027
v 1.070000 0.073336 0.361757
v 1.070000 0.058053 0.359299
v 1.063598 0.073913 0.378110
v 1.063598 0.051947 0.374413
v 1.048493 0.074368 0.391031
v 1.048493 0.047122 0.386355
v 1.030000 0.074513 0.395144
v 1.030000 0.045586 0.390157
v 1.011507 0.074368 0.391031
v 1.011507 0.047122 0.386355
v 0.996402 0.073913 0.378110
v 0.996402 0.051947 0.374413
v 0.990000 0.073336 0.361757
v 0.990000 0.058053 0.359299
v 0.990000 0.074251 0.351570
v 0.990000 0.061799 0.350027
v 0.990000 0.075000 0.334186
v 0.990000 0.068186 0.334219
v 1.070000 0.044569 0.280000
v 1.070000 0.061955 0.280000
v 1.070000 0.034909 0.280000
v 1.063598 0.019164 0.280000
v 1.048493 0.006723 0.280000
v 1.030000 0.002762 0.280000
v 1.011507 0.006723 0.280000
v 0.996402 0.019164 0.280000
v 0.990000 0.034909 0.280000
v 0.990000 0.044569 0.280000
v 0.990000 0.061955 0.280000
v 1.070000 0.090000 0.332344
v 1.070000 0.089342 0.349717
v 1.070000 0.088634 0.359879
v 1.063598 0.090621 0.376058
v 1.048493 0.092190 0.388843
v 1.030000 0.092690 0.392912
v 1.011507 0.092190 0.388843
v 0.996402 0.090621 0.376058
v 0.990000 0.088634 0.359879
v 0.990000 0.089342 0.349717
v 0.990000 0.090000 0.332344
v 1.070000 0.116138 0.329133
v 1.070000 0.116138 0.346427
v 1.070000 0.117357 0.356352
v 1.063598 0.119344 0.372532
v 1.048493 0.120913 0.385316
v 1.030000 0.121413 0.389386
v 1.011507 0.120913 0.385316
v 0.996402 0.119344 0.372532
v 0.990000 0.117357 0.356352
v 0.990000 0.116138 0.346427
v 0.990000 0.116138 0.329133
v 1.070000 0.237097 0.331696
v 1.070000 0.236320 0.314269
v 1.070000 0.356503 0.299405
v 1.070000 0.358055 0.316966
v 1.070000 0.238341 0.341590
v 1.070000 0.359324 0.326827
v 1.063598 0.240368 0.357717
v 1.063598 0.361393 0.342902
v 1.048493 0.241970 0.370460
v 1.048493 0.363027 0.355604
v 1.030000 0.242480 0.374517
v 1.030000 0.363548 0.359648
v 1.011507 0.241970 0.370460
v 1.011507 0.363027 0.355604
v 0.996403 0.240368 0.357717
v 0.996403 0.361393 0.342903
v 0.990000 0.238341 0.341590
v 0.990000 0.359324 0.326827
v 0.990000 0.237097 0.331696
v 0.990000 0.358056 0.316966
v 0.990000 0.236320 0.314269
v 0.990000 0.356503 0.299405
v 1.070000 0.044569 0.140000
v 1.070000 0.061955 0.140000
v 1.070000 0.034909 0.140000
v 1.063598 0.019164 0.140000
v 1.048493 0.006723 0.140000
v 1.030000 0.002762 0.140000
v 1.011507 0.006723 0.140000
v 0.996402 0.019164 0.140000
v 0.990000 0.034909 0.140000
v 0.990000 0.044569 0.140000
v 0.990000 0.061955 0.140000
v 1.070000 0.655000 0.055000
v 1.070000 0.673000 0.055000
v 1.070000 0.683000 0.055000
v 1.063597 0.699301 0.055000
v 1.048493 0.712180 0.055000
v 1.030000 0.716281 0.055000
v 1.011507 0.712180 0.055000
v 0.996402 0.699301 0.055000
v 0.990000 0.683000 0.055000
v 0.990000 0.673000 0.055000
v 0.990000 0.655000 0.055000
v 0.990000 0.540000 0.256532
v 0.990000 0.517411 0.259427
v 0.990000 0.575000 0.244965
v 0.990000 0.605000 0.224676
v 0.990000 0.630000 0.196825
v 0.990000 0.645000 0.166057
v 0.990000 0.475000 0.264651
v 0.990000 0.077000 0.313480
v 0.990000 0.090000 0.312241
v 0.990000 0.116138 0.309030
v 0.990000 0.235759 0.294237
v 0.990000 0.355379 0.279444
v 0.990000 0.530000 0.223424
v 0.990000 0.510000 0.225944
v 0.990000 0.565000 0.213425
v 0.990000 0.600000 0.193173
v 0.990000 0.625000 0.167553
v 0.990000 0.642000 0.135541
v 0.990000 0.475000 0.230255
v 0.990000 0.077000 0.279084
v 0.990000 0.090000 0.277845
v 0.990000 0.116138 0.274633
v 0.990000 0.235759 0.259840
v 0.990000 0.355379 0.245048
v 1.070000 0.655000 0.033999
v 1.070000 0.673000 0.033999
v 1.070000 0.683000 0.033999
v 1.063597 0.699301 0.033999
v 1.048493 0.712180 0.033999
v 1.030000 0.716281 0.033999
v 1.011507 0.712180 0.033999
v 0.996402 0.699301 0.033999
v 0.990000 0.683000 0.033999
v 0.990000 0.673000 0.033999
v 0.990000 0.655000 0.033999
v 0.990000 0.512485 0.112792
v 0.990000 0.492985 0.114020
v 0.990000 0.555000 0.107412
v 0.990000 0.595000 0.097726
v 0.990000 0.620000 0.086092
v 0.990000 0.640000 0.072352
v 0.990000 0.475000 0.115127
v 0.990000 0.077000 0.139542
v 0.990000 0.090000 0.138922
v 0.990000 0.116138 0.137317
v 0.990000 0.235759 0.129920
v 0.990000 0.355379 0.122523
v 1.070000 0.517411 0.259427
v 1.070000 0.540000 0.256532
v 1.070000 0.575000 0.244965
v 1.070000 0.605000 0.224676
v 1.070000 0.630000 0.196826
v 1.070000 0.645000 0.166057
v 1.070000 0.475000 0.264651
v 1.070000 0.077000 0.313480
v 1.070000 0.090000 0.312241
v 1.070000 0.116138 0.309030
v 1.070000 0.235759 0.294237
v 1.070000 0.355379 0.279444
v 1.070000 0.510000 0.225944
v 1.070000 0.530000 0.223424
v 1.070000 0.565000 0.213425
v 1.070000 0.600000 0.193173
v 1.070000 0.625000 0.167553
v 1.070000 0.642000 0.135541
v 1.070000 0.475000 0.230255
v 1.070000 0.077000 0.279084
v 1.070000 0.090000 0.277845
v 1.070000 0.116138 0.274633
v 1.070000 0.235759 0.259840
v 1.070000 0.355379 0.245048
v 1.070000 0.492985 0.114020
v 1.070000 0.512485 0.112792
v 1.070000 0.555000 0.107412
v 1.070000 0.595000 0.097726
v 1.070000 0.620000 0.086092
v 1.070000 0.640000 0.072352
v 1.070000 0.475000 0.115127
v 1.070000 0.077000 0.139542
v 1.070000 0.090000 0.138922
v 1.070000 0.116138 0.137316
v 1.070000 0.235759 0.129920
v 1.070000 0.355379 0.122523
v 1.070000 0.044569 -0.000000
v 1.070000 0.061955 -0.000000
v 1.070000 0.034909 -0.000000
v 1.063597 0.019164 -0.000000
v 1.048493 0.006723 -0.000000
v 1.030000 0.002762 -0.000000
v 1.011507 0.006723 -0.000000
v 0.996402 0.019164 -0.000000
v 0.990000 0.034909 -0.000000
v 0.990000 0.044569 -0.000000
v 0.990000 0.061955 -0.000000
v 0.990000 0.512484 0.033999
v 0.990000 0.492985 0.033999
v 0.990000 0.555000 0.033999
v 0.990000 0.595000 0.033999
v 0.990000 0.620000 0.033999
v 0.990000 0.640000 0.033999
v 0.990000 0.479320 0.033999
v 0.990000 0.077000 -0.000000
v 0.990000 0.090000 -0.000000
v 0.990000 0.116138 -0.000000
v 1.070000 0.492985 0.033999
v 1.070000 0.512484 0.033999
v 1.070000 0.555000 0.033999
v 1.070000 0.595000 0.033999
v 1.070000 0.620000 0.033999
v 1.070000 0.640000 0.033999
v 1.070000 0.479320 0.033999
v 1.070000 0.077000 -0.000000
v 1.070000 0.090000 -0.000000
v 1.070000 0.116138 -0.000000
v 0.990000 0.235759 -0.000000
v 0.990000 0.355379 -0.000000
v 1.070000 0.355379 -0.000000
v 1.070000 0.235759 -0.000000
v 0.994000 0.464357 0.019398
v 1.030000 0.464357 0.019398
v 1.030000 0.457997 -0.000000
v 0.994000 0.457997 -0.000000
v 0.994000 0.480515 0.029999
v 1.030000 0.480515 0.029999
v 0.994000 0.492985 0.029999
v 1.030000 0.492985 0.029999
v 0.994000 0.512484 0.029999
v 1.030000 0.512484 0.029999
v 0.994000 0.555000 0.029999
v 1.030000 0.555000 0.029999
v 0.994000 0.595000 0.029999
v 1.030000 0.595000 0.029999
v 0.994000 0.620000 0.029999
v 1.030000 0.620000 0.029999
v 0.994000 0.640000 0.029999
v 1.030000 0.640000 0.029999
v 0.994000 0.655000 0.029999
v 1.030000 0.655000 0.029999
v 0.994000 0.673000 0.029999
v 1.030000 0.673000 0.029999
v 0.994000 0.682242 0.029999
v 1.030000 0.682242 0.029999
v 0.999760 0.696906 0.029999
v 1.013345 0.708491 0.029999
v 1.030000 0.712184 0.029999
v 1.046655 0.708491 0.029999
v 1.066000 0.464357 0.019398
v 1.066000 0.457997 -0.000000
v 1.066000 0.480515 0.029999
v 1.066000 0.492985 0.029999
v 1.066000 0.512484 0.029999
v 1.066000 0.555000 0.029999
v 1.066000 0.595000 0.029999
v 1.066000 0.620000 0.029999
v 1.066000 0.640000 0.029999
v 1.066000 0.655000 0.029999
v 1.066000 0.673000 0.029999
v 1.066000 0.682242 0.029999
v 1.060241 0.696906 0.029999
v 1.068700 0.673000 0.029999
v 1.068700 0.655000 0.029999
v 1.068700 0.682753 0.029999
v 1.062506 0.698522 0.029999
v 1.047896 0.710981 0.029999
v 1.030000 0.714950 0.029999
v 1.012105 0.710981 0.029999
v 0.997493 0.698522 0.029999
v 0.991300 0.682753 0.029999
v 0.991300 0.673000 0.029999
v 0.991300 0.655000 0.029999
v 0.991300 0.640000 0.029999
v 0.991300 0.620000 0.029999
v 0.991300 0.595000 0.029999
v 0.991300 0.555000 0.029999
v 0.991300 0.512484 0.029999
v 0.991300 0.492985 0.029999
v 0.991300 0.480515 0.029999
v 0.991300 0.464357 0.019398
v 0.991300 0.457997 -0.000000
v 1.068700 0.464357 0.019398
v 1.068700 0.457997 -0.000000
v 1.068700 0.480515 0.029999
v 1.068700 0.492985 0.029999
v 1.068700 0.512484 0.029999
v 1.068700 0.555000 0.029999
v 1.068700 0.595000 0.029999
v 1.068700 0.620000 0.029999
v 1.068700 0.640000 0.029999
v 1.070000 0.655000 0.031299
v 1.070000 0.673000 0.031299
v 1.070000 0.683000 0.031299
v 1.063597 0.699301 0.031299
v 1.048493 0.712180 0.031299
v 1.030000 0.716281 0.031299
v 1.011507 0.712180 0.031299
v 0.996402 0.699301 0.031299
v 0.990000 0.683000 0.031299
v 0.990000 0.673000 0.031299
v 0.990000 0.655000 0.031299
v 0.990000 0.512484 0.031299
v 0.990000 0.492985 0.031299
v 0.990000 0.555000 0.031299
v 0.990000 0.595000 0.031299
v 0.990000 0.620000 0.031299
v 0.990000 0.640000 0.031299
v 0.990000 0.480127 0.031299
v 0.990000 0.460993 0.021974
v 0.990000 0.463264 0.020235
v 1.070000 0.492985 0.031299
v 1.070000 0.512484 0.031299
v 1.070000 0.555000 0.031299
v 1.070000 0.595000 0.031299
v 1.070000 0.620000 0.031299
v 1.070000 0.640000 0.031299
v 1.070000 0.480127 0.031299
v 1.070000 0.460993 0.021974
v 1.070000 0.463264 0.020235
v 0.990000 0.453787 -0.000000
v 0.990000 0.456629 -0.000000
v 1.070000 0.453787 -0.000000
v 1.070000 0.456629 -0.000000
v 1.070000 0.673000 0.029999
v 1.070000 0.655000 0.029999
v 1.070000 0.683000 0.029999
v 1.063597 0.699301 0.029999
v 1.048493 0.712180 0.029999
v 1.030000 0.716281 0.029999
v 1.011507 0.712180 0.029999
v 0.996402 0.699301 0.029999
v 0.990000 0.683000 0.029999
v 0.990000 0.673000 0.029999
v 0.990000 0.655000 0.029999
v 0.990000 0.640000 0.029999
v 0.990000 0.620000 0.029999
v 0.990000 0.595000 0.029999
v 0.990000 0.555000 0.029999
v 0.990000 0.512484 0.029999
v 0.990000 0.492985 0.029999
v 0.990000 0.480515 0.029999
v 0.990000 0.464357 0.019398
v 0.990000 0.457997 -0.000000
v 1.070000 0.464357 0.019398
v 1.070000 0.457997 -0.000000
v 1.070000 0.480515 0.029999
v 1.070000 0.492985 0.029999
v 1.070000 0.512484 0.029999
v 1.070000 0.555000 0.029999
v 1.070000 0.595000 0.029999
v 1.070000 0.620000 0.029999
v 1.070000 0.640000 0.029999
v 1.070000 0.545141 -0.275968
v 1.070000 0.549800 -0.293354
v 1.070000 0.590647 -0.278335
v 1.070000 0.582196 -0.262442
v 1.070000 0.552388 -0.303014
v 1.070000 0.595341 -0.287164
v 1.063598 0.556607 -0.318759
v 1.063598 0.602994 -0.301557
v 1.048493 0.559940 -0.331200
v 1.048493 0.609041 -0.312930
v 1.030000 0.561002 -0.335161
v 1.030000 0.610966 -0.316550
v 1.011507 0.559940 -0.331200
v 1.011507 0.609041 -0.312930
v 0.996402 0.556607 -0.318759
v 0.996402 0.602994 -0.301557
v 0.990000 0.552388 -0.303014
v 0.990000 0.595341 -0.287164
v 0.990000 0.549800 -0.293354
v 0.990000 0.590647 -0.278335
v 0.990000 0.545141 -0.275968
v 0.990000 0.582196 -0.262442
v 1.070000 0.626675 -0.250577
v 1.070000 0.613948 -0.237849
v 1.070000 0.633747 -0.257648
v 1.063598 0.645273 -0.269174
v 1.048493 0.654381 -0.278282
v 1.030000 0.657280 -0.281182
v 1.011507 0.654381 -0.278282
v 0.996402 0.645273 -0.269174
v 0.990000 0.633747 -0.257648
v 0.990000 0.626676 -0.250577
v 0.990000 0.613948 -0.237849
v 1.070000 0.653010 -0.216257
v 1.070000 0.637422 -0.207257
v 1.070000 0.661670 -0.221257
v 1.063598 0.675788 -0.229407
v 1.048493 0.686942 -0.235847
v 1.030000 0.690493 -0.237898
v 1.011507 0.686942 -0.235847
v 0.996402 0.675788 -0.229407
v 0.990000 0.661671 -0.221257
v 0.990000 0.653010 -0.216257
v 0.990000 0.637422 -0.207257
v 1.070000 0.669265 -0.176047
v 1.070000 0.651962 -0.171086
v 1.070000 0.678878 -0.178804
v 1.063598 0.694547 -0.183297
v 1.048493 0.706928 -0.186847
v 1.030000 0.710870 -0.187977
v 1.011507 0.706928 -0.186847
v 0.996402 0.694547 -0.183297
v 0.990000 0.678878 -0.178804
v 0.990000 0.669265 -0.176047
v 0.990000 0.651962 -0.171086
v 1.070000 0.673000 -0.145737
v 1.070000 0.655000 -0.144797
v 1.070000 0.683000 -0.146259
v 1.063598 0.699301 -0.147110
v 1.048493 0.712180 -0.147782
v 1.030000 0.716281 -0.147996
v 1.011507 0.712180 -0.147782
v 0.996402 0.699301 -0.147110
v 0.990000 0.683000 -0.146259
v 0.990000 0.673000 -0.145737
v 0.990000 0.655000 -0.144797
v 1.070000 0.673000 -0.125001
v 1.070000 0.655000 -0.125001
v 1.070000 0.683000 -0.125001
v 1.063598 0.699301 -0.125001
v 1.048493 0.712180 -0.125001
v 1.030000 0.716281 -0.125001
v 1.011507 0.712181 -0.125001
v 0.996402 0.699301 -0.125001
v 0.990000 0.683000 -0.125001
v 0.990000 0.673000 -0.125001
v 0.990000 0.655000 -0.125001
v 1.070000 0.673000 -0.090001
v 1.070000 0.655000 -0.090001
v 1.070000 0.683000 -0.090001
v 1.063598 0.699301 -0.090001
v 1.048493 0.712180 -0.090001
v 1.030000 0.716281 -0.090001
v 1.011507 0.712181 -0.090000
v 0.996402 0.699301 -0.090001
v 0.990000 0.683000 -0.090001
v 0.990000 0.673000 -0.090001
v 0.990000 0.655000 -0.090001
v 1.070000 0.521869 -0.278995
v 1.070000 0.524198 -0.296688
v 1.070000 0.525492 -0.306518
v 1.063598 0.527602 -0.322541
v 1.048493 0.529269 -0.335201
v 1.030000 0.529799 -0.339232
v 1.011507 0.529269 -0.335201
v 0.996402 0.527602 -0.322541
v 0.990000 0.525492 -0.306517
v 0.990000 0.524198 -0.296688
v 0.990000 0.521869 -0.278995
v 1.070000 0.476685 -0.284543
v 1.070000 0.479014 -0.302236
v 1.070000 0.480308 -0.312065
v 1.063598 0.482418 -0.328089
v 1.048493 0.484085 -0.340749
v 1.030000 0.484615 -0.344780
v 1.011507 0.484085 -0.340749
v 0.996402 0.482418 -0.328089
v 0.990000 0.480308 -0.312065
v 0.990000 0.479014 -0.302236
v 0.990000 0.476685 -0.284542
v 1.070000 0.063775 -0.331095
v 1.070000 0.061955 -0.325323
v 1.070000 0.044569 -0.328448
v 1.070000 0.050563 -0.341051
v 1.070000 0.034909 -0.330185
v 1.070000 0.042576 -0.347069
v 1.063597 0.019164 -0.333016
v 1.063597 0.029558 -0.356879
v 1.048493 0.006723 -0.335252
v 1.048493 0.019271 -0.364631
v 1.030000 0.002762 -0.335964
v 1.030000 0.015997 -0.367099
v 1.011507 0.006723 -0.335252
v 1.011507 0.019271 -0.364631
v 0.996402 0.019164 -0.333016
v 0.996402 0.029558 -0.356879
v 0.990000 0.034909 -0.330185
v 0.990000 0.042576 -0.347069
v 0.990000 0.044569 -0.328448
v 0.990000 0.050563 -0.341051
v 0.990000 0.061955 -0.325323
v 0.990000 0.063775 -0.331095
v 1.070000 0.061955 -0.314397
v 1.070000 0.044569 -0.314397
v 1.070000 0.034909 -0.314397
v 1.063597 0.019164 -0.314397
v 1.048493 0.006723 -0.314397
v 1.030000 0.002762 -0.314397
v 1.011507 0.006723 -0.314397
v 0.996402 0.019164 -0.314397
v 0.990000 0.034909 -0.314397
v 0.990000 0.044569 -0.314397
v 0.990000 0.061955 -0.314397
v 1.070000 0.068186 -0.334220
v 1.070000 0.061799 -0.350028
v 1.070000 0.074251 -0.351571
v 1.070000 0.075000 -0.334186
v 1.070000 0.058053 -0.359300
v 1.070000 0.073336 -0.361758
v 1.063597 0.051947 -0.374414
v 1.063597 0.073913 -0.378111
v 1.048493 0.047122 -0.386356
v 1.048493 0.074368 -0.391032
v 1.030000 0.045586 -0.390158
v 1.030000 0.074513 -0.395145
v 1.011507 0.047122 -0.386356
v 1.011507 0.074368 -0.391032
v 0.996402 0.051947 -0.374414
v 0.996402 0.073913 -0.378111
v 0.990000 0.058053 -0.359300
v 0.990000 0.073336 -0.361758
v 0.990000 0.061799 -0.350028
v 0.990000 0.074251 -0.351571
v 0.990000 0.068186 -0.334220
v 0.990000 0.075000 -0.334186
v 1.070000 0.061955 -0.280001
v 1.070000 0.044569 -0.280001
v 1.070000 0.034909 -0.280001
v 1.063598 0.019164 -0.280001
v 1.048493 0.006723 -0.280001
v 1.030000 0.002762 -0.280001
v 1.011507 0.006723 -0.280001
v 0.996402 0.019164 -0.280001
v 0.990000 0.034909 -0.280001
v 0.990000 0.044569 -0.280001
v 0.990000 0.061955 -0.280001
v 1.070000 0.089342 -0.349718
v 1.070000 0.090000 -0.332345
v 1.070000 0.088634 -0.359880
v 1.063597 0.090621 -0.376059
v 1.048493 0.092190 -0.388843
v 1.030000 0.092690 -0.392913
v 1.011507 0.092190 -0.388843
v 0.996402 0.090621 -0.376059
v 0.990000 0.088634 -0.359880
v 0.990000 0.089342 -0.349718
v 0.990000 0.090000 -0.332345
v 1.070000 0.116138 -0.346428
v 1.070000 0.116138 -0.329134
v 1.070000 0.117357 -0.356353
v 1.063597 0.119344 -0.372533
v 1.048493 0.120913 -0.385317
v 1.030000 0.121413 -0.389387
v 1.011507 0.120913 -0.385317
v 0.996402 0.119344 -0.372533
v 0.990000 0.117357 -0.356353
v 0.990000 0.116138 -0.346428
v 0.990000 0.116138 -0.329134
v 1.070000 0.237097 -0.331697
v 1.070000 0.358056 -0.316966
v 1.070000 0.356503 -0.299406
v 1.070000 0.236320 -0.314270
v 1.070000 0.238341 -0.341591
v 1.070000 0.359324 -0.326828
v 1.063598 0.240368 -0.357718
v 1.063598 0.361393 -0.342903
v 1.048493 0.241970 -0.370461
v 1.048493 0.363027 -0.355605
v 1.030000 0.242480 -0.374518
v 1.030000 0.363548 -0.359649
v 1.011507 0.241970 -0.370461
v 1.011507 0.363027 -0.355605
v 0.996403 0.240368 -0.357718
v 0.996402 0.361393 -0.342903
v 0.990000 0.238341 -0.341591
v 0.990000 0.359324 -0.326828
v 0.990000 0.237097 -0.331697
v 0.990000 0.358056 -0.316966
v 0.990000 0.236320 -0.314270
v 0.990000 0.356503 -0.299406
v 1.070000 0.061955 -0.140001
v 1.070000 0.044569 -0.140001
v 1.070000 0.034909 -0.140001
v 1.063598 0.019164 -0.140001
v 1.048493 0.006723 -0.140001
v 1.030000 0.002762 -0.140001
v 1.011507 0.006723 -0.140001
v 0.996402 0.019164 -0.140001
v 0.990000 0.034909 -0.140001
v 0.990000 0.044569 -0.140001
v 0.990000 0.061955 -0.140001
v 1.070000 0.673000 -0.055001
v 1.070000 0.655000 -0.055001
v 1.070000 0.683000 -0.055001
v 1.063597 0.699301 -0.055001
v 1.048493 0.712180 -0.055001
v 1.030000 0.716281 -0.055001
v 1.011507 0.712180 -0.055001
v 0.996402 0.699301 -0.055001
v 0.990000 0.683000 -0.055001
v 0.990000 0.673000 -0.055001
v 0.990000 0.655000 -0.055001
v 0.990000 0.517411 -0.259428
v 0.990000 0.540000 -0.256533
v 0.990000 0.575000 -0.244966
v 0.990000 0.605000 -0.224676
v 0.990000 0.630000 -0.196826
v 0.990000 0.645000 -0.166058
v 0.990000 0.475000 -0.264652
v 0.990000 0.077000 -0.313481
v 0.990000 0.090000 -0.312242
v 0.990000 0.116138 -0.309030
v 0.990000 0.235759 -0.294238
v 0.990000 0.355379 -0.279445
v 0.990000 0.510000 -0.225944
v 0.990000 0.530000 -0.223425
v 0.990000 0.565000 -0.213426
v 0.990000 0.600000 -0.193173
v 0.990000 0.625000 -0.167554
v 0.990000 0.642000 -0.135541
v 0.990000 0.475000 -0.230255
v 0.990000 0.077000 -0.279084
v 0.990000 0.090000 -0.277846
v 0.990000 0.116138 -0.274634
v 0.990000 0.235759 -0.259841
v 0.990000 0.355379 -0.245048
v 1.070000 0.673000 -0.034000
v 1.070000 0.655000 -0.034000
v 1.070000 0.683000 -0.034000
v 1.063597 0.699301 -0.034000
v 1.048493 0.712180 -0.034000
v 1.030000 0.716281 -0.034000
v 1.011507 0.712180 -0.034000
v 0.996402 0.699301 -0.034000
v 0.990000 0.683000 -0.034000
v 0.990000 0.673000 -0.034000
v 0.990000 0.655000 -0.034000
v 0.990000 0.492985 -0.114021
v 0.990000 0.512485 -0.112792
v 0.990000 0.555000 -0.107413
v 0.990000 0.595000 -0.097727
v 0.990000 0.620000 -0.086092
v 0.990000 0.640000 -0.072353
v 0.990000 0.475000 -0.115128
v 0.990000 0.077000 -0.139542
v 0.990000 0.090000 -0.138923
v 0.990000 0.116138 -0.137317
v 0.990000 0.235759 -0.129921
v 0.990000 0.355379 -0.122524
v 1.070000 0.540000 -0.256533
v 1.070000 0.517411 -0.259428
v 1.070000 0.575000 -0.244966
v 1.070000 0.605000 -0.224676
v 1.070000 0.630000 -0.196826
v 1.070000 0.645000 -0.166058
v 1.070000 0.475000 -0.264652
v 1.070000 0.077000 -0.313481
v 1.070000 0.090000 -0.312242
v 1.070000 0.116138 -0.309030
v 1.070000 0.355379 -0.279445
v 1.070000 0.235759 -0.294238
v 1.070000 0.530000 -0.223425
v 1.070000 0.510000 -0.225944
v 1.070000 0.565000 -0.213426
v 1.070000 0.600000 -0.193173
v 1.070000 0.625000 -0.167554
v 1.070000 0.642000 -0.135541
v 1.070000 0.475000 -0.230255
v 1.070000 0.077000 -0.279084
v 1.070000 0.090000 -0.277846
v 1.070000 0.116138 -0.274634
v 1.070000 0.355379 -0.245048
v 1.070000 0.235759 -0.259841
v 1.070000 0.512485 -0.112792
v 1.070000 0.492985 -0.114021
v 1.070000 0.555000 -0.107413
v 1.070000 0.595000 -0.097727
v 1.070000 0.620000 -0.086092
v 1.070000 0.640000 -0.072353
v 1.070000 0.475000 -0.115128
v 1.070000 0.077000 -0.139543
v 1.070000 0.090000 -0.138923
v 1.070000 0.116138 -0.137317
v 1.070000 0.355379 -0.122524
v 1.070000 0.235759 -0.129921
v 0.990000 0.492985 -0.034000
v 0.990000 0.512485 -0.034000
v 0.990000 0.555000 -0.034000
v 0.990000 0.595000 -0.034000
v 0.990000 0.620000 -0.034000
v 0.990000 0.640000 -0.034000
v 0.990000 0.479320 -0.034000
v 1.070000 0.512484 -0.034000
v 1.070000 0.492985 -0.034000
v 1.070000 0.555000 -0.034000
v 1.070000 0.595000 -0.034000
v 1.070000 0.620000 -0.034000
v 1.070000 0.640000 -0.034000
v 1.070000 0.479320 -0.034000
v 0.994000 0.464357 -0.019398
v 1.030000 0.464357 -0.019398
v 0.994000 0.480515 -0.030000
v 1.030000 0.480515 -0.030000
v 0.994000 0.492985 -0.030000
v 1.030000 0.492985 -0.030000
v 0.994000 0.512485 -0.030000
v 1.030000 0.512484 -0.030000
v 0.994000 0.555000 -0.030000
v 1.030000 0.555000 -0.030000
v 0.994000 0.595000 -0.030000
v 1.030000 0.595000 -0.030000
v 0.994000 0.620000 -0.030000
v 1.030000 0.620000 -0.030000
v 0.994000 0.640000 -0.030000
v 1.030000 0.640000 -0.030000
v 0.994000 0.655000 -0.030000
v 1.030000 0.655000 -0.030000
v 0.994000 0.673000 -0.030000
v 1.030000 0.673000 -0.030000
v 0.994000 0.682242 -0.030000
v 1.030000 0.682242 -0.030000
v 0.999760 0.696906 -0.030000
v 1.013345 0.708491 -0.030000
v 1.046655 0.708491 -0.030000
v 1.030000 0.712184 -0.030000
v 1.066000 0.464357 -0.019398
v 1.066000 0.480515 -0.030000
v 1.066000 0.492985 -0.030000
v 1.066000 0.512484 -0.030000
v 1.066000 0.555000 -0.030000
v 1.066000 0.595000 -0.030000
v 1.066000 0.620000 -0.030000
v 1.066000 0.640000 -0.030000
v 1.066000 0.655000 -0.030000
v 1.066000 0.673000 -0.030000
v 1.066000 0.682242 -0.030000
v 1.060241 0.696906 -0.030000
v 1.068700 0.655000 -0.030000
v 1.068700 0.673000 -0.030000
v 1.068700 0.682753 -0.030000
v 1.062506 0.698522 -0.030000
v 1.047896 0.710981 -0.030000
v 1.030000 0.714950 -0.030000
v 1.012105 0.710981 -0.030000
v 0.997493 0.698522 -0.030000
v 0.991300 0.682753 -0.030000
v 0.991300 0.673000 -0.030000
v 0.991300 0.655000 -0.030000
v 0.991300 0.640000 -0.030000
v 0.991300 0.620000 -0.030000
v 0.991300 0.595000 -0.030000
v 0.991300 0.555000 -0.030000
v 0.991300 0.512485 -0.030000
v 0.991300 0.492985 -0.030000
v 0.991300 0.480515 -0.030000
v 0.991300 0.464357 -0.019398
v 1.068700 0.464357 -0.019398
v 1.068700 0.480515 -0.030000
v 1.068700 0.492985 -0.030000
v 1.068700 0.512484 -0.030000
v 1.068700 0.555000 -0.030000
v 1.068700 0.595000 -0.030000
v 1.068700 0.620000 -0.030000
v 1.068700 0.640000 -0.030000
v 1.070000 0.673000 -0.031300
v 1.070000 0.655000 -0.031300
v 1.070000 0.683000 -0.031300
v 1.063597 0.699301 -0.031300
v 1.048493 0.712180 -0.031300
v 1.030000 0.716281 -0.031300
v 1.011507 0.712180 -0.031300
v 0.996402 0.699301 -0.031300
v 0.990000 0.683000 -0.031300
v 0.990000 0.673000 -0.031300
v 0.990000 0.655000 -0.031300
v 0.990000 0.492985 -0.031300
v 0.990000 0.512485 -0.031300
v 0.990000 0.555000 -0.031300
v 0.990000 0.595000 -0.031300
v 0.990000 0.620000 -0.031300
v 0.990000 0.640000 -0.031300
v 0.990000 0.480127 -0.031300
v 0.990000 0.460993 -0.021975
v 0.990000 0.463264 -0.020236
v 1.070000 0.512484 -0.031300
v 1.070000 0.492985 -0.031300
v 1.070000 0.555000 -0.031300
v 1.070000 0.595000 -0.031300
v 1.070000 0.620000 -0.031300
v 1.070000 0.640000 -0.031300
v 1.070000 0.480127 -0.031300
v 1.070000 0.463264 -0.020236
v 1.070000 0.460993 -0.021975
v 1.070000 0.655000 -0.030000
v 1.070000 0.673000 -0.030000
v 1.070000 0.683000 -0.030000
v 1.063597 0.699301 -0.030000
v 1.048493 0.712180 -0.030000
v 1.030000 0.716281 -0.030000
v 1.011507 0.712180 -0.030000
v 0.996402 0.699301 -0.030000
v 0.990000 0.683000 -0.030000
v 0.990000 0.673000 -0.030000
v 0.990000 0.655000 -0.030000
v 0.990000 0.640000 -0.030000
v 0.990000 0.620000 -0.030000
v 0.990000 0.595000 -0.030000
v 0.990000 0.555000 -0.030000
v 0.990000 0.512485 -0.030000
v 0.990000 0.492985 -0.030000
v 0.990000 0.480515 -0.030000
v 0.990000 0.464357 -0.019398
v 1.070000 0.464357 -0.019398
v 1.070000 0.480515 -0.030000
v 1.070000 0.492985 -0.030000
v 1.070000 0.512484 -0.030000
v 1.070000 0.555000 -0.030000
v 1.070000 0.595000 -0.030000
v 1.070000 0.620000 -0.030000
v 1.070000 0.640000 -0.030000
v -1.070000 0.545141 0.275967
v -1.070000 0.549799 0.293353
v -1.070000 0.590646 0.278334
v -1.070000 0.582196 0.262441
v -1.070000 0.552388 0.303013
v -1.070000 0.595341 0.287164
v -1.063598 0.556607 0.318758
v -1.063598 0.602994 0.301556
v -1.048493 0.559940 0.331200
v -1.048493 0.609041 0.312929
v -1.030000 0.561002 0.335160
v -1.030000 0.610966 0.316549
v -1.011507 0.559940 0.331200
v -1.011507 0.609041 0.312929
v -0.996403 0.556607 0.318758
v -0.996403 0.602994 0.301556
v -0.990000 0.552388 0.303013
v -0.990000 0.595341 0.287164
v -0.990000 0.549800 0.293353
v -0.990000 0.590646 0.278334
v -0.990000 0.545141 0.275967
v -0.990000 0.582196 0.262441
v -1.070000 0.626675 0.250576
v -1.070000 0.613948 0.237848
v -1.070000 0.633747 0.257647
v -1.063598 0.645273 0.269174
v -1.048493 0.654381 0.278281
v -1.030000 0.657280 0.281181
v -1.011507 0.654381 0.278281
v -0.996403 0.645273 0.269174
v -0.990000 0.633747 0.257647
v -0.990000 0.626675 0.250576
v -0.990000 0.613948 0.237848
v -1.070000 0.653010 0.216256
v -1.070000 0.637422 0.207256
v -1.070000 0.661670 0.221256
v -1.063598 0.675787 0.229407
v -1.048493 0.686942 0.235847
v -1.030000 0.690493 0.237897
v -1.011507 0.686942 0.235847
v -0.996403 0.675788 0.229407
v -0.990000 0.661670 0.221256
v -0.990000 0.653010 0.216256
v -0.990000 0.637422 0.207256
v -1.070000 0.669265 0.176046
v -1.070000 0.651962 0.171085
v -1.070000 0.678878 0.178803
v -1.063598 0.694547 0.183296
v -1.048493 0.706928 0.186846
v -1.030000 0.710870 0.187976
v -1.011507 0.706928 0.186846
v -0.996403 0.694547 0.183296
v -0.990000 0.678878 0.178803
v -0.990000 0.669265 0.176046
v -0.990000 0.651962 0.171085
v -1.070000 0.673000 0.145736
v -1.070000 0.655000 0.144796
v -1.070000 0.683000 0.146258
v -1.063598 0.699301 0.147109
v -1.048493 0.712180 0.147781
v -1.030000 0.716281 0.147996
v -1.011507 0.712180 0.147781
v -0.996403 0.699301 0.147109
v -0.990000 0.683000 0.146258
v -0.990000 0.673000 0.145736
v -0.990000 0.655000 0.144796
v -1.070000 0.673000 0.125000
v -1.070000 0.655000 0.125000
v -1.070000 0.683000 0.125000
v -1.063598 0.699301 0.125000
v -1.048493 0.712180 0.125000
v -1.030000 0.716281 0.125000
v -1.011507 0.712180 0.125000
v -0.996403 0.699301 0.125000
v -0.990000 0.683000 0.125000
v -0.990000 0.673000 0.125000
v -0.990000 0.655000 0.125000
v -1.070000 0.673000 0.090000
v -1.070000 0.655000 0.090000
v -1.070000 0.683000 0.090000
v -1.063597 0.699301 0.090000
v -1.048493 0.712180 0.090000
v -1.030000 0.716281 0.090000
v -1.011507 0.712180 0.090000
v -0.996402 0.699301 0.090000
v -0.990000 0.683000 0.090000
v -0.990000 0.673000 0.090000
v -0.990000 0.655000 0.090000
v -1.070000 0.521869 0.278994
v -1.070000 0.524198 0.296687
v -1.070000 0.525492 0.306517
v -1.063598 0.527602 0.322540
v -1.048493 0.529269 0.335201
v -1.030000 0.529799 0.339231
v -1.011507 0.529269 0.335201
v -0.996403 0.527602 0.322540
v -0.990000 0.525492 0.306517
v -0.990000 0.524198 0.296687
v -0.990000 0.521869 0.278994
v -1.070000 0.476685 0.284542
v -1.070000 0.479014 0.302235
v -1.070000 0.480308 0.312065
v -1.063598 0.482418 0.328088
v -1.048493 0.484085 0.340749
v -1.030000 0.484615 0.344779
v -1.011507 0.484085 0.340749
v -0.996403 0.482418 0.328088
v -0.990000 0.480308 0.312065
v -0.990000 0.479014 0.302235
v -0.990000 0.476685 0.284542
v -1.070000 0.063775 0.331094
v -1.070000 0.061955 0.325322
v -1.070000 0.044569 0.328448
v -1.070000 0.050563 0.341050
v -1.070000 0.034909 0.330184
v -1.070000 0.042576 0.347068
v -1.063598 0.019164 0.333015
v -1.063598 0.029558 0.356878
v -1.048493 0.006723 0.335251
v -1.048493 0.019271 0.364630
v -1.030000 0.002762 0.335963
v -1.030000 0.015997 0.367098
v -1.011507 0.006723 0.335251
v -1.011507 0.019271 0.364630
v -0.996402 0.019164 0.333015
v -0.996402 0.029558 0.356879
v -0.990000 0.034909 0.330184
v -0.990000 0.042576 0.347068
v -0.990000 0.044569 0.328448
v -0.990000 0.050563 0.341050
v -0.990000 0.061955 0.325322
v -0.990000 0.063775 0.331094
v -1.070000 0.061955 0.314396
v -1.070000 0.044569 0.314396
v -1.070000 0.034909 0.314396
v -1.063598 0.019164 0.314396
v -1.048493 0.006723 0.314396
v -1.030000 0.002762 0.314396
v -1.011507 0.006723 0.314396
v -0.996402 0.019164 0.314396
v -0.990000 0.034909 0.314396
v -0.990000 0.044569 0.314396
v -0.990000 0.061955 0.314396
v -1.070000 0.068186 0.334219
v -1.070000 0.061799 0.350027
v -1.070000 0.074251 0.351570
v -1.070000 0.075000 0.334186
v -1.070000 0.058053 0.359299
v -1.070000 0.073336 0.361757
v -1.063598 0.051947 0.374413
v -1.063598 0.073913 0.378110
v -1.048493 0.047122 0.386355
v -1.048493 0.074368 0.391031
v -1.030000 0.045586 0.390157
v -1.030000 0.074513 0.395144
v -1.011507 0.047122 0.386355
v -1.011507 0.074368 0.391031
v -0.996402 0.051947 0.374413
v -0.996402 0.073913 0.378110
v -0.990000 0.058053 0.359299
v -0.990000 0.073336 0.361757
v -0.990000 0.061799 0.350027
v -0.990000 0.074251 0.351570
v -0.990000 0.068186 0.334219
v -0.990000 0.075000 0.334186
v -1.070000 0.061955 0.280000
v -1.070000 0.044569 0.280000
v -1.070000 0.034909 0.280000
v -1.063598 0.019164 0.280000
v -1.048493 0.006723 0.280000
v -1.030000 0.002762 0.280000
v -1.011507 0.006723 0.280000
v -0.996402 0.019164 0.280000
v -0.990000 0.034909 0.280000
v -0.990000 0.044569 0.280000
v -0.990000 0.061955 0.280000
v -1.070000 0.089342 0.349717
v -1.070000 0.090000 0.332344
v -1.070000 0.088634 0.359879
v -1.063598 0.090621 0.376058
v -1.048493 0.092190 0.388843
v -1.030000 0.092690 0.392912
v -1.011507 0.092190 0.388843
v -0.996402 0.090621 0.376058
v -0.990000 0.088634 0.359879
v -0.990000 0.089342 0.349717
v -0.990000 0.090000 0.332344
v -1.070000 0.116138 0.346427
v -1.070000 0.116138 0.329133
v -1.070000 0.117357 0.356352
v -1.063598 0.119344 0.372532
v -1.048493 0.120913 0.385316
v -1.030000 0.121413 0.389386
v -1.011507 0.120913 0.385316
v -0.996402 0.119344 0.372532
v -0.990000 0.117357 0.356352
v -0.990000 0.116138 0.346427
v -0.990000 0.116138 0.329133
v -1.070000 0.237097 0.331696
v -1.070000 0.358055 0.316966
v -1.070000 0.356503 0.299405
v -1.070000 0.236320 0.314269
v -1.070000 0.238341 0.341590
v -1.070000 0.359324 0.326827
v -1.063598 0.240368 0.357717
v -1.063598 0.361393 0.342902
v -1.048493 0.241970 0.370460
v -1.048493 0.363027 0.355604
v -1.030000 0.242480 0.374517
v -1.030000 0.363548 0.359648
v -1.011507 0.241970 0.370460
v -1.011507 0.363027 0.355604
v -0.996403 0.240368 0.357717
v -0.996403 0.361393 0.342903
v -0.990000 0.238341 0.341590
v -0.990000 0.359324 0.326827
v -0.990000 0.237097 0.331696
v -0.990000 0.358056 0.316966
v -0.990000 0.236320 0.314269
v -0.990000 0.356503 0.299405
v -1.070000 0.061955 0.140000
v -1.070000 0.044569 0.140000
v -1.070000 0.034909 0.140000
v -1.063598 0.019164 0.140000
v -1.048493 0.006723 0.140000
v -1.030000 0.002762 0.140000
v -1.011507 0.006723 0.140000
v -0.996402 0.019164 0.140000
v -0.990000 0.034909 0.140000
v -0.990000 0.044569 0.140000
v -0.990000 0.061955 0.140000
v -1.070000 0.673000 0.055000
v -1.070000 0.655000 0.055000
v -1.070000 0.683000 0.055000
v -1.063597 0.699301 0.055000
v -1.048493 0.712180 0.055000
v -1.030000 0.716281 0.055000
v -1.011507 0.712180 0.055000
v -0.996402 0.699301 0.055000
v -0.990000 0.683000 0.055000
v -0.990000 0.673000 0.055000
v -0.990000 0.655000 0.055000
v -0.990000 0.517411 0.259427
v -0.990000 0.540000 0.256532
v -0.990000 0.575000 0.244965
v -0.990000 0.605000 0.224676
v -0.990000 0.630000 0.196825
v -0.990000 0.645000 0.166057
v -0.990000 0.475000 0.264651
v -0.990000 0.077000 0.313480
v -0.990000 0.090000 0.312241
v -0.990000 0.116138 0.309030
v -0.990000 0.235759 0.294237
v -0.990000 0.355379 0.279444
v -0.990000 0.510000 0.225944
v -0.990000 0.530000 0.223424
v -0.990000 0.565000 0.213425
v -0.990000 0.600000 0.193173
v -0.990000 0.625000 0.167553
v -0.990000 0.642000 0.135541
v -0.990000 0.475000 0.230255
v -0.990000 0.077000 0.279084
v -0.990000 0.090000 0.277845
v -0.990000 0.116138 0.274633
v -0.990000 0.235759 0.259840
v -0.990000 0.355379 0.245048
v -1.070000 0.673000 0.033999
v -1.070000 0.655000 0.033999
v -1.070000 0.683000 0.033999
v -1.063597 0.699301 0.033999
v -1.048493 0.712180 0.033999
v -1.030000 0.716281 0.033999
v -1.011507 0.712180 0.033999
v -0.996402 0.699301 0.033999
v -0.990000 0.683000 0.033999
v -0.990000 0.673000 0.033999
v -0.990000 0.655000 0.033999
v -0.990000 0.492985 0.114020
v -0.990000 0.512485 0.112792
v -0.990000 0.555000 0.107412
v -0.990000 0.595000 0.097726
v -0.990000 0.620000 0.086092
v -0.990000 0.640000 0.072352
v -0.990000 0.475000 0.115127
v -0.990000 0.077000 0.139542
v -0.990000 0.090000 0.138922
v -0.990000 0.116138 0.137317
v -0.990000 0.235759 0.129920
v -0.990000 0.355379 0.122523
v -1.070000 0.540000 0.256532
v -1.070000 0.517411 0.259427
v -1.070000 0.575000 0.244965
v -1.070000 0.605000 0.224676
v -1.070000 0.630000 0.196826
v -1.070000 0.645000 0.166057
v -1.070000 0.475000 0.264651
v -1.070000 0.077000 0.313480
v -1.070000 0.090000 0.312241
v -1.070000 0.116138 0.309030
v -1.070000 0.355379 0.279444
v -1.070000 0.235759 0.294237
v -1.070000 0.530000 0.223424
v -1.070000 0.510000 0.225944
v -1.070000 0.565000 0.213425
v -1.070000 0.600000 0.193173
v -1.070000 0.625000 0.167553
v -1.070000 0.642000 0.135541
v -1.070000 0.475000 0.230255
v -1.070000 0.077000 0.279084
v -1.070000 0.090000 0.277845
v -1.070000 0.116138 0.274633
v -1.070000 0.355379 0.245048
v -1.070000 0.235759 0.259840
v -1.070000 0.512485 0.112792
v -1.070000 0.492985 0.114020
v -1.070000 0.555000 0.107412
v -1.070000 0.595000 0.097726
v -1.070000 0.620000 0.086092
v -1.070000 0.640000 0.072352
v -1.070000 0.475000 0.115127
v -1.070000 0.077000 0.139542
v -1.070000 0.090000 0.138922
v -1.070000 0.116138 0.137316
v -1.070000 0.355379 0.122523
v -1.070000 0.235759 0.129920
v -1.070000 0.061955 -0.000000
v -1.070000 0.044569 -0.000000
v -1.070000 0.034909 -0.000000
v -1.063597 0.019164 -0.000000
v -1.048493 0.006723 -0.000000
v -1.030000 0.002762 -0.000000
v -1.011507 0.006723 -0.000000
v -0.996402 0.019164 -0.000000
v -0.990000 0.034909 -0.000000
v -0.990000 0.044569 -0.000000
v -0.990000 0.061955 -0.000000
v -0.990000 0.492985 0.033999
v -0.990000 0.512484 0.033999
v -0.990000 0.555000 0.033999
v -0.990000 0.595000 0.033999
v -0.990000 0.620000 0.033999
v -0.990000 0.640000 0.033999
v -0.990000 0.479320 0.033999
v -0.990000 0.077000 -0.000000
v -0.990000 0.090000 -0.000000
v -0.990000 0.116138 -0.000000
v -1.070000 0.512484 0.033999
v -1.070000 0.492985 0.033999
v -1.070000 0.555000 0.033999
v -1.070000 0.595000 0.033999
v -1.070000 0.620000 0.033999
v -1.070000 0.640000 0.033999
v -1.070000 0.479320 0.033999
v -1.070000 0.077000 -0.000000
v -1.070000 0.090000 -0.000000
v -1.070000 0.116138 -0.000000
v -0.990000 0.235759 -0.000000
v -0.990000 0.355379 -0.000000
v -1.070000 0.355379 -0.000000
v -1.070000 0.235759 -0.000000
v -0.994000 0.464357 0.019398
v -0.994000 0.457997 -0.000000
v -1.030000 0.457997 -0.000000
v -1.030000 0.464357 0.019398
v -0.994000 0.480515 0.029999
v -1.030000 0.480515 0.029999
v -0.994000 0.492985 0.029999
v -1.030000 0.492985 0.029999
v -0.994000 0.512484 0.029999
v -1.030000 0.512484 0.029999
v -0.994000 0.555000 0.029999
v -1.030000 0.555000 0.029999
v -0.994000 0.595000 0.029999
v -1.030000 0.595000 0.029999
v -0.994000 0.620000 0.029999
v -1.030000 0.620000 0.029999
v -0.994000 0.640000 0.029999
v -1.030000 0.640000 0.029999
v -0.994000 0.655000 0.029999
v -1.030000 0.655000 0.029999
v -0.994000 0.673000 0.029999
v -1.030000 0.673000 0.029999
v -0.994000 0.682242 0.029999
v -1.030000 0.682242 0.029999
v -0.999760 0.696906 0.029999
v -1.013345 0.708491 0.029999
v -1.046655 0.708491 0.029999
v -1.030000 0.712184 0.029999
v -1.066000 0.457997 -0.000000
v -1.066000 0.464357 0.019398
v -1.066000 0.480515 0.029999
v -1.066000 0.492985 0.029999
v -1.066000 0.512484 0.029999
v -1.066000 0.555000 0.029999
v -1.066000 0.595000 0.029999
v -1.066000 0.620000 0.029999
v -1.066000 0.640000 0.029999
v -1.066000 0.655000 0.029999
v -1.066000 0.673000 0.029999
v -1.066000 0.682242 0.029999
v -1.060241 0.696906 0.029999
v -1.068700 0.655000 0.029999
v -1.068700 0.673000 0.029999
v -1.068700 0.682753 0.029999
v -1.062506 0.698522 0.029999
v -1.047896 0.710981 0.029999
v -1.030000 0.714950 0.029999
v -1.012105 0.710981 0.029999
v -0.997493 0.698522 0.029999
v -0.991300 0.682753 0.029999
v -0.991300 0.673000 0.029999
v -0.991300 0.655000 0.029999
v -0.991300 0.640000 0.029999
v -0.991300 0.620000 0.029999
v -0.991300 0.595000 0.029999
v -0.991300 0.555000 0.029999
v -0.991300 0.512484 0.029999
v -0.991300 0.492985 0.029999
v -0.991300 0.480515 0.029999
v -0.991300 0.464357 0.019398
v -0.991300 0.457997 -0.000000
v -1.068700 0.457997 -0.000000
v -1.068700 0.464357 0.019398
v -1.068700 0.480515 0.029999
v -1.068700 0.492985 0.029999
v -1.068700 0.512484 0.029999
v -1.068700 0.555000 0.029999
v -1.068700 0.595000 0.029999
v -1.068700 0.620000 0.029999
v -1.068700 0.640000 0.029999
v -1.070000 0.673000 0.031299
v -1.070000 0.655000 0.031299
v -1.070000 0.683000 0.031299
v -1.063597 0.699301 0.031299
v -1.048493 0.712180 0.031299
v -1.030000 0.716281 0.031299
v -1.011507 0.712180 0.031299
v -0.996402 0.699301 0.031299
v -0.990000 0.683000 0.031299
v -0.990000 0.673000 0.031299
v -0.990000 0.655000 0.031299
v -0.990000 0.492985 0.031299
v -0.990000 0.512484 0.031299
v -0.990000 0.555000 0.031299
v -0.990000 0.595000 0.031299
v -0.990000 0.620000 0.031299
v -0.990000 0.640000 0.031299
v -0.990000 0.480127 0.031299
v -0.990000 0.460993 0.021974
v -0.990000 0.463264 0.020235
v -1.070000 0.512484 0.031299
v -1.070000 0.492985 0.031299
v -1.070000 0.555000 0.031299
v -1.070000 0.595000 0.031299
v -1.070000 0.620000 0.031299
v -1.070000 0.640000 0.031299
v -1.070000 0.480127 0.031299
v -1.070000 0.463264 0.020235
v -1.070000 0.460993 0.021974
v -0.990000 0.453787 -0.000000
v -0.990000 0.456629 -0.000000
v -1.070000 0.456629 -0.000000
v -1.070000 0.453787 -0.000000
v -1.070000 0.655000 0.029999
v -1.070000 0.673000 0.029999
v -1.070000 0.683000 0.029999
v -1.063597 0.699301 0.029999
v -1.048493 0.712180 0.029999
v -1.030000 0.716281 0.029999
v -1.011507 0.712180 0.029999
v -0.996402 0.699301 0.029999
v -0.990000 0.683000 0.029999
v -0.990000 0.673000 0.029999
v -0.990000 0.655000 0.029999
v -0.990000 0.640000 0.029999
v -0.990000 0.620000 0.029999
v -0.990000 0.595000 0.029999
v -0.990000 0.555000 0.029999
v -0.990000 0.512484 0.029999
v -0.990000 0.492985 0.029999
v -0.990000 0.480515 0.029999
v -0.990000 0.464357 0.019398
v -0.990000 0.457997 -0.000000
v -1.070000 0.457997 -0.000000
v -1.070000 0.464357 0.019398
v -1.070000 0.480515 0.029999
v -1.070000 0.492985 0.029999
v -1.070000 0.512484 0.029999
v -1.070000 0.555000 0.029999
v -1.070000 0.595000 0.029999
v -1.070000 0.620000 0.029999
v -1.070000 0.640000 0.029999
v -1.070000 0.545141 -0.275968
v -1.070000 0.582196 -0.262442
v -1.070000 0.590647 -0.278335
v -1.070000 0.549800 -0.293354
v -1.070000 0.595341 -0.287164
v -1.070000 0.552388 -0.303014
v -1.063598 0.602994 -0.301557
v -1.063598 0.556607 -0.318759
v -1.048493 0.609041 -0.312930
v -1.048493 0.559940 -0.331200
v -1.030000 0.610966 -0.316550
v -1.030000 0.561002 -0.335161
v -1.011507 0.609041 -0.312930
v -1.011507 0.559940 -0.331200
v -0.996402 0.602994 -0.301557
v -0.996402 0.556607 -0.318759
v -0.990000 0.595341 -0.287164
v -0.990000 0.552388 -0.303014
v -0.990000 0.590647 -0.278335
v -0.990000 0.549800 -0.293354
v -0.990000 0.582196 -0.262442
v -0.990000 0.545141 -0.275968
v -1.070000 0.613948 -0.237849
v -1.070000 0.626675 -0.250577
v -1.070000 0.633747 -0.257648
v -1.063598 0.645273 -0.269174
v -1.048493 0.654381 -0.278282
v -1.030000 0.657280 -0.281182
v -1.011507 0.654381 -0.278282
v -0.996402 0.645273 -0.269174
v -0.990000 0.633747 -0.257648
v -0.990000 0.626676 -0.250577
v -0.990000 0.613948 -0.237849
v -1.070000 0.637422 -0.207257
v -1.070000 0.653010 -0.216257
v -1.070000 0.661670 -0.221257
v -1.063598 0.675788 -0.229407
v -1.048493 0.686942 -0.235847
v -1.030000 0.690493 -0.237898
v -1.011507 0.686942 -0.235847
v -0.996402 0.675788 -0.229407
v -0.990000 0.661671 -0.221257
v -0.990000 0.653010 -0.216257
v -0.990000 0.637422 -0.207257
v -1.070000 0.651962 -0.171086
v -1.070000 0.669265 -0.176047
v -1.070000 0.678878 -0.178804
v -1.063598 0.694547 -0.183297
v -1.048493 0.706928 -0.186847
v -1.030000 0.710870 -0.187977
v -1.011507 0.706928 -0.186847
v -0.996402 0.694547 -0.183297
v -0.990000 0.678878 -0.178804
v -0.990000 0.669265 -0.176047
v -0.990000 0.651962 -0.171086
v -1.070000 0.655000 -0.144797
v -1.070000 0.673000 -0.145737
v -1.070000 0.683000 -0.146259
v -1.063598 0.699301 -0.147110
v -1.048493 0.712180 -0.147782
v -1.030000 0.716281 -0.147996
v -1.011507 0.712180 -0.147782
v -0.996402 0.699301 -0.147110
v -0.990000 0.683000 -0.146259
v -0.990000 0.673000 -0.145737
v -0.990000 0.655000 -0.144797
v -1.070000 0.655000 -0.125001
v -1.070000 0.673000 -0.125001
v -1.070000 0.683000 -0.125001
v -1.063598 0.699301 -0.125001
v -1.048493 0.712180 -0.125001
v -1.030000 0.716281 -0.125001
v -1.011507 0.712181 -0.125001
v -0.996402 0.699301 -0.125001
v -0.990000 0.683000 -0.125001
v -0.990000 0.673000 -0.125001
v -0.990000 0.655000 -0.125001
v -1.070000 0.655000 -0.090001
v -1.070000 0.673000 -0.090001
v -1.070000 0.683000 -0.090001
v -1.063598 0.699301 -0.090001
v -1.048493 0.712180 -0.090001
v -1.030000 0.716281 -0.090001
v -1.011507 0.712181 -0.090000
v -0.996402 0.699301 -0.090001
v -0.990000 0.683000 -0.090001
v -0.990000 0.673000 -0.090001
v -0.990000 0.655000 -0.090001
v -1.070000 0.521869 -0.278995
v -1.070000 0.524198 -0.296688
v -1.070000 0.525492 -0.306518
v -1.063598 0.527602 -0.322541
v -1.048493 0.529269 -0.335201
v -1.030000 0.529799 -0.339232
v -1.011507 0.529269 -0.335201
v -0.996402 0.527602 -0.322541
v -0.990000 0.525492 -0.306517
v -0.990000 0.524198 -0.296688
v -0.990000 0.521869 -0.278995
v -1.070000 0.479014 -0.302236
v -1.070000 0.476685 -0.284543
v -1.070000 0.480308 -0.312065
v -1.063598 0.482418 -0.328089
v -1.048493 0.484085 -0.340749
v -1.030000 0.484615 -0.344780
v -1.011507 0.484085 -0.340749
v -0.996402 0.482418 -0.328089
v -0.990000 0.480308 -0.312065
v -0.990000 0.479014 -0.302236
v -0.990000 0.476685 -0.284542
v -1.070000 0.063775 -0.331095
v -1.070000 0.050563 -0.341051
v -1.070000 0.044569 -0.328448
v -1.070000 0.061955 -0.325323
v -1.070000 0.042576 -0.347069
v -1.070000 0.034909 -0.330185
v -1.063597 0.029558 -0.356879
v -1.063597 0.019164 -0.333016
v -1.048493 0.019271 -0.364631
v -1.048493 0.006723 -0.335252
v -1.030000 0.015997 -0.367099
v -1.030000 0.002762 -0.335964
v -1.011507 0.019271 -0.364631
v -1.011507 0.006723 -0.335252
v -0.996402 0.029558 -0.356879
v -0.996402 0.019164 -0.333016
v -0.990000 0.042576 -0.347069
v -0.990000 0.034909 -0.330185
v -0.990000 0.050563 -0.341051
v -0.990000 0.044569 -0.328448
v -0.990000 0.063775 -0.331095
v -0.990000 0.061955 -0.325323
v -1.070000 0.044569 -0.314397
v -1.070000 0.061955 -0.314397
v -1.070000 0.034909 -0.314397
v -1.063597 0.019164 -0.314397
v -1.048493 0.006723 -0.314397
v -1.030000 0.002762 -0.314397
v -1.011507 0.006723 -0.314397
v -0.996402 0.019164 -0.314397
v -0.990000 0.034909 -0.314397
v -0.990000 0.044569 -0.314397
v -0.990000 0.061955 -0.314397
v -1.070000 0.068186 -0.334220
v -1.070000 0.075000 -0.334186
v -1.070000 0.074251 -0.351571
v -1.070000 0.061799 -0.350028
v -1.070000 0.073336 -0.361758
v -1.070000 0.058053 -0.359300
v -1.063597 0.073913 -0.378111
v -1.063597 0.051947 -0.374414
v -1.048493 0.074368 -0.391032
v -1.048493 0.047122 -0.386356
v -1.030000 0.074513 -0.395145
v -1.030000 0.045586 -0.390158
v -1.011507 0.074368 -0.391032
v -1.011507 0.047122 -0.386356
v -0.996402 0.073913 -0.378111
v -0.996402 0.051947 -0.374414
v -0.990000 0.073336 -0.361758
v -0.990000 0.058053 -0.359300
v -0.990000 0.074251 -0.351571
v -0.990000 0.061799 -0.350028
v -0.990000 0.075000 -0.334186
v -0.990000 0.068186 -0.334220
v -1.070000 0.044569 -0.280001
v -1.070000 0.061955 -0.280001
v -1.070000 0.034909 -0.280001
v -1.063598 0.019164 -0.280001
v -1.048493 0.006723 -0.280001
v -1.030000 0.002762 -0.280001
v -1.011507 0.006723 -0.280001
v -0.996402 0.019164 -0.280001
v -0.990000 0.034909 -0.280001
v -0.990000 0.044569 -0.280001
v -0.990000 0.061955 -0.280001
v -1.070000 0.090000 -0.332345
v -1.070000 0.089342 -0.349718
v -1.070000 0.088634 -0.359880
v -1.063597 0.090621 -0.376059
v -1.048493 0.092190 -0.388843
v -1.030000 0.092690 -0.392913
v -1.011507 0.092190 -0.388843
v -0.996402 0.090621 -0.376059
v -0.990000 0.088634 -0.359880
v -0.990000 0.089342 -0.349718
v -0.990000 0.090000 -0.332345
v -1.070000 0.116138 -0.329134
v -1.070000 0.116138 -0.346428
v -1.070000 0.117357 -0.356353
v -1.063597 0.119344 -0.372533
v -1.048493 0.120913 -0.385317
v -1.030000 0.121413 -0.389387
v -1.011507 0.120913 -0.385317
v -0.996402 0.119344 -0.372533
v -0.990000 0.117357 -0.356353
v -0.990000 0.116138 -0.346428
v -0.990000 0.116138 -0.329134
v -1.070000 0.237097 -0.331697
v -1.070000 0.236320 -0.314270
v -1.070000 0.356503 -0.299406
v -1.070000 0.358056 -0.316966
v -1.070000 0.238341 -0.341591
v -1.070000 0.359324 -0.326828
v -1.063598 0.240368 -0.357718
v -1.063598 0.361393 -0.342903
v -1.048493 0.241970 -0.370461
v -1.048493 0.363027 -0.355605
v -1.030000 0.242480 -0.374518
v -1.030000 0.363548 -0.359649
v -1.011507 0.241970 -0.370461
v -1.011507 0.363027 -0.355605
v -0.996403 0.240368 -0.357718
v -0.996402 0.361393 -0.342903
v -0.990000 0.238341 -0.341591
v -0.990000 0.359324 -0.326828
v -0.990000 0.237097 -0.331697
v -0.990000 0.358056 -0.316966
v -0.990000 0.236320 -0.314270
v -0.990000 0.356503 -0.299406
v -1.070000 0.044569 -0.140001
v -1.070000 0.061955 -0.140001
v -1.070000 0.034909 -0.140001
v -1.063598 0.019164 -0.140001
v -1.048493 0.006723 -0.140001
v -1.030000 0.002762 -0.140001
v -1.011507 0.006723 -0.140001
v -0.996402 0.019164 -0.140001
v -0.990000 0.034909 -0.140001
v -0.990000 0.044569 -0.140001
v -0.990000 0.061955 -0.140001
v -1.070000 0.655000 -0.055001
v -1.070000 0.673000 -0.055001
v -1.070000 0.683000 -0.055001
v -1.063597 0.699301 -0.055001
v -1.048493 0.712180 -0.055001
v -1.030000 0.716281 -0.055001
v -1.011507 0.712180 -0.055001
v -0.996402 0.699301 -0.055001
v -0.990000 0.683000 -0.055001
v -0.990000 0.673000 -0.055001
v -0.990000 0.655000 -0.055001
v -0.990000 0.540000 -0.256533
v -0.990000 0.517411 -0.259428
v -0.990000 0.575000 -0.244966
v -0.990000 0.605000 -0.224676
v -0.990000 0.630000 -0.196826
v -0.990000 0.645000 -0.166058
v -0.990000 0.475000 -0.264652
v -0.990000 0.077000 -0.313481
v -0.990000 0.090000 -0.312242
v -0.990000 0.116138 -0.309030
v -0.990000 0.235759 -0.294238
v -0.990000 0.355379 -0.279445
v -0.990000 0.530000 -0.223425
v -0.990000 0.510000 -0.225944
v -0.990000 0.565000 -0.213426
v -0.990000 0.600000 -0.193173
v -0.990000 0.625000 -0.167554
v -0.990000 0.642000 -0.135541
v -0.990000 0.475000 -0.230255
v -0.990000 0.077000 -0.279084
v -0.990000 0.090000 -0.277846
v -0.990000 0.116138 -0.274634
v -0.990000 0.235759 -0.259841
v -0.990000 0.355379 -0.245048
v -1.070000 0.655000 -0.034000
v -1.070000 0.673000 -0.034000
v -1.070000 0.683000 -0.034000
v -1.063597 0.699301 -0.034000
v -1.048493 0.712180 -0.034000
v -1.030000 0.716281 -0.034000
v -1.011507 0.712180 -0.034000
v -0.996402 0.699301 -0.034000
v -0.990000 0.683000 -0.034000
v -0.990000 0.673000 -0.034000
v -0.990000 0.655000 -0.034000
v -0.990000 0.512485 -0.112792
v -0.990000 0.492985 -0.114021
v -0.990000 0.555000 -0.107413
v -0.990000 0.595000 -0.097727
v -0.990000 0.620000 -0.086092
v -0.990000 0.640000 -0.072353
v -0.990000 0.475000 -0.115128
v -0.990000 0.077000 -0.139542
v -0.990000 0.090000 -0.138923
v -0.990000 0.116138 -0.137317
v -0.990000 0.235759 -0.129921
v -0.990000 0.355379 -0.122524
v -1.070000 0.517411 -0.259428
v -1.070000 0.540000 -0.256533
v -1.070000 0.575000 -0.244966
v -1.070000 0.605000 -0.224676
v -1.070000 0.630000 -0.196826
v -1.070000 0.645000 -0.166058
v -1.070000 0.475000 -0.264652
v -1.070000 0.077000 -0.313481
v -1.070000 0.090000 -0.312242
v -1.070000 0.116138 -0.309030
v -1.070000 0.235759 -0.294238
v -1.070000 0.355379 -0.279445
v -1.070000 0.510000 -0.225944
v -1.070000 0.530000 -0.223425
v -1.070000 0.565000 -0.213426
v -1.070000 0.600000 -0.193173
v -1.070000 0.625000 -0.167554
v -1.070000 0.642000 -0.135541
v -1.070000 0.475000 -0.230255
v -1.070000 0.077000 -0.279084
v -1.070000 0.090000 -0.277846
v -1.070000 0.116138 -0.274634
v -1.070000 0.235759 -0.259841
v -1.070000 0.355379 -0.245048
v -1.070000 0.492985 -0.114021
v -1.070000 0.512485 -0.112792
v -1.070000 0.555000 -0.107413
v -1.070000 0.595000 -0.097727
v -1.070000 0.620000 -0.086092
v -1.070000 0.640000 -0.072353
v -1.070000 0.475000 -0.115128
v -1.070000 0.077000 -0.139543
v -1.070000 0.090000 -0.138923
v -1.070000 0.116138 -0.137317
v -1.070000 0.235759 -0.129921
v -1.070000 0.355379 -0.122524
v -0.990000 0.512485 -0.034000
v -0.990000 0.492985 -0.034000
v -0.990000 0.555000 -0.034000
v -0.990000 0.595000 -0.034000
v -0.990000 0.620000 -0.034000
v -0.990000 0.640000 -0.034000
v -0.990000 0.479320 -0.034000
v -1.070000 0.492985 -0.034000
v -1.070000 0.512484 -0.034000
v -1.070000 0.555000 -0.034000
v -1.070000 0.595000 -0.034000
v -1.070000 0.620000 -0.034000
v -1.070000 0.640000 -0.034000
v -1.070000 0.479320 -0.034000
v -0.994000 0.464357 -0.019398
v -1.030000 0.464357 -0.019398
v -0.994000 0.480515 -0.030000
v -1.030000 0.480515 -0.030000
v -0.994000 0.492985 -0.030000
v -1.030000 0.492985 -0.030000
v -0.994000 0.512485 -0.030000
v -1.030000 0.512484 -0.030000
v -0.994000 0.555000 -0.030000
v -1.030000 0.555000 -0.030000
v -0.994000 0.595000 -0.030000
v -1.030000 0.595000 -0.030000
v -0.994000 0.620000 -0.030000
v -1.030000 0.620000 -0.030000
v -0.994000 0.640000 -0.030000
v -1.030000 0.640000 -0.030000
v -0.994000 0.655000 -0.030000
v -1.030000 0.655000 -0.030000
v -0.994000 0.673000 -0.030000
v -1.030000 0.673000 -0.030000
v -0.994000 0.682242 -0.030000
v -1.030000 0.682242 -0.030000
v -0.999760 0.696906 -0.030000
v -1.013345 0.708491 -0.030000
v -1.030000 0.712184 -0.030000
v -1.046655 0.708491 -0.030000
v -1.066000 0.464357 -0.019398
v -1.066000 0.480515 -0.030000
v -1.066000 0.492985 -0.030000
v -1.066000 0.512484 -0.030000
v -1.066000 0.555000 -0.030000
v -1.066000 0.595000 -0.030000
v -1.066000 0.620000 -0.030000
v -1.066000 0.640000 -0.030000
v -1.066000 0.655000 -0.030000
v -1.066000 0.673000 -0.030000
v -1.066000 0.682242 -0.030000
v -1.060241 0.696906 -0.030000
v -1.068700 0.673000 -0.030000
v -1.068700 0.655000 -0.030000
v -1.068700 0.682753 -0.030000
v -1.062506 0.698522 -0.030000
v -1.047896 0.710981 -0.030000
v -1.030000 0.714950 -0.030000
v -1.012105 0.710981 -0.030000
v -0.997493 0.698522 -0.030000
v -0.991300 0.682753 -0.030000
v -0.991300 0.673000 -0.030000
v -0.991300 0.655000 -0.030000
v -0.991300 0.640000 -0.030000
v -0.991300 0.620000 -0.030000
v -0.991300 0.595000 -0.030000
v -0.991300 0.555000 -0.030000
v -0.991300 0.512485 -0.030000
v -0.991300 0.492985 -0.030000
v -0.991300 0.480515 -0.030000
v -0.991300 0.464357 -0.019398
v -1.068700 0.464357 -0.019398
v -1.068700 0.480515 -0.030000
v -1.068700 0.492985 -0.030000
v -1.068700 0.512484 -0.030000
v -1.068700 0.555000 -0.030000
v -1.068700 0.595000 -0.030000
v -1.068700 0.620000 -0.030000
v -1.068700 0.640000 -0.030000
v -1.070000 0.655000 -0.031300
v -1.070000 0.673000 -0.031300
v -1.070000 0.683000 -0.031300
v -1.063597 0.699301 -0.031300
v -1.048493 0.712180 -0.031300
v -1.030000 0.716281 -0.031300
v -1.011507 0.712180 -0.031300
v -0.996402 0.699301 -0.031300
v -0.990000 0.683000 -0.031300
v -0.990000 0.673000 -0.031300
v -0.990000 0.655000 -0.031300
v -0.990000 0.512485 -0.031300
v -0.990000 0.492985 -0.031300
v -0.990000 0.555000 -0.031300
v -0.990000 0.595000 -0.031300
v -0.990000 0.620000 -0.031300
v -0.990000 0.640000 -0.031300
v -0.990000 0.480127 -0.031300
v -0.990000 0.460993 -0.021975
v -0.990000 0.463264 -0.020236
v -1.070000 0.492985 -0.031300
v -1.070000 0.512484 -0.031300
v -1.070000 0.555000 -0.031300
v -1.070000 0.595000 -0.031300
v -1.070000 0.620000 -0.031300
v -1.070000 0.640000 -0.031300
v -1.070000 0.480127 -0.031300
v -1.070000 0.460993 -0.021975
v -1.070000 0.463264 -0.020236
v -1.070000 0.673000 -0.030000
v -1.070000 0.655000 -0.030000
v -1.070000 0.683000 -0.030000
v -1.063597 0.699301 -0.030000
v -1.048493 0.712180 -0.030000
v -1.030000 0.716281 -0.030000
v -1.011507 0.712180 -0.030000
v -0.996402 0.699301 -0.030000
v -0.990000 0.683000 -0.030000
v -0.990000 0.673000 -0.030000
v -0.990000 0.655000 -0.030000
v -0.990000 0.640000 -0.030000
v -0.990000 0.620000 -0.030000
v -0.990000 0.595000 -0.030000
v -0.990000 0.555000 -0.030000
v -0.990000 0.512485 -0.030000
v -0.990000 0.492985 -0.030000
v -0.990000 0.480515 -0.030000
v -0.990000 0.464357 -0.019398
v -1.070000 0.464357 -0.019398
v -1.070000 0.480515 -0.030000
v -1.070000 0.492985 -0.030000
v -1.070000 0.512484 -0.030000
v -1.070000 0.555000 -0.030000
v -1.070000 0.595000 -0.030000
v -1.070000 0.620000 -0.030000
v -1.070000 0.640000 -0.030000
v -1.030000 0.000013 -0.291736
v -1.030000 0.000134 -0.295575
v -1.026058 0.000134 -0.293942
v -1.028773 0.000013 -0.291227
v -1.030000 0.000449 -0.299336
v -1.023399 0.000449 -0.296601
v -1.030000 0.001867 -0.301008
v -1.022217 0.001867 -0.297784
v -1.030000 0.003000 -0.301008
v -1.022217 0.003000 -0.297784
v -1.030000 0.005100 -0.301008
v -1.030000 0.005700 -0.301008
v -1.022217 0.005700 -0.297784
v -1.022217 0.005100 -0.297784
v -1.024425 0.000134 -0.290000
v -1.028264 0.000013 -0.290000
v -1.020665 0.000449 -0.290000
v -1.018993 0.001867 -0.290000
v -1.018993 0.003000 -0.290000
v -1.018993 0.005700 -0.290000
v -1.018993 0.005100 -0.290000
v -1.026058 0.000134 -0.286058
v -1.028773 0.000013 -0.288773
v -1.023399 0.000449 -0.283399
v -1.022217 0.001867 -0.282217
v -1.022217 0.003000 -0.282217
v -1.022217 0.005700 -0.282217
v -1.022217 0.005100 -0.282217
v -1.030000 0.000134 -0.284425
v -1.030000 0.000013 -0.288264
v -1.030000 0.000449 -0.280665
v -1.030000 0.001867 -0.278993
v -1.030000 0.003000 -0.278993
v -1.030000 0.005700 -0.278993
v -1.030000 0.005100 -0.278993
v -1.033942 0.000134 -0.286058
v -1.031227 0.000013 -0.288773
v -1.036601 0.000449 -0.283399
v -1.037784 0.001867 -0.282217
v -1.037784 0.003000 -0.282217
v -1.037784 0.005700 -0.282217
v -1.037784 0.005100 -0.282217
v -1.035575 0.000134 -0.290000
v -1.031736 0.000013 -0.290000
v -1.039336 0.000449 -0.290000
v -1.041008 0.001867 -0.290000
v -1.041008 0.003000 -0.290000
v -1.041008 0.005700 -0.290000
v -1.041008 0.005100 -0.290000
v -1.033942 0.000134 -0.293942
v -1.031227 0.000013 -0.291227
v -1.036601 0.000449 -0.296601
v -1.037784 0.001867 -0.297784
v -1.037784 0.003000 -0.297784
v -1.037784 0.005700 -0.297784
v -1.037784 0.005100 -0.297784
v -1.030000 -0.000015 -0.290000
v -1.030000 0.006000 -0.290000
v -1.019967 0.006000 -0.290000
v -1.022905 0.006000 -0.297095
v -1.030000 0.006000 -0.300033
v -1.030000 0.006000 -0.279967
v -1.022905 0.006000 -0.282905
v -1.040033 0.006000 -0.290000
v -1.037095 0.006000 -0.282905
v -1.037095 0.006000 -0.297095
v -1.030000 0.006000 -0.301008
v -1.022217 0.006000 -0.297784
v -1.018993 0.006000 -0.290000
v -1.022217 0.006000 -0.282217
v -1.030000 0.006000 -0.278993
v -1.037784 0.006000 -0.282217
v -1.041008 0.006000 -0.290000
v -1.037784 0.006000 -0.297784
v -1.022446 0.006000 -0.297554
v -1.030000 0.006000 -0.300683
v -1.019317 0.006000 -0.290000
v -1.022446 0.006000 -0.282446
v -1.030000 0.006000 -0.279317
v -1.037554 0.006000 -0.282446
v -1.040683 0.006000 -0.290000
v -1.037554 0.006000 -0.297554
v -1.030000 0.000013 0.288264
v -1.030000 0.000134 0.284425
v -1.026058 0.000134 0.286058
v -1.028773 0.000013 0.288773
v -1.030000 0.000449 0.280665
v -1.023399 0.000449 0.283399
v -1.030000 0.001867 0.278993
v -1.022217 0.001867 0.282217
v -1.030000 0.003000 0.278993
v -1.022217 0.003000 0.282217
v -1.030000 0.005100 0.278993
v -1.030000 0.005700 0.278993
v -1.022217 0.005700 0.282217
v -1.022217 0.005100 0.282217
v -1.024425 0.000134 0.290000
v -1.028264 0.000013 0.290000
v -1.020665 0.000449 0.290000
v -1.018993 0.001867 0.290000
v -1.018993 0.003000 0.290000
v -1.018993 0.005700 0.290000
v -1.018993 0.005100 0.290000
v -1.026058 0.000134 0.293942
v -1.028773 0.000013 0.291227
v -1.023399 0.000449 0.296601
v -1.022217 0.001867 0.297784
v -1.022217 0.003000 0.297784
v -1.022217 0.005700 0.297784
v -1.022217 0.005100 0.297784
v -1.030000 0.000134 0.295575
v -1.030000 0.000013 0.291736
v -1.030000 0.000449 0.299336
v -1.030000 0.001867 0.301008
v -1.030000 0.003000 0.301008
v -1.030000 0.005700 0.301008
v -1.030000 0.005100 0.301008
v -1.033942 0.000134 0.293942
v -1.031227 0.000013 0.291227
v -1.036601 0.000449 0.296601
v -1.037784 0.001867 0.297784
v -1.037784 0.003000 0.297784
v -1.037784 0.005700 0.297784
v -1.037784 0.005100 0.297784
v -1.035575 0.000134 0.290000
v -1.031736 0.000013 0.290000
v -1.039336 0.000449 0.290000
v -1.041008 0.001867 0.290000
v -1.041008 0.003000 0.290000
v -1.041008 0.005700 0.290000
v -1.041008 0.005100 0.290000
v -1.033942 0.000134 0.286058
v -1.031227 0.000013 0.288773
v -1.036601 0.000449 0.283399
v -1.037784 0.001867 0.282217
v -1.037784 0.003000 0.282217
v -1.037784 0.005700 0.282217
v -1.037784 0.005100 0.282217
v -1.030000 -0.000015 0.290000
v -1.030000 0.006000 0.290000
v -1.019967 0.006000 0.290000
v -1.022905 0.006000 0.282905
v -1.030000 0.006000 0.279967
v -1.030000 0.006000 0.300033
v -1.022905 0.006000 0.297095
v -1.040033 0.006000 0.290000
v -1.037095 0.006000 0.297095
v -1.037095 0.006000 0.282905
v -1.030000 0.006000 0.278993
v -1.022217 0.006000 0.282217
v -1.018993 0.006000 0.290000
v -1.022217 0.006000 0.297784
v -1.030000 0.006000 0.301008
v -1.037784 0.006000 0.297784
v -1.041008 0.006000 0.290000
v -1.037784 0.006000 0.282217
v -1.022446 0.006000 0.282446
v -1.030000 0.006000 0.279317
v -1.019317 0.006000 0.290000
v -1.022446 0.006000 0.297554
v -1.030000 0.006000 0.300683
v -1.037554 0.006000 0.297554
v -1.040683 0.006000 0.290000
v -1.037554 0.006000 0.282446
v 1.030000 0.000013 -0.291736
v 1.030000 0.000134 -0.295575
v 1.033942 0.000134 -0.293942
v 1.031227 0.000013 -0.291227
v 1.030000 0.000449 -0.299336
v 1.036601 0.000449 -0.296601
v 1.030000 0.001867 -0.301008
v 1.037784 0.001867 -0.297784
v 1.030000 0.003000 -0.301008
v 1.037784 0.003000 -0.297784
v 1.030000 0.005100 -0.301008
v 1.030000 0.005700 -0.301008
v 1.037784 0.005700 -0.297784
v 1.037784 0.005100 -0.297784
v 1.035575 0.000134 -0.290000
v 1.031736 0.000013 -0.290000
v 1.039335 0.000449 -0.290000
v 1.041008 0.001867 -0.290000
v 1.041008 0.003000 -0.290000
v 1.041008 0.005700 -0.290000
v 1.041008 0.005100 -0.290000
v 1.033942 0.000134 -0.286058
v 1.031227 0.000013 -0.288773
v 1.036601 0.000449 -0.283399
v 1.037784 0.001867 -0.282217
v 1.037784 0.003000 -0.282217
v 1.037784 0.005700 -0.282217
v 1.037784 0.005100 -0.282217
v 1.030000 0.000134 -0.284425
v 1.030000 0.000013 -0.288264
v 1.030000 0.000449 -0.280665
v 1.030000 0.001867 -0.278993
v 1.030000 0.003000 -0.278993
v 1.030000 0.005700 -0.278993
v 1.030000 0.005100 -0.278993
v 1.026058 0.000134 -0.286058
v 1.028773 0.000013 -0.288773
v 1.023399 0.000449 -0.283399
v 1.022217 0.001867 -0.282217
v 1.022217 0.003000 -0.282217
v 1.022217 0.005700 -0.282217
v 1.022217 0.005100 -0.282217
v 1.024425 0.000134 -0.290000
v 1.028264 0.000013 -0.290000
v 1.020665 0.000449 -0.290000
v 1.018993 0.001867 -0.290000
v 1.018993 0.003000 -0.290000
v 1.018993 0.005700 -0.290000
v 1.018993 0.005100 -0.290000
v 1.026058 0.000134 -0.293942
v 1.028773 0.000013 -0.291227
v 1.023399 0.000449 -0.296601
v 1.022217 0.001867 -0.297784
v 1.022217 0.003000 -0.297784
v 1.022217 0.005700 -0.297784
v 1.022217 0.005100 -0.297784
v 1.030000 -0.000015 -0.290000
v 1.030000 0.006000 -0.290000
v 1.040033 0.006000 -0.290000
v 1.037095 0.006000 -0.297095
v 1.030000 0.006000 -0.300033
v 1.030000 0.006000 -0.279967
v 1.037095 0.006000 -0.282905
v 1.019967 0.006000 -0.290000
v 1.022905 0.006000 -0.282905
v 1.022905 0.006000 -0.297095
v 1.030000 0.006000 -0.301008
v 1.037784 0.006000 -0.297784
v 1.041008 0.006000 -0.290000
v 1.037784 0.006000 -0.282217
v 1.030000 0.006000 -0.278993
v 1.022217 0.006000 -0.282217
v 1.018993 0.006000 -0.290000
v 1.022217 0.006000 -0.297784
v 1.037554 0.006000 -0.297554
v 1.030000 0.006000 -0.300683
v 1.040683 0.006000 -0.290000
v 1.037554 0.006000 -0.282446
v 1.030000 0.006000 -0.279317
v 1.022446 0.006000 -0.282446
v 1.019317 0.006000 -0.290000
v 1.022446 0.006000 -0.297554
v 1.030000 0.000013 0.288264
v 1.030000 0.000134 0.284425
v 1.033942 0.000134 0.286058
v 1.031227 0.000013 0.288773
v 1.030000 0.000449 0.280665
v 1.036601 0.000449 0.283399
v 1.030000 0.001867 0.278993
v 1.037784 0.001867 0.282217
v 1.030000 0.003000 0.278993
v 1.037784 0.003000 0.282217
v 1.030000 0.005100 0.278993
v 1.030000 0.005700 0.278993
v 1.037784 0.005700 0.282217
v 1.037784 0.005100 0.282217
v 1.035575 0.000134 0.290000
v 1.031736 0.000013 0.290000
v 1.039335 0.000449 0.290000
v 1.041008 0.001867 0.290000
v 1.041008 0.003000 0.290000
v 1.041008 0.005700 0.290000
v 1.041008 0.005100 0.290000
v 1.033942 0.000134 0.293942
v 1.031227 0.000013 0.291227
v 1.036601 0.000449 0.296601
v 1.037784 0.001867 0.297784
v 1.037784 0.003000 0.297784
v 1.037784 0.005700 0.297784
v 1.037784 0.005100 0.297784
v 1.030000 0.000134 0.295575
v 1.030000 0.000013 0.291736
v 1.030000 0.000449 0.299336
v 1.030000 0.001867 0.301008
v 1.030000 0.003000 0.301008
v 1.030000 0.005700 0.301008
v 1.030000 0.005100 0.301008
v 1.026058 0.000134 0.293942
v 1.028773 0.000013 0.291227
v 1.023399 0.000449 0.296601
v 1.022217 0.001867 0.297784
v 1.022217 0.003000 0.297784
v 1.022217 0.005700 0.297784
v 1.022217 0.005100 0.297784
v 1.024425 0.000134 0.290000
v 1.028264 0.000013 0.290000
v 1.020665 0.000449 0.290000
v 1.018993 0.001867 0.290000
v 1.018993 0.003000 0.290000
v 1.018993 0.005700 0.290000
v 1.018993 0.005100 0.290000
v 1.026058 0.000134 0.286058
v 1.028773 0.000013 0.288773
v 1.023399 0.000449 0.283399
v 1.022217 0.001867 0.282217
v 1.022217 0.003000 0.282217
v 1.022217 0.005700 0.282217
v 1.022217 0.005100 0.282217
v 1.030000 -0.000015 0.290000
v 1.030000 0.006000 0.290000
v 1.040033 0.006000 0.290000
v 1.037095 0.006000 0.282905
v 1.030000 0.006000 0.279967
v 1.030000 0.006000 0.300033
v 1.037095 0.006000 0.297095
v 1.019967 0.006000 0.290000
v 1.022905 0.006000 0.297095
v 1.022905 0.006000 0.282905
v 1.030000 0.006000 0.278993
v 1.037784 0.006000 0.282217
v 1.041008 0.006000 0.290000
v 1.037784 0.006000 0.297784
v 1.030000 0.006000 0.301008
v 1.022217 0.006000 0.297784
v 1.018993 0.006000 0.290000
v 1.022217 0.006000 0.282217
v 1.037554 0.006000 0.282446
v 1.030000 0.006000 0.279317
v 1.040683 0.006000 0.290000
v 1.037554 0.006000 0.297554
v 1.030000 0.006000 0.300683
v 1.022446 0.006000 0.297554
v 1.019317 0.006000 0.290000
v 1.022446 0.006000 0.282446
vn 1.0000 -0.0000 -0.0000
vn -0.0000 -1.0000 -0.0000
vn -0.0000 -0.7940 0.6080
vn -0.0000 -0.2863 0.9581
vn -0.0000 -0.0000 1.0000
vn -0.0000 -0.7940 -0.6080
vn -0.0000 -0.2863 -0.9581
vn -0.0000 -0.0000 -1.0000
vn 0.9012 -0.3441 0.2635
vn 0.3685 -0.7381 0.5652
vn 0.3686 -0.9296 -0.0000
vn 0.9021 -0.4316 -0.0000
vn 0.3685 -0.7381 -0.5652
vn 0.9012 -0.3441 -0.2635
vn 0.3688 -0.2661 -0.8906
vn 0.9033 -0.1228 -0.4110
vn 0.3827 -0.0000 -0.9239
vn 0.9239 -0.0000 -0.3827
vn 0.3827 -0.0000 0.9239
vn 0.9239 -0.0000 0.3827
vn 0.3688 -0.2661 0.8906
vn 0.9033 -0.1228 0.4110
vn -0.0000 -0.2863 0.9582
vn -0.0000 -0.2863 -0.9582
vn -0.0000 1.0000 -0.0000
vn 0.7071 0.7071 -0.0000
vn -0.0000 0.7071 -0.7071
vn -0.0000 0.7071 0.7071
vn 0.2971 0.6302 -0.7173
vn 0.7173 0.6302 -0.2971
vn 0.7173 0.6302 0.2971
vn 0.2971 0.6303 0.7173
vn -1.0000 -0.0000 -0.0000
vn -0.9012 -0.3441 0.2635
vn -0.9021 -0.4316 -0.0000
vn -0.3686 -0.9296 -0.0000
vn -0.3685 -0.7381 0.5652
vn -0.9012 -0.3441 -0.2635
vn -0.3685 -0.7381 -0.5652
vn -0.9033 -0.1228 -0.4110
vn -0.3688 -0.2661 -0.8906
vn -0.9239 -0.0000 -0.3827
vn -0.3827 -0.0000 -0.9239
vn -0.3827 -0.0000 0.9239
vn -0.9239 -0.0000 0.3827
vn -0.9033 -0.1228 0.4110
vn -0.3688 -0.2661 0.8906
vn -0.7071 0.7071 -0.0000
vn -0.7173 0.6302 -0.2971
vn -0.2971 0.6302 -0.7173
vn -0.2971 0.6302 0.7173
vn -0.7173 0.6302 0.2971
vn -0.0000 -0.9807 -0.1956
vn 0.0017 -0.9807 -0.1956
vn -0.0000 -0.8312 -0.5559
vn 0.0047 -0.8312 -0.5559
vn -0.0000 -0.7071 -0.7071
vn 0.0060 -0.7071 -0.7071
vn -0.0000 -0.3752 -0.9269
vn 0.0079 -0.3752 -0.9269
vn -0.0000 0.3820 -0.9242
vn 0.0078 0.3819 -0.9242
vn -0.0000 0.9204 -0.3910
vn 0.0033 0.9203 -0.3911
vn 0.1975 -0.9803 -0.0092
vn 0.1979 -0.9802 -0.0000
vn 0.5568 -0.8303 -0.0259
vn 0.5575 -0.8302 -0.0000
vn 0.7063 -0.7072 -0.0328
vn 0.7070 -0.7072 -0.0000
vn 0.7062 -0.7072 -0.0328
vn 0.9266 -0.3737 -0.0430
vn 0.9276 -0.3736 -0.0000
vn 0.9238 0.3805 -0.0429
vn 0.9248 0.3804 -0.0000
vn 0.3944 0.9188 -0.0183
vn 0.3952 0.9186 -0.0000
vn 0.1970 -0.9802 -0.0183
vn 0.5551 -0.8302 -0.0516
vn 0.7040 -0.7072 -0.0655
vn 0.9236 -0.3736 -0.0859
vn 0.9209 0.3804 -0.0856
vn 0.3934 0.9186 -0.0366
vn 0.1953 -0.9804 -0.0261
vn 0.5520 -0.8306 -0.0739
vn 0.7008 -0.7071 -0.0939
vn 0.7008 -0.7072 -0.0939
vn 0.9191 -0.3742 -0.1232
vn 0.9164 0.3809 -0.1228
vn 0.3902 0.9193 -0.0523
vn 0.1957 -0.9800 -0.0361
vn 0.5491 -0.8296 -0.1011
vn 0.6954 -0.7072 -0.1279
vn 0.6955 -0.7071 -0.1278
vn 0.6954 -0.7072 -0.1272
vn 0.6956 -0.7071 -0.1270
vn 0.9127 -0.3732 -0.1665
vn 0.9101 0.3796 -0.1660
vn 0.3902 0.9180 -0.0713
vn 0.1968 -0.9770 -0.0817
vn 0.5228 -0.8249 -0.2150
vn 0.6496 -0.7120 -0.2664
vn 0.6498 -0.7120 -0.2660
vn 0.6508 -0.7121 -0.2635
vn 0.6510 -0.7121 -0.2627
vn 0.8641 -0.3646 -0.3470
vn 0.8612 0.3725 -0.3459
vn 0.3908 0.9067 -0.1586
vn 0.1479 -0.9758 -0.1611
vn 0.3835 -0.8255 -0.4142
vn 0.4724 -0.7196 -0.5090
vn 0.4727 -0.7196 -0.5086
vn 0.4750 -0.7197 -0.5064
vn 0.4756 -0.7197 -0.5058
vn 0.6400 -0.3622 -0.6776
vn 0.6377 0.3703 -0.6754
vn 0.2960 0.9013 -0.3163
vn 0.0696 -0.9778 -0.1975
vn 0.1850 -0.8276 -0.5299
vn 0.2302 -0.7144 -0.6608
vn 0.2300 -0.7144 -0.6608
vn 0.2288 -0.7144 -0.6612
vn 0.2284 -0.7144 -0.6614
vn 0.3024 -0.3665 -0.8799
vn 0.3015 0.3741 -0.8770
vn 0.1373 0.9084 -0.3950
vn 0.0260 -0.9795 -0.2000
vn 0.0711 -0.8282 -0.5559
vn 0.0894 -0.7068 -0.7018
vn 0.0890 -0.7068 -0.7018
vn 0.0866 -0.7068 -0.7021
vn 0.0859 -0.7069 -0.7021
vn 0.1118 -0.3715 -0.9217
vn 0.1115 0.3783 -0.9189
vn 0.0490 0.9164 -0.3973
vn 0.0128 -0.9806 -0.1957
vn 0.0363 -0.8310 -0.5551
vn 0.0461 -0.7071 -0.7056
vn 0.0604 -0.3748 -0.9251
vn 0.0602 0.3816 -0.9224
vn 0.0256 0.9200 -0.3912
vn 0.0100 -0.9807 -0.1954
vn 0.0285 -0.8312 -0.5553
vn 0.0363 -0.7071 -0.7062
vn 0.0475 -0.3751 -0.9258
vn 0.0474 0.3819 -0.9230
vn 0.0201 0.9203 -0.3908
vn 0.0080 -0.9807 -0.1955
vn 0.0228 -0.8312 -0.5555
vn 0.0290 -0.7071 -0.7065
vn 0.0380 -0.3751 -0.9262
vn 0.0379 0.3819 -0.9234
vn 0.0160 0.9203 -0.3909
vn 0.0065 -0.9807 -0.1953
vn 0.0185 -0.8313 -0.5555
vn 0.0236 -0.7071 -0.7067
vn 0.0309 -0.3753 -0.9264
vn 0.0308 0.3821 -0.9236
vn 0.0130 0.9205 -0.3905
vn 0.0051 -0.9807 -0.1955
vn 0.0146 -0.8312 -0.5558
vn 0.0186 -0.7071 -0.7069
vn 0.0244 -0.3752 -0.9266
vn 0.0243 0.3819 -0.9239
vn 0.0103 0.9203 -0.3910
vn 0.0034 -0.9807 -0.1956
vn 0.0097 -0.8312 -0.5559
vn 0.0123 -0.7071 -0.7070
vn 0.0161 -0.3752 -0.9268
vn 0.0161 0.3819 -0.9240
vn 0.0068 0.9203 -0.3910
vn 0.0017 -0.9807 0.1956
vn -0.0000 -0.9807 0.1956
vn 0.0047 -0.8312 0.5559
vn -0.0000 -0.8313 0.5559
vn 0.0060 -0.7071 0.7071
vn -0.0000 -0.7071 0.7071
vn 0.0079 -0.3752 0.9269
vn -0.0000 -0.3752 0.9269
vn 0.0078 0.3819 0.9242
vn -0.0000 0.3820 0.9242
vn 0.0033 0.9203 0.3911
vn -0.0000 0.9204 0.3910
vn 0.1975 -0.9803 0.0092
vn 0.5568 -0.8302 0.0259
vn 0.7063 -0.7072 0.0328
vn 0.9266 -0.3737 0.0430
vn 0.9238 0.3805 0.0429
vn 0.3944 0.9188 0.0183
vn 0.1970 -0.9802 0.0183
vn 0.5551 -0.8302 0.0516
vn 0.7040 -0.7072 0.0655
vn 0.9236 -0.3736 0.0859
vn 0.9209 0.3804 0.0856
vn 0.3935 0.9186 0.0366
vn 0.1953 -0.9804 0.0261
vn 0.5520 -0.8306 0.0739
vn 0.7008 -0.7071 0.0939
vn 0.7008 -0.7072 0.0939
vn 0.9191 -0.3742 0.1232
vn 0.9164 0.3809 0.1228
vn 0.3902 0.9193 0.0523
vn 0.1954 -0.9801 0.0360
vn 0.5491 -0.8296 0.1011
vn 0.6953 -0.7073 0.1279
vn 0.6954 -0.7072 0.1278
vn 0.6956 -0.7071 0.1272
vn 0.6954 -0.7073 0.1270
vn 0.9128 -0.3729 0.1665
vn 0.9102 0.3795 0.1660
vn 0.3902 0.9180 0.0713
vn 0.1969 -0.9770 0.0818
vn 0.5228 -0.8249 0.2150
vn 0.6496 -0.7120 0.2664
vn 0.6498 -0.7120 0.2660
vn 0.6508 -0.7121 0.2635
vn 0.6510 -0.7122 0.2627
vn 0.8641 -0.3645 0.3470
vn 0.8612 0.3725 0.3459
vn 0.3909 0.9066 0.1587
vn 0.1479 -0.9758 0.1611
vn 0.3835 -0.8255 0.4142
vn 0.4723 -0.7196 0.5090
vn 0.4727 -0.7196 0.5086
vn 0.4751 -0.7196 0.5065
vn 0.4757 -0.7196 0.5058
vn 0.6402 -0.3619 0.6776
vn 0.6380 0.3699 0.6754
vn 0.2960 0.9013 0.3163
vn 0.0696 -0.9778 0.1976
vn 0.1850 -0.8276 0.5299
vn 0.2302 -0.7144 0.6608
vn 0.2300 -0.7144 0.6608
vn 0.2288 -0.7144 0.6612
vn 0.2284 -0.7144 0.6614
vn 0.3024 -0.3666 0.8799
vn 0.3015 0.3740 0.8770
vn 0.1373 0.9083 0.3951
vn 0.0260 -0.9795 0.2000
vn 0.0711 -0.8282 0.5559
vn 0.0894 -0.7067 0.7018
vn 0.0890 -0.7068 0.7018
vn 0.0866 -0.7068 0.7021
vn 0.0859 -0.7069 0.7021
vn 0.1118 -0.3715 0.9217
vn 0.1115 0.3783 0.9189
vn 0.0490 0.9164 0.3972
vn 0.0128 -0.9806 0.1957
vn 0.0363 -0.8310 0.5551
vn 0.0461 -0.7071 0.7056
vn 0.0604 -0.3748 0.9251
vn 0.0602 0.3816 0.9224
vn 0.0256 0.9200 0.3912
vn 0.0100 -0.9807 0.1955
vn 0.0285 -0.8312 0.5553
vn 0.0363 -0.7071 0.7062
vn 0.0475 -0.3751 0.9258
vn 0.0474 0.3819 0.9230
vn 0.0201 0.9203 0.3908
vn 0.0080 -0.9807 0.1955
vn 0.0228 -0.8312 0.5555
vn 0.0290 -0.7071 0.7065
vn 0.0380 -0.3751 0.9262
vn 0.0379 0.3819 0.9234
vn 0.0160 0.9203 0.3909
vn 0.0065 -0.9807 0.1953
vn 0.0185 -0.8313 0.5555
vn 0.0236 -0.7071 0.7067
vn 0.0309 -0.3753 0.9264
vn 0.0308 0.3821 0.9236
vn 0.0130 0.9205 0.3905
vn 0.0051 -0.9807 0.1955
vn 0.0146 -0.8312 0.5558
vn 0.0186 -0.7071 0.7069
vn 0.0244 -0.3752 0.9266
vn 0.0243 0.3819 0.9239
vn 0.0103 0.9203 0.3910
vn 0.0034 -0.9807 0.1956
vn 0.0097 -0.8312 0.5559
vn 0.0123 -0.7071 0.7070
vn 0.0161 -0.3752 0.9268
vn 0.0161 0.3819 0.9240
vn 0.0068 0.9203 0.3910
vn -0.0017 -0.9807 -0.1956
vn -0.0047 -0.8312 -0.5559
vn -0.0060 -0.7071 -0.7071
vn -0.0079 -0.3752 -0.9269
vn -0.0078 0.3819 -0.9242
vn -0.0033 0.9203 -0.3911
vn -0.1979 -0.9802 -0.0000
vn -0.1975 -0.9803 -0.0092
vn -0.5575 -0.8302 -0.0000
vn -0.5568 -0.8303 -0.0259
vn -0.7070 -0.7072 -0.0000
vn -0.7063 -0.7072 -0.0328
vn -0.7062 -0.7072 -0.0328
vn -0.9276 -0.3736 -0.0000
vn -0.9266 -0.3737 -0.0430
vn -0.9248 0.3804 -0.0000
vn -0.9238 0.3805 -0.0429
vn -0.3952 0.9186 -0.0000
vn -0.3944 0.9188 -0.0183
vn -0.1970 -0.9802 -0.0183
vn -0.5551 -0.8302 -0.0516
vn -0.7040 -0.7072 -0.0655
vn -0.9236 -0.3736 -0.0859
vn -0.9209 0.3804 -0.0856
vn -0.3935 0.9186 -0.0366
vn -0.1953 -0.9804 -0.0261
vn -0.5520 -0.8306 -0.0739
vn -0.7008 -0.7071 -0.0939
vn -0.9191 -0.3742 -0.1232
vn -0.9164 0.3809 -0.1228
vn -0.3902 0.9193 -0.0523
vn -0.1957 -0.9800 -0.0361
vn -0.5490 -0.8297 -0.1011
vn -0.6953 -0.7073 -0.1279
vn -0.6954 -0.7072 -0.1278
vn -0.6955 -0.7072 -0.1272
vn -0.6956 -0.7072 -0.1270
vn -0.9128 -0.3729 -0.1665
vn -0.9101 0.3796 -0.1660
vn -0.3899 0.9181 -0.0712
vn -0.1969 -0.9770 -0.0818
vn -0.5228 -0.8249 -0.2150
vn -0.6496 -0.7120 -0.2664
vn -0.6498 -0.7120 -0.2660
vn -0.6508 -0.7121 -0.2635
vn -0.6510 -0.7122 -0.2627
vn -0.8640 -0.3649 -0.3469
vn -0.8614 0.3720 -0.3459
vn -0.3909 0.9067 -0.1587
vn -0.1479 -0.9758 -0.1611
vn -0.3834 -0.8255 -0.4142
vn -0.4723 -0.7196 -0.5090
vn -0.4727 -0.7196 -0.5086
vn -0.4751 -0.7195 -0.5065
vn -0.4757 -0.7196 -0.5058
vn -0.6402 -0.3619 -0.6776
vn -0.6377 0.3703 -0.6754
vn -0.2960 0.9013 -0.3163
vn -0.0696 -0.9778 -0.1976
vn -0.1850 -0.8276 -0.5299
vn -0.2302 -0.7144 -0.6608
vn -0.2300 -0.7144 -0.6608
vn -0.2288 -0.7144 -0.6612
vn -0.2284 -0.7144 -0.6614
vn -0.3024 -0.3666 -0.8799
vn -0.3015 0.3741 -0.8770
vn -0.1373 0.9083 -0.3951
vn -0.0260 -0.9794 -0.2000
vn -0.0711 -0.8282 -0.5559
vn -0.0894 -0.7067 -0.7018
vn -0.0890 -0.7068 -0.7018
vn -0.0866 -0.7068 -0.7021
vn -0.0859 -0.7069 -0.7021
vn -0.1118 -0.3715 -0.9217
vn -0.1115 0.3783 -0.9189
vn -0.0490 0.9164 -0.3973
vn -0.0128 -0.9806 -0.1957
vn -0.0363 -0.8310 -0.5551
vn -0.0461 -0.7071 -0.7056
vn -0.0604 -0.3748 -0.9251
vn -0.0602 0.3816 -0.9224
vn -0.0256 0.9200 -0.3912
vn -0.0100 -0.9807 -0.1955
vn -0.0285 -0.8312 -0.5553
vn -0.0363 -0.7071 -0.7062
vn -0.0475 -0.3751 -0.9258
vn -0.0474 0.3819 -0.9230
vn -0.0201 0.9203 -0.3908
vn -0.0080 -0.9807 -0.1955
vn -0.0228 -0.8312 -0.5555
vn -0.0290 -0.7071 -0.7065
vn -0.0380 -0.3751 -0.9262
vn -0.0379 0.3819 -0.9234
vn -0.0160 0.9203 -0.3909
vn -0.0065 -0.9807 -0.1953
vn -0.0185 -0.8313 -0.5555
vn -0.0236 -0.7071 -0.7067
vn -0.0309 -0.3753 -0.9264
vn -0.0308 0.3821 -0.9236
vn -0.0130 0.9205 -0.3905
vn -0.0051 -0.9807 -0.1955
vn -0.0146 -0.8312 -0.5558
vn -0.0186 -0.7071 -0.7069
vn -0.0244 -0.3752 -0.9266
vn -0.0243 0.3819 -0.9239
vn -0.0103 0.9203 -0.3910
vn -0.0034 -0.9807 -0.1956
vn -0.0097 -0.8312 -0.5559
vn -0.0123 -0.7071 -0.7070
vn -0.0161 -0.3752 -0.9268
vn -0.0161 0.3819 -0.9240
vn -0.0068 0.9203 -0.3911
vn -0.0017 -0.9807 0.1956
vn -0.0047 -0.8312 0.5559
vn -0.0060 -0.7071 0.7071
vn -0.0079 -0.3752 0.9269
vn -0.0078 0.3819 0.9242
vn -0.0033 0.9203 0.3911
vn -0.1975 -0.9803 0.0092
vn -0.5568 -0.8303 0.0259
vn -0.7063 -0.7072 0.0328
vn -0.9266 -0.3737 0.0430
vn -0.9238 0.3805 0.0429
vn -0.3944 0.9188 0.0183
vn -0.1970 -0.9802 0.0183
vn -0.5551 -0.8302 0.0516
vn -0.7040 -0.7072 0.0655
vn -0.9236 -0.3736 0.0859
vn -0.9209 0.3804 0.0856
vn -0.3934 0.9186 0.0366
vn -0.1953 -0.9804 0.0261
vn -0.5520 -0.8306 0.0739
vn -0.7008 -0.7071 0.0939
vn -0.9191 -0.3742 0.1232
vn -0.9164 0.3809 0.1228
vn -0.3902 0.9193 0.0523
vn -0.1959 -0.9800 0.0362
vn -0.5490 -0.8297 0.1011
vn -0.6954 -0.7072 0.1279
vn -0.6954 -0.7072 0.1278
vn -0.6955 -0.7072 0.1272
vn -0.6956 -0.7072 0.1270
vn -0.9127 -0.3732 0.1665
vn -0.9101 0.3798 0.1660
vn -0.3902 0.9180 0.0713
vn -0.1969 -0.9770 0.0818
vn -0.5228 -0.8249 0.2150
vn -0.6496 -0.7120 0.2664
vn -0.6498 -0.7120 0.2660
vn -0.6507 -0.7121 0.2635
vn -0.6510 -0.7121 0.2627
vn -0.8641 -0.3646 0.3470
vn -0.8613 0.3722 0.3459
vn -0.3909 0.9066 0.1587
vn -0.1478 -0.9758 0.1611
vn -0.3834 -0.8255 0.4142
vn -0.4724 -0.7195 0.5090
vn -0.4727 -0.7196 0.5086
vn -0.4750 -0.7197 0.5064
vn -0.4757 -0.7196 0.5058
vn -0.6402 -0.3619 0.6776
vn -0.6378 0.3702 0.6754
vn -0.2960 0.9013 0.3163
vn -0.0696 -0.9778 0.1976
vn -0.1850 -0.8276 0.5299
vn -0.2302 -0.7144 0.6608
vn -0.2300 -0.7144 0.6608
vn -0.2288 -0.7144 0.6612
vn -0.2284 -0.7145 0.6613
vn -0.3024 -0.3666 0.8799
vn -0.3015 0.3741 0.8770
vn -0.1373 0.9083 0.3951
vn -0.0260 -0.9795 0.2000
vn -0.0711 -0.8282 0.5559
vn -0.0894 -0.7067 0.7018
vn -0.0890 -0.7068 0.7018
vn -0.0866 -0.7068 0.7021
vn -0.0859 -0.7069 0.7021
vn -0.1118 -0.3715 0.9217
vn -0.1115 0.3783 0.9189
vn -0.0490 0.9164 0.3972
vn -0.0128 -0.9806 0.1957
vn -0.0363 -0.8310 0.5551
vn -0.0461 -0.7071 0.7056
vn -0.0604 -0.3748 0.9251
vn -0.0602 0.3816 0.9224
vn -0.0256 0.9200 0.3912
vn -0.0100 -0.9807 0.1954
vn -0.0285 -0.8312 0.5553
vn -0.0363 -0.7071 0.7062
vn -0.0475 -0.3751 0.9258
vn -0.0474 0.3819 0.9230
vn -0.0201 0.9203 0.3908
vn -0.0080 -0.9807 0.1955
vn -0.0228 -0.8312 0.5555
vn -0.0290 -0.7071 0.7065
vn -0.0380 -0.3751 0.9262
vn -0.0379 0.3819 0.9234
vn -0.0160 0.9203 0.3909
vn -0.0065 -0.9807 0.1953
vn -0.0185 -0.8313 0.5555
vn -0.0236 -0.7071 0.7067
vn -0.0309 -0.3753 0.9264
vn -0.0308 0.3821 0.9236
vn -0.0130 0.9205 0.3905
vn -0.0051 -0.9807 0.1955
vn -0.0146 -0.8312 0.5557
vn -0.0186 -0.7071 0.7069
vn -0.0244 -0.3752 0.9266
vn -0.0243 0.3819 0.9239
vn -0.0103 0.9203 0.3910
vn -0.0034 -0.9807 0.1956
vn -0.0097 -0.8312 0.5559
vn -0.0123 -0.7071 0.7070
vn -0.0161 -0.3752 0.9268
vn -0.0161 0.3819 0.9240
vn -0.0068 0.9203 0.3910
vn 0.9792 0.0983 0.1773
vn 0.9800 0.0474 0.1933
vn 0.8034 0.2880 0.5212
vn 0.8059 0.1419 0.5747
vn 0.4369 0.4345 0.7876
vn 0.4390 0.2163 0.8721
vn -0.0000 0.4830 0.8756
vn -0.0000 0.2410 0.9705
vn -0.4371 0.4345 0.7875
vn -0.4390 0.2163 0.8721
vn -0.8034 0.2880 0.5212
vn -0.8059 0.1419 0.5748
vn -0.9792 0.0985 0.1776
vn -0.9800 0.0474 0.1933
vn 0.9796 0.1421 0.1419
vn 0.8046 0.4197 0.4200
vn 0.4376 0.6352 0.6364
vn -0.0000 0.7064 0.7079
vn -0.4376 0.6352 0.6364
vn -0.8047 0.4197 0.4200
vn -0.9796 0.1421 0.1419
vn 0.9795 0.1749 0.0999
vn 0.8047 0.5151 0.2953
vn 0.4379 0.7798 0.4474
vn -0.0000 0.8673 0.4978
vn -0.4382 0.7797 0.4473
vn -0.8047 0.5151 0.2953
vn -0.9796 0.1746 0.0999
vn 0.9797 0.1940 0.0507
vn 0.8048 0.5739 0.1515
vn 0.4386 0.8683 0.2315
vn -0.0000 0.9660 0.2584
vn -0.4386 0.8683 0.2315
vn -0.8049 0.5738 0.1515
vn -0.9796 0.1943 0.0505
vn 0.9812 0.1925 0.0122
vn 0.8097 0.5855 0.0384
vn 0.4422 0.8949 0.0598
vn -0.0000 0.9978 0.0669
vn -0.4422 0.8949 0.0598
vn -0.8097 0.5855 0.0384
vn -0.9812 0.1925 0.0122
vn 0.9825 0.1860 -0.0000
vn 0.8142 0.5806 -0.0000
vn 0.4459 0.8951 -0.0000
vn -0.4459 0.8951 -0.0000
vn -0.8142 0.5806 -0.0000
vn -0.9825 0.1860 -0.0000
vn 0.9822 0.0236 0.1864
vn 0.8118 0.0733 0.5793
vn 0.4429 0.1126 0.8895
vn -0.0000 0.1256 0.9921
vn -0.4429 0.1126 0.8895
vn -0.8118 0.0733 0.5793
vn -0.9822 0.0236 0.1864
vn 0.9823 0.0228 0.1860
vn 0.8122 0.0710 0.5790
vn 0.4434 0.1092 0.8897
vn -0.0000 0.1219 0.9925
vn -0.4434 0.1092 0.8897
vn -0.8122 0.0710 0.5790
vn -0.9823 0.0228 0.1860
vn 0.9771 -0.1673 0.1318
vn 0.9769 -0.2088 0.0464
vn 0.7963 -0.4781 0.3705
vn 0.7945 -0.5943 0.1245
vn 0.4312 -0.7151 0.5502
vn 0.4283 -0.8854 0.1809
vn -0.0000 -0.7928 0.6094
vn -0.0000 -0.9799 0.1994
vn -0.4312 -0.7151 0.5502
vn -0.4282 -0.8854 0.1809
vn -0.7963 -0.4781 0.3705
vn -0.7945 -0.5943 0.1245
vn -0.9770 -0.1674 0.1318
vn -0.9769 -0.2088 0.0464
vn 0.9814 -0.1919 -0.0000
vn 0.8057 -0.5924 -0.0000
vn 0.4350 -0.9004 -0.0000
vn -0.4350 -0.9004 -0.0000
vn -0.8057 -0.5924 -0.0000
vn -0.9814 -0.1919 -0.0000
vn 0.9795 -0.0048 0.2016
vn 0.9767 -0.0876 0.1960
vn 0.8042 -0.0141 0.5942
vn 0.7961 -0.2452 0.5532
vn 0.4378 -0.0209 0.8988
vn 0.4314 -0.3644 0.8253
vn -0.0000 -0.0229 0.9997
vn -0.0000 -0.4034 0.9150
vn -0.4378 -0.0209 0.8988
vn -0.4315 -0.3644 0.8253
vn -0.8042 -0.0141 0.5942
vn -0.7961 -0.2452 0.5532
vn -0.9795 -0.0048 0.2016
vn -0.9767 -0.0876 0.1961
vn 0.9825 0.0227 0.1846
vn 0.8142 0.0708 0.5763
vn 0.4459 0.1091 0.8884
vn -0.4459 0.1091 0.8884
vn -0.8142 0.0708 0.5763
vn -0.9825 0.0227 0.1846
vn 0.9825 0.0226 0.1847
vn 0.8140 0.0707 0.5765
vn 0.4460 0.1091 0.8883
vn -0.4460 0.1091 0.8883
vn -0.8140 0.0707 0.5765
vn -0.9825 0.0226 0.1847
vn 0.9825 0.0226 0.1851
vn 0.9824 0.0227 0.1856
vn 0.8135 0.0707 0.5773
vn 0.8128 0.0708 0.5782
vn 0.4450 0.1090 0.8889
vn 0.4440 0.1091 0.8893
vn -0.4450 0.1090 0.8889
vn -0.4440 0.1091 0.8893
vn -0.8135 0.0707 0.5773
vn -0.8128 0.0708 0.5783
vn -0.9825 0.0226 0.1851
vn -0.9824 0.0227 0.1856
vn -0.0000 0.7940 -0.6080
vn -0.0000 0.2863 -0.9582
vn -0.0000 0.2863 -0.9581
vn 0.7071 -0.0000 -0.7071
vn 0.7316 0.1385 -0.6675
vn 0.6143 0.4381 -0.6563
vn 0.3363 0.6751 -0.6566
vn -0.0000 0.7500 -0.6615
vn -0.3363 0.6751 -0.6566
vn -0.6143 0.4381 -0.6563
vn -0.7316 0.1385 -0.6675
vn -0.7071 -0.0000 -0.7071
vn -0.7776 0.1800 -0.6025
vn -0.7895 0.4872 -0.3731
vn -0.7844 0.6202 -0.0000
vn 0.7895 0.4872 -0.3731
vn 0.7844 0.6202 -0.0000
vn 0.7776 0.1800 -0.6025
vn 0.9800 0.0474 -0.1933
vn 0.9791 0.0985 -0.1778
vn 0.8057 0.1421 -0.5751
vn 0.8034 0.2880 -0.5212
vn 0.4387 0.2163 -0.8722
vn 0.4369 0.4345 -0.7876
vn -0.0000 0.2410 -0.9705
vn -0.0000 0.4830 -0.8756
vn -0.4390 0.2163 -0.8721
vn -0.4369 0.4345 -0.7876
vn -0.8057 0.1421 -0.5751
vn -0.8034 0.2880 -0.5212
vn -0.9800 0.0474 -0.1933
vn -0.9792 0.0983 -0.1773
vn 0.9796 0.1421 -0.1419
vn 0.8046 0.4197 -0.4200
vn 0.4376 0.6352 -0.6364
vn -0.0000 0.7064 -0.7079
vn -0.4381 0.6351 -0.6363
vn -0.8046 0.4198 -0.4201
vn -0.9796 0.1421 -0.1419
vn 0.9796 0.1746 -0.0999
vn 0.8044 0.5154 -0.2954
vn 0.4382 0.7797 -0.4473
vn -0.0000 0.8673 -0.4978
vn -0.4382 0.7797 -0.4473
vn -0.8045 0.5154 -0.2954
vn -0.9796 0.1746 -0.0999
vn 0.9797 0.1940 -0.0507
vn 0.8048 0.5738 -0.1515
vn 0.4384 0.8685 -0.2316
vn -0.0000 0.9661 -0.2581
vn -0.4383 0.8685 -0.2316
vn -0.8048 0.5738 -0.1515
vn -0.9796 0.1943 -0.0505
vn 0.9812 0.1925 -0.0121
vn 0.8097 0.5855 -0.0384
vn 0.4421 0.8950 -0.0598
vn -0.0000 0.9978 -0.0669
vn -0.4419 0.8951 -0.0598
vn -0.8097 0.5855 -0.0384
vn -0.9812 0.1925 -0.0121
vn 0.9822 0.0236 -0.1864
vn 0.8118 0.0733 -0.5793
vn 0.4429 0.1126 -0.8895
vn -0.0000 0.1256 -0.9921
vn -0.4429 0.1126 -0.8895
vn -0.8118 0.0733 -0.5793
vn -0.9822 0.0236 -0.1864
vn 0.9823 0.0228 -0.1860
vn 0.8122 0.0710 -0.5790
vn 0.4434 0.1092 -0.8897
vn -0.0000 0.1219 -0.9925
vn -0.4434 0.1092 -0.8897
vn -0.8122 0.0710 -0.5790
vn -0.9823 0.0228 -0.1860
vn 0.9769 -0.2088 -0.0464
vn 0.9771 -0.1673 -0.1318
vn 0.7945 -0.5943 -0.1245
vn 0.7963 -0.4781 -0.3705
vn 0.4282 -0.8854 -0.1809
vn 0.4312 -0.7151 -0.5502
vn -0.0000 -0.9800 -0.1991
vn -0.0000 -0.7928 -0.6094
vn -0.4283 -0.8854 -0.1809
vn -0.4312 -0.7151 -0.5502
vn -0.7945 -0.5943 -0.1245
vn -0.7963 -0.4781 -0.3705
vn -0.9769 -0.2088 -0.0464
vn -0.9771 -0.1673 -0.1318
vn 0.9766 -0.0876 -0.1962
vn 0.9794 -0.0049 -0.2017
vn 0.7961 -0.2452 -0.5533
vn 0.8042 -0.0141 -0.5942
vn 0.4315 -0.3644 -0.8253
vn 0.4378 -0.0209 -0.8988
vn -0.0000 -0.4034 -0.9150
vn -0.0000 -0.0229 -0.9997
vn -0.4315 -0.3644 -0.8253
vn -0.4378 -0.0209 -0.8988
vn -0.7961 -0.2452 -0.5532
vn -0.8041 -0.0142 -0.5944
vn -0.9766 -0.0876 -0.1963
vn -0.9795 -0.0048 -0.2016
vn 0.9825 0.0227 -0.1847
vn 0.8142 0.0708 -0.5763
vn 0.4459 0.1091 -0.8884
vn -0.4459 0.1091 -0.8884
vn -0.8142 0.0708 -0.5763
vn -0.9825 0.0227 -0.1846
vn 0.9825 0.0226 -0.1847
vn 0.8142 0.0707 -0.5762
vn 0.4460 0.1091 -0.8884
vn -0.4460 0.1091 -0.8884
vn -0.8140 0.0707 -0.5765
vn -0.9825 0.0226 -0.1847
vn 0.9825 0.0226 -0.1851
vn 0.9824 0.0227 -0.1856
vn 0.8135 0.0707 -0.5773
vn 0.8128 0.0708 -0.5783
vn 0.4450 0.1090 -0.8889
vn 0.4440 0.1091 -0.8893
vn -0.4450 0.1090 -0.8889
vn -0.4440 0.1091 -0.8893
vn -0.8135 0.0707 -0.5773
vn -0.8128 0.0708 -0.5783
vn -0.9825 0.0226 -0.1851
vn -0.9824 0.0227 -0.1856
vn -0.0000 0.7940 0.6080
vn -0.0000 0.2863 0.9582
vn 0.7071 -0.0000 0.7071
vn 0.7316 0.1385 0.6675
vn 0.6143 0.4381 0.6563
vn 0.3363 0.6751 0.6566
vn -0.0000 0.7500 0.6615
vn -0.3363 0.6751 0.6566
vn -0.6143 0.4381 0.6563
vn -0.7316 0.1385 0.6675
vn -0.7071 -0.0000 0.7071
vn -0.7776 0.1800 0.6025
vn -0.7895 0.4873 0.3731
vn 0.7895 0.4872 0.3731
vn 0.7776 0.1800 0.6025
vn -0.9792 0.0983 0.1773
vn -0.8059 0.1419 0.5747
vn -0.4369 0.4345 0.7876
vn 0.4391 0.2163 0.8720
vn 0.8059 0.1419 0.5748
vn 0.8033 0.2880 0.5213
vn 0.9792 0.0985 0.1776
vn -0.8043 0.4199 0.4204
vn 0.9796 0.1422 0.1422
vn -0.9795 0.1749 0.0999
vn -0.8044 0.5154 0.2954
vn 0.4382 0.7797 0.4473
vn 0.8044 0.5154 0.2954
vn 0.9796 0.1746 0.0999
vn -0.8048 0.5738 0.1515
vn 0.8049 0.5738 0.1515
vn 0.9796 0.1943 0.0505
vn 0.9812 0.1925 0.0121
vn -0.9771 -0.1673 0.1318
vn -0.4283 -0.8854 0.1809
vn -0.0000 -0.9800 0.1989
vn -0.0000 -0.7930 0.6092
vn 0.4282 -0.8854 0.1809
vn -0.9794 -0.0049 0.2017
vn 0.4315 -0.3644 0.8253
vn 0.9767 -0.0876 0.1961
vn -0.9826 0.0226 0.1844
vn -0.4460 0.1091 0.8884
vn 0.8142 0.0707 0.5762
vn -0.8128 0.0708 0.5782
vn 0.8128 0.0708 0.5783
vn 0.7895 0.4873 -0.3731
vn -0.7895 0.4873 -0.3731
vn -0.8033 0.2880 -0.5214
vn -0.8060 0.1419 -0.5747
vn -0.4387 0.2163 -0.8722
vn 0.8033 0.2880 -0.5213
vn -0.4376 0.6352 -0.6364
vn 0.9796 0.1422 -0.1422
vn -0.8044 0.5154 -0.2954
vn 0.8043 0.5155 -0.2954
vn -0.4382 0.8685 -0.2316
vn 0.4383 0.8685 -0.2316
vn 0.8049 0.5738 -0.1515
vn 0.9796 0.1943 -0.0505
vn -0.8097 0.5856 -0.0384
vn -0.4422 0.8949 -0.0598
vn -0.8120 0.0710 -0.5793
vn -0.4282 -0.8854 -0.1809
vn -0.9794 -0.0049 -0.2017
vn -0.9767 -0.0876 -0.1961
vn -0.8042 -0.0141 -0.5942
vn 0.4377 -0.0209 -0.8989
vn 0.8041 -0.0141 -0.5943
vn 0.7961 -0.2452 -0.5532
vn 0.9795 -0.0048 -0.2016
vn 0.9766 -0.0876 -0.1963
vn -0.9825 0.0227 -0.1847
vn 0.9825 0.0227 -0.1846
vn -0.9826 0.0226 -0.1844
vn -0.4460 0.1091 -0.8883
vn 0.4456 0.1091 -0.8885
vn 0.8140 0.0707 -0.5765
vn 0.9826 0.0225 -0.1844
vn 0.7895 0.4873 0.3731
vn -0.7895 0.4872 0.3731
vn -0.0000 -0.9997 -0.0257
vn -0.0000 -0.9979 -0.0640
vn 0.0453 -0.9979 -0.0453
vn 0.0139 -0.9998 -0.0139
vn -0.0000 -0.8959 -0.4443
vn 0.3142 -0.8959 -0.3142
vn -0.0000 -0.3855 -0.9227
vn 0.6524 -0.3855 -0.6524
vn 0.0640 -0.9979 -0.0000
vn 0.0257 -0.9997 -0.0000
vn 0.4443 -0.8959 -0.0000
vn 0.9227 -0.3855 -0.0000
vn 0.0453 -0.9979 0.0453
vn 0.0139 -0.9998 0.0139
vn 0.3142 -0.8959 0.3142
vn 0.6524 -0.3855 0.6524
vn -0.0000 -0.9979 0.0640
vn -0.0000 -0.9997 0.0257
vn -0.0000 -0.8959 0.4443
vn -0.0000 -0.3855 0.9227
vn -0.0453 -0.9979 0.0453
vn -0.0139 -0.9998 0.0139
vn -0.3142 -0.8959 0.3142
vn -0.6524 -0.3855 0.6524
vn -0.0640 -0.9979 -0.0000
vn -0.0257 -0.9997 -0.0000
vn -0.4443 -0.8959 -0.0000
vn -0.9227 -0.3855 -0.0000
vn -0.0453 -0.9979 -0.0453
vn -0.0139 -0.9998 -0.0139
vn -0.3142 -0.8959 -0.3142
vn -0.6524 -0.3855 -0.6524
vn -0.0000 0.6302 -0.7764
vn 0.5490 0.6302 -0.5490
vn 0.7764 0.6302 -0.0000
vn 0.5490 0.6302 0.5490
vn -0.0000 0.6302 0.7764
vn -0.5490 0.6302 0.5490
vn -0.7764 0.6302 -0.0000
vn -0.5490 0.6302 -0.5490
vn 0.3141 -0.8959 0.3141
vt 0.046500 -0.539900
vt 0.038400 -0.526900
vt 0.030300 -0.539900
vt 0.038400 -0.542500
vt 0.038400 -0.512500
vt 0.050900 -0.526900
vt 0.050800 -0.512500
vt 0.038300 -0.370300
vt 0.050800 -0.370300
vt 0.025900 -0.512500
vt 0.025900 -0.526900
vt 0.025800 -0.370300
vt 0.258000 0.156900
vt 0.258100 -0.014600
vt 0.273000 -0.014600
vt 0.273000 0.156900
vt 0.287200 -0.014600
vt 0.287200 0.156900
vt 0.296400 -0.014600
vt 0.296400 0.156900
vt 0.310700 -0.014600
vt 0.310700 0.156900
vt 0.243000 0.156900
vt 0.243100 -0.014600
vt 0.228900 0.156900
vt 0.228900 -0.014600
vt 0.219700 0.156900
vt 0.219700 -0.014600
vt 0.205400 0.156900
vt 0.205400 -0.014600
vt 0.063200 0.156900
vt 0.063200 -0.014700
vt 0.452900 -0.014700
vt 0.452900 0.156900
vt 0.272900 -0.368000
vt 0.273000 -0.365200
vt 0.258000 -0.365200
vt 0.258000 -0.368000
vt 0.243100 -0.365200
vt 0.243200 -0.368000
vt 0.229000 -0.365200
vt 0.229200 -0.368000
vt 0.219900 -0.365400
vt 0.220000 -0.368200
vt 0.205500 -0.365300
vt 0.205500 -0.368100
vt 0.063300 -0.365400
vt 0.063300 -0.368200
vt 0.452800 -0.365400
vt 0.310600 -0.365300
vt 0.310600 -0.368100
vt 0.452800 -0.368200
vt 0.296200 -0.365400
vt 0.296100 -0.368200
vt 0.287100 -0.365200
vt 0.286900 -0.368000
vt 0.258100 -0.357600
vt 0.258000 -0.362800
vt 0.273000 -0.362800
vt 0.273000 -0.357700
vt 0.287100 -0.362800
vt 0.287200 -0.357700
vt 0.296200 -0.362900
vt 0.296300 -0.357700
vt 0.310600 -0.362900
vt 0.310600 -0.357800
vt 0.243100 -0.357600
vt 0.243100 -0.362800
vt 0.228900 -0.357700
vt 0.229000 -0.362800
vt 0.219800 -0.357700
vt 0.219900 -0.362900
vt 0.205500 -0.357700
vt 0.205500 -0.362900
vt 0.063300 -0.362900
vt 0.063300 -0.357800
vt 0.452800 -0.362900
vt 0.452800 -0.357800
vt 0.027000 -0.544200
vt 0.038400 -0.547900
vt 0.049800 -0.544200
vt 0.056000 -0.534700
vt 0.050900 -0.533200
vt 0.056000 -0.526800
vt 0.056000 -0.512500
vt 0.055900 -0.370300
vt 0.020700 -0.370300
vt 0.020700 -0.512500
vt 0.020700 -0.526900
vt 0.020700 -0.534700
vt 0.025900 -0.533200
vt 0.038400 -0.550500
vt 0.025400 -0.546200
vt 0.051300 -0.546200
vt 0.058400 -0.535400
vt 0.058400 -0.526800
vt 0.058400 -0.512500
vt 0.058400 -0.370300
vt 0.018300 -0.512500
vt 0.018300 -0.370300
vt 0.018300 -0.526900
vt 0.018300 -0.535400
vt 0.019100 0.156900
vt 0.019100 -0.014700
vt 0.020600 -0.014700
vt 0.020600 0.156900
vt 0.020700 -0.362900
vt 0.019200 -0.362900
vt 0.019200 -0.364200
vt 0.020700 -0.363700
vt 0.017100 0.156900
vt 0.017200 -0.014700
vt 0.019200 -0.357800
vt 0.017200 -0.357800
vt 0.017200 -0.362900
vt 0.017200 -0.365000
vt 0.019500 -0.364400
vt 0.018700 -0.366400
vt 0.020700 -0.364400
vt 0.020700 -0.366400
vt 0.025800 -0.364400
vt 0.025800 -0.366400
vt 0.038300 -0.364400
vt 0.038300 -0.366400
vt 0.050800 -0.364400
vt 0.050800 -0.366400
vt 0.055900 -0.364400
vt 0.055900 -0.366400
vt 0.057200 -0.364400
vt 0.058000 -0.366400
vt 0.057400 -0.364100
vt 0.059400 -0.365000
vt 0.057400 -0.362900
vt 0.059400 -0.362900
vt 0.057400 -0.357800
vt 0.059400 -0.357800
vt 0.057300 0.156900
vt 0.057300 -0.014700
vt 0.059300 -0.014700
vt 0.059300 0.156900
vt 0.050800 -0.368300
vt 0.038300 -0.368300
vt 0.025800 -0.368300
vt 0.061200 0.156900
vt 0.061200 -0.014700
vt 0.454900 -0.014700
vt 0.454900 0.156900
vt 0.061300 -0.365400
vt 0.061300 -0.368200
vt 0.454800 -0.368200
vt 0.454800 -0.365400
vt 0.061300 -0.357800
vt 0.061300 -0.362900
vt 0.454800 -0.362900
vt 0.454800 -0.357800
vt 0.055900 -0.368300
vt 0.020700 -0.368300
vt 0.058400 -0.368300
vt 0.018300 -0.368300
vt 0.050800 -0.367300
vt 0.038300 -0.367300
vt 0.025800 -0.367400
vt 0.060300 0.156900
vt 0.060300 -0.014700
vt 0.455800 -0.014700
vt 0.455800 0.156900
vt 0.060400 -0.365400
vt 0.060400 -0.368200
vt 0.455700 -0.368200
vt 0.455700 -0.365400
vt 0.060400 -0.357800
vt 0.060400 -0.362900
vt 0.455700 -0.362900
vt 0.455700 -0.357800
vt 0.055900 -0.367300
vt 0.020700 -0.367400
vt 0.058400 -0.367300
vt 0.018300 -0.367400
vt 0.016200 0.156900
vt 0.016200 -0.014700
vt 0.016300 -0.357800
vt 0.016300 -0.362900
vt 0.016300 -0.365400
vt 0.020700 -0.357800
vt 0.038300 -0.363700
vt 0.025800 -0.363700
vt 0.038300 -0.362900
vt 0.025800 -0.362900
vt 0.038300 -0.357800
vt 0.025800 -0.357800
vt 0.038200 -0.014700
vt 0.038200 0.156900
vt 0.025700 0.156900
vt 0.025700 -0.014700
vt 0.050800 -0.363700
vt 0.050800 -0.362900
vt 0.050800 -0.357800
vt 0.050700 -0.014700
vt 0.050700 0.156900
vt 0.055900 -0.363700
vt 0.055900 -0.362900
vt 0.055900 -0.357800
vt 0.055900 -0.014700
vt 0.055900 0.156900
vt 0.258100 -0.186200
vt 0.273100 -0.186200
vt 0.273000 0.328500
vt 0.273000 0.500000
vt 0.258000 0.500000
vt 0.258000 0.328500
vt 0.287200 -0.186200
vt 0.287200 0.328500
vt 0.287200 0.500000
vt 0.296400 -0.186200
vt 0.296400 0.328500
vt 0.296400 0.500000
vt 0.310700 -0.186200
vt 0.310700 0.328500
vt 0.310700 0.500000
vt 0.243100 -0.186200
vt 0.243000 0.500000
vt 0.243000 0.328500
vt 0.228900 -0.186200
vt 0.228800 0.500000
vt 0.228800 0.328400
vt 0.219700 -0.186200
vt 0.219700 0.500000
vt 0.219700 0.328400
vt 0.205400 -0.186200
vt 0.205400 0.500000
vt 0.205400 0.328400
vt 0.063200 0.500000
vt 0.063200 0.328400
vt 0.063200 -0.186200
vt 0.452900 -0.186200
vt 0.452900 0.328500
vt 0.452900 0.500000
vt 0.019200 -0.186200
vt 0.020600 -0.186200
vt 0.020600 0.328400
vt 0.020600 0.500000
vt 0.019100 0.500000
vt 0.019100 0.328400
vt 0.017100 0.500000
vt 0.017100 0.328400
vt 0.017200 -0.186200
vt 0.057400 -0.186200
vt 0.059300 -0.186200
vt 0.059300 0.328400
vt 0.059300 0.500000
vt 0.057300 0.500000
vt 0.057300 0.328400
vt 0.061200 -0.186200
vt 0.061200 0.500000
vt 0.061200 0.328400
vt 0.454900 0.328500
vt 0.454900 0.500000
vt 0.454900 -0.186200
vt 0.060300 -0.186200
vt 0.060300 0.500000
vt 0.060300 0.328400
vt 0.455800 0.328500
vt 0.455800 0.500000
vt 0.455800 -0.186200
vt 0.016200 -0.186200
vt 0.016200 0.500000
vt 0.016200 0.328400
vt 0.038200 0.328400
vt 0.038200 0.500000
vt 0.025700 0.500000
vt 0.025700 0.328400
vt 0.025800 -0.186200
vt 0.038300 -0.186200
vt 0.050700 0.328400
vt 0.050700 0.500000
vt 0.050700 -0.186200
vt 0.055900 0.328400
vt 0.055900 0.500000
vt 0.055900 -0.186200
vt 0.046400 1.539800
vt 0.038300 1.526800
vt 0.050800 1.526800
vt 0.050800 1.533200
vt 0.038300 1.512500
vt 0.050800 1.512500
vt 0.038300 1.370300
vt 0.050800 1.370300
vt 0.025800 1.526800
vt 0.025800 1.512500
vt 0.025800 1.370300
vt 0.258000 0.843100
vt 0.273000 0.843100
vt 0.273000 1.014600
vt 0.258000 1.014600
vt 0.287200 0.843100
vt 0.287200 1.014600
vt 0.296400 0.843100
vt 0.296400 1.014600
vt 0.310700 0.843100
vt 0.310700 1.014600
vt 0.243000 0.843100
vt 0.243000 1.014600
vt 0.228800 0.843100
vt 0.228800 1.014600
vt 0.219700 0.843100
vt 0.219700 1.014600
vt 0.205300 0.843100
vt 0.205300 1.014600
vt 0.063200 1.014700
vt 0.063200 0.843100
vt 0.452900 0.843100
vt 0.452900 1.014700
vt 0.272900 1.368000
vt 0.258000 1.368000
vt 0.258000 1.365200
vt 0.272900 1.365200
vt 0.243100 1.368000
vt 0.243100 1.365200
vt 0.229100 1.368000
vt 0.229000 1.365200
vt 0.219900 1.368200
vt 0.219900 1.365400
vt 0.205400 1.368100
vt 0.205400 1.365300
vt 0.063200 1.368200
vt 0.063200 1.365300
vt 0.452800 1.365400
vt 0.452700 1.368200
vt 0.310600 1.368100
vt 0.310600 1.365300
vt 0.296100 1.368200
vt 0.296100 1.365400
vt 0.286800 1.368000
vt 0.287000 1.365200
vt 0.258000 1.357600
vt 0.273000 1.357700
vt 0.272900 1.362800
vt 0.258000 1.362800
vt 0.287100 1.357700
vt 0.287100 1.362800
vt 0.296300 1.357700
vt 0.296200 1.362900
vt 0.310600 1.357800
vt 0.310600 1.362900
vt 0.243000 1.357600
vt 0.243100 1.362800
vt 0.228900 1.357700
vt 0.228900 1.362800
vt 0.219700 1.357700
vt 0.219800 1.362900
vt 0.205400 1.357700
vt 0.205400 1.362900
vt 0.063200 1.362900
vt 0.063200 1.357800
vt 0.452800 1.357800
vt 0.452800 1.363000
vt 0.030200 1.539800
vt 0.038300 1.542500
vt 0.038300 1.547900
vt 0.026900 1.544200
vt 0.049700 1.544200
vt 0.055900 1.534700
vt 0.055900 1.526800
vt 0.055900 1.512500
vt 0.055900 1.370300
vt 0.020600 1.370300
vt 0.020700 1.512500
vt 0.020700 1.526800
vt 0.025800 1.533200
vt 0.020700 1.534700
vt 0.038300 1.550500
vt 0.025300 1.546200
vt 0.051300 1.546200
vt 0.058400 1.535400
vt 0.058400 1.526800
vt 0.058400 1.512500
vt 0.058300 1.370300
vt 0.018200 1.512500
vt 0.018200 1.370300
vt 0.018200 1.526800
vt 0.018200 1.535400
vt 0.019100 0.843100
vt 0.020600 0.843100
vt 0.020600 1.014700
vt 0.019100 1.014700
vt 0.020600 1.362900
vt 0.020600 1.363700
vt 0.019200 1.364100
vt 0.019200 1.362900
vt 0.017100 1.014700
vt 0.017100 0.843100
vt 0.017200 1.362900
vt 0.017200 1.357800
vt 0.019200 1.357800
vt 0.017200 1.365000
vt 0.019400 1.364400
vt 0.018600 1.366400
vt 0.020600 1.364400
vt 0.020600 1.366400
vt 0.025800 1.364400
vt 0.025800 1.366400
vt 0.038300 1.364400
vt 0.038300 1.366400
vt 0.050800 1.364400
vt 0.050800 1.366400
vt 0.055900 1.364400
vt 0.055900 1.366400
vt 0.057100 1.364400
vt 0.057900 1.366400
vt 0.057400 1.364100
vt 0.059300 1.365000
vt 0.057400 1.362900
vt 0.059300 1.362900
vt 0.057400 1.357800
vt 0.059300 1.357800
vt 0.057300 0.843100
vt 0.059300 0.843100
vt 0.059300 1.014700
vt 0.057300 1.014700
vt 0.038300 1.368300
vt 0.050800 1.368300
vt 0.025800 1.368300
vt 0.061200 0.843100
vt 0.061200 1.014700
vt 0.454800 1.014700
vt 0.454800 0.843100
vt 0.061300 1.368200
vt 0.061300 1.365300
vt 0.454700 1.365400
vt 0.454700 1.368200
vt 0.061300 1.362900
vt 0.061300 1.357800
vt 0.454700 1.357800
vt 0.454700 1.363000
vt 0.055900 1.368300
vt 0.020600 1.368300
vt 0.058300 1.368300
vt 0.018200 1.368300
vt 0.038300 1.367300
vt 0.050800 1.367300
vt 0.025800 1.367300
vt 0.060200 0.843100
vt 0.060200 1.014700
vt 0.455800 1.014700
vt 0.455800 0.843100
vt 0.060300 1.368200
vt 0.060300 1.365300
vt 0.455700 1.365400
vt 0.455700 1.368200
vt 0.060300 1.362900
vt 0.060300 1.357800
vt 0.455700 1.357800
vt 0.455700 1.363000
vt 0.055900 1.367300
vt 0.020600 1.367300
vt 0.058300 1.367300
vt 0.018200 1.367300
vt 0.016200 0.843100
vt 0.016200 1.014700
vt 0.016200 1.362900
vt 0.016200 1.357800
vt 0.016200 1.365400
vt 0.020600 1.357800
vt 0.025800 1.363700
vt 0.038300 1.363700
vt 0.025800 1.362900
vt 0.038300 1.362900
vt 0.025800 1.357800
vt 0.038300 1.357800
vt 0.038200 1.014700
vt 0.025700 1.014700
vt 0.025700 0.843100
vt 0.038200 0.843100
vt 0.050700 1.363700
vt 0.050700 1.362900
vt 0.050700 1.357800
vt 0.050700 1.014700
vt 0.050700 0.843100
vt 0.055900 1.363700
vt 0.055900 1.362900
vt 0.055900 1.357800
vt 0.055800 1.014700
vt 0.055800 0.843100
vt 0.258000 1.186200
vt 0.273000 1.186200
vt 0.273000 0.671600
vt 0.258000 0.671600
vt 0.287200 1.186200
vt 0.287200 0.671600
vt 0.296400 1.186200
vt 0.296400 0.671600
vt 0.310700 1.186200
vt 0.310700 0.671600
vt 0.243000 1.186200
vt 0.243000 0.671600
vt 0.228800 1.186200
vt 0.228800 0.671600
vt 0.219700 1.186200
vt 0.219700 0.671500
vt 0.205300 1.186200
vt 0.205400 0.671500
vt 0.063200 0.671500
vt 0.063200 1.186200
vt 0.452800 1.186200
vt 0.452900 0.671600
vt 0.019100 1.186200
vt 0.020600 1.186200
vt 0.020600 0.671500
vt 0.019100 0.671500
vt 0.017100 0.671500
vt 0.017100 1.186200
vt 0.057300 1.186200
vt 0.059300 1.186200
vt 0.059300 0.671500
vt 0.057300 0.671500
vt 0.061200 1.186200
vt 0.061200 0.671500
vt 0.454800 0.671600
vt 0.454800 1.186200
vt 0.060200 1.186200
vt 0.060300 0.671500
vt 0.455800 0.671600
vt 0.455800 1.186200
vt 0.016200 1.186200
vt 0.016200 0.671500
vt 0.038200 0.671500
vt 0.025700 0.671500
vt 0.025700 1.186200
vt 0.038200 1.186200
vt 0.050700 0.671500
vt 0.050700 1.186200
vt 0.055800 0.671500
vt 0.055800 1.186200
vt 1.807400 0.397500
vt 1.807800 0.499900
vt 1.809100 0.499900
vt 1.808600 0.397500
vt 1.809700 0.499900
vt 1.809300 0.397500
vt 1.810500 0.499900
vt 1.810100 0.397500
vt 1.811200 0.499900
vt 1.810800 0.397500
vt 1.812400 0.499900
vt 1.812000 0.397500
vt 1.821200 0.499900
vt 1.820800 0.397400
vt 1.824300 0.499900
vt 1.823900 0.397400
vt 1.825900 0.499900
vt 1.825500 0.397400
vt 1.825100 0.397100
vt 1.825500 0.499900
vt 1.823600 0.499900
vt 1.823100 0.397200
vt 1.821600 0.499900
vt 1.821100 0.397200
vt 1.820000 0.499900
vt 1.819500 0.397200
vt 1.817100 0.499900
vt 1.816700 0.397200
vt 1.809400 0.499900
vt 1.809000 0.397300
vt 1.560900 -0.228900
vt 1.620000 -0.227500
vt 1.620100 -0.228700
vt 1.560900 -0.230200
vt 1.620100 -0.229400
vt 1.560900 -0.230800
vt 1.620200 -0.230200
vt 1.560900 -0.231600
vt 1.620200 -0.230900
vt 1.560900 -0.232300
vt 1.620200 -0.232100
vt 1.560900 -0.233500
vt 1.620600 -0.240900
vt 1.560900 -0.242300
vt 1.620800 -0.244000
vt 1.560900 -0.245400
vt 1.620900 -0.245600
vt 1.560900 -0.247100
vt 1.561000 -0.247000
vt 1.621200 -0.245600
vt 1.621100 -0.243600
vt 1.561000 -0.245000
vt 1.621000 -0.241600
vt 1.561000 -0.243000
vt 1.620900 -0.240000
vt 1.561000 -0.241400
vt 1.620800 -0.237100
vt 1.561000 -0.238600
vt 1.620400 -0.229400
vt 1.561000 -0.230900
vt 1.679000 -0.223500
vt 1.679100 -0.224700
vt 1.679200 -0.225400
vt 1.679300 -0.226200
vt 1.679300 -0.226800
vt 1.679500 -0.228000
vt 1.680300 -0.236800
vt 1.680500 -0.239900
vt 1.680700 -0.241500
vt 1.681200 -0.241400
vt 1.681100 -0.239500
vt 1.680900 -0.237500
vt 1.680700 -0.235900
vt 1.680500 -0.233000
vt 1.679800 -0.225400
vt 1.730200 -0.217400
vt 1.730300 -0.218600
vt 1.730400 -0.219300
vt 1.730600 -0.220100
vt 1.730600 -0.220800
vt 1.730800 -0.222000
vt 1.732100 -0.230700
vt 1.732500 -0.233800
vt 1.732700 -0.235400
vt 1.733400 -0.235400
vt 1.733200 -0.233400
vt 1.732900 -0.231400
vt 1.732700 -0.229800
vt 1.732300 -0.227000
vt 1.731200 -0.219400
vt 1.754300 -0.213600
vt 1.754500 -0.214800
vt 1.754700 -0.215400
vt 1.754800 -0.216200
vt 1.755000 -0.216900
vt 1.755200 -0.218100
vt 1.757000 -0.226700
vt 1.757600 -0.229800
vt 1.757900 -0.231400
vt 1.758500 -0.231600
vt 1.758100 -0.229600
vt 1.757800 -0.227700
vt 1.757500 -0.226100
vt 1.757000 -0.223300
vt 1.755600 -0.215700
vt 1.768500 -0.210300
vt 1.769000 -0.211500
vt 1.769200 -0.212100
vt 1.769500 -0.212800
vt 1.769800 -0.213500
vt 1.770200 -0.214600
vt 1.773600 -0.222700
vt 1.774800 -0.225600
vt 1.775400 -0.227100
vt 1.775900 -0.227700
vt 1.775100 -0.225800
vt 1.774400 -0.224000
vt 1.773800 -0.222500
vt 1.772800 -0.219800
vt 1.770000 -0.212500
vt 1.779100 -0.203500
vt 1.780000 -0.204400
vt 1.780500 -0.204900
vt 1.781100 -0.205400
vt 1.781600 -0.205900
vt 1.782400 -0.206700
vt 1.788700 -0.212800
vt 1.791000 -0.215100
vt 1.792200 -0.216200
vt 1.792600 -0.217100
vt 1.791200 -0.215800
vt 1.789800 -0.214400
vt 1.788600 -0.213200
vt 1.786500 -0.211200
vt 1.780800 -0.205600
vt 1.784900 -0.192800
vt 1.786000 -0.193200
vt 1.786700 -0.193400
vt 1.787400 -0.193700
vt 1.788100 -0.193900
vt 1.789200 -0.194300
vt 1.797500 -0.197300
vt 1.800500 -0.198300
vt 1.802000 -0.198900
vt 1.802200 -0.199900
vt 1.800400 -0.199200
vt 1.798500 -0.198500
vt 1.796900 -0.198000
vt 1.794100 -0.197200
vt 1.786600 -0.194800
vt 1.787600 -0.178600
vt 1.788800 -0.178800
vt 1.789500 -0.178800
vt 1.790300 -0.178900
vt 1.791000 -0.179000
vt 1.792200 -0.179200
vt 1.800900 -0.180200
vt 1.804000 -0.180500
vt 1.805700 -0.180700
vt 1.805500 -0.181900
vt 1.803500 -0.181600
vt 1.801500 -0.181400
vt 1.799900 -0.181300
vt 1.797000 -0.181100
vt 1.789300 -0.180400
vt 1.789900 -0.151600
vt 1.791100 -0.151700
vt 1.791800 -0.151700
vt 1.792600 -0.151800
vt 1.793300 -0.151800
vt 1.794500 -0.151900
vt 1.803200 -0.152500
vt 1.806300 -0.152700
vt 1.807900 -0.152800
vt 1.807600 -0.154200
vt 1.805600 -0.154000
vt 1.803600 -0.153900
vt 1.802000 -0.153800
vt 1.799100 -0.153700
vt 1.791400 -0.153200
vt 1.793100 -0.095300
vt 1.794400 -0.095300
vt 1.795000 -0.095400
vt 1.795900 -0.095400
vt 1.796500 -0.095500
vt 1.797700 -0.095500
vt 1.806500 -0.096000
vt 1.809600 -0.096100
vt 1.811200 -0.096200
vt 1.810800 -0.097600
vt 1.808800 -0.097500
vt 1.806800 -0.097400
vt 1.805200 -0.097300
vt 1.802300 -0.097200
vt 1.794600 -0.096800
vt 1.796900 -0.013500
vt 1.798200 -0.013600
vt 1.798800 -0.013600
vt 1.799600 -0.013700
vt 1.800300 -0.013700
vt 1.801500 -0.013700
vt 1.810300 -0.014100
vt 1.813400 -0.014300
vt 1.815000 -0.014300
vt 1.814600 -0.015600
vt 1.812600 -0.015500
vt 1.810600 -0.015400
vt 1.809000 -0.015300
vt 1.806100 -0.015200
vt 1.798400 -0.014900
vt 1.800700 0.089400
vt 1.801900 0.089400
vt 1.802600 0.089400
vt 1.803400 0.089300
vt 1.804000 0.089300
vt 1.805300 0.089300
vt 1.814000 0.089000
vt 1.817100 0.088900
vt 1.818700 0.088800
vt 1.818300 0.087800
vt 1.816300 0.087900
vt 1.814300 0.087900
vt 1.812700 0.088000
vt 1.809900 0.088100
vt 1.802100 0.088400
vt 1.803800 0.192300
vt 1.805000 0.192300
vt 1.805700 0.192200
vt 1.806500 0.192200
vt 1.807200 0.192200
vt 1.808400 0.192200
vt 1.817200 0.191900
vt 1.820300 0.191900
vt 1.821900 0.191800
vt 1.821500 0.191100
vt 1.819500 0.191100
vt 1.817500 0.191200
vt 1.815900 0.191200
vt 1.813100 0.191300
vt 1.805300 0.191500
vt 1.806100 0.295000
vt 1.807300 0.295000
vt 1.808000 0.295000
vt 1.808800 0.295000
vt 1.809500 0.294900
vt 1.810700 0.294900
vt 1.819400 0.294800
vt 1.822600 0.294700
vt 1.824200 0.294700
vt 1.823800 0.294200
vt 1.821800 0.294200
vt 1.819800 0.294300
vt 1.818200 0.294300
vt 1.815300 0.294300
vt 1.807600 0.294500
vt 1.626500 0.499900
vt 1.561100 0.499900
vt 1.561100 0.393400
vt 1.626400 0.393600
vt 1.561100 0.286900
vt 1.626100 0.287400
vt 1.561000 0.180500
vt 1.625500 0.181200
vt 1.561000 0.074200
vt 1.624700 0.075100
vt 1.561000 -0.032100
vt 1.623700 -0.031000
vt 1.561000 -0.116800
vt 1.622700 -0.115600
vt 1.561000 -0.185300
vt 1.621900 -0.183900
vt 1.692000 0.499900
vt 1.691800 0.394300
vt 1.691100 0.288800
vt 1.690000 0.183200
vt 1.688400 0.077600
vt 1.686400 -0.027900
vt 1.684400 -0.112000
vt 1.682600 -0.180100
vt 1.757500 0.499900
vt 1.757100 0.395500
vt 1.756100 0.291000
vt 1.754400 0.186500
vt 1.752100 0.081900
vt 1.749000 -0.022700
vt 1.746000 -0.106000
vt 1.742900 -0.173000
vt 1.626100 0.499900
vt 1.626000 0.393900
vt 1.561000 0.393700
vt 1.561000 0.499900
vt 1.625600 0.288000
vt 1.561000 0.287500
vt 1.625100 0.182000
vt 1.561000 0.181400
vt 1.624300 0.076200
vt 1.561000 0.075300
vt 1.623300 -0.029600
vt 1.561000 -0.030600
vt 1.622300 -0.114000
vt 1.561000 -0.115200
vt 1.621400 -0.182100
vt 1.561000 -0.183500
vt 1.691200 0.499900
vt 1.691000 0.394600
vt 1.690300 0.289300
vt 1.689200 0.184000
vt 1.687600 0.078700
vt 1.685600 -0.026500
vt 1.683600 -0.110300
vt 1.681800 -0.178300
vt 1.756200 0.499900
vt 1.755900 0.395800
vt 1.754900 0.291600
vt 1.753200 0.187300
vt 1.750900 0.083000
vt 1.747800 -0.021400
vt 1.744800 -0.104400
vt 1.741600 -0.171200
vt 1.314600 0.397600
vt 1.313400 0.397600
vt 1.313000 0.500000
vt 1.314200 0.500000
vt 1.312700 0.397600
vt 1.312300 0.500000
vt 1.311900 0.397600
vt 1.311500 0.500000
vt 1.311300 0.397600
vt 1.310900 0.500000
vt 1.310000 0.397600
vt 1.309600 0.500000
vt 1.301300 0.397500
vt 1.300900 0.500000
vt 1.298200 0.397500
vt 1.297800 0.500000
vt 1.296500 0.397500
vt 1.296100 0.500000
vt 1.297000 0.397200
vt 1.299000 0.397200
vt 1.298600 0.500000
vt 1.296600 0.500000
vt 1.301000 0.397200
vt 1.300600 0.500000
vt 1.302600 0.397200
vt 1.302200 0.500000
vt 1.305400 0.397300
vt 1.305000 0.500000
vt 1.313200 0.397300
vt 1.312800 0.500000
vt 1.501800 -0.228700
vt 1.501900 -0.227500
vt 1.501800 -0.229400
vt 1.501700 -0.230200
vt 1.501700 -0.230900
vt 1.501700 -0.232100
vt 1.501200 -0.240900
vt 1.501100 -0.244000
vt 1.501000 -0.245600
vt 1.500900 -0.243600
vt 1.500800 -0.245500
vt 1.501000 -0.241600
vt 1.501100 -0.240000
vt 1.501200 -0.237100
vt 1.501600 -0.229400
vt 1.442800 -0.224600
vt 1.442900 -0.223400
vt 1.442700 -0.225300
vt 1.442600 -0.226100
vt 1.442600 -0.226800
vt 1.442400 -0.228000
vt 1.441600 -0.236700
vt 1.441400 -0.239900
vt 1.441200 -0.241500
vt 1.440900 -0.239400
vt 1.440700 -0.241400
vt 1.441100 -0.237500
vt 1.441300 -0.235900
vt 1.441500 -0.233000
vt 1.442200 -0.225400
vt 1.391600 -0.218600
vt 1.391700 -0.217400
vt 1.391500 -0.219300
vt 1.391300 -0.220100
vt 1.391300 -0.220700
vt 1.391100 -0.222000
vt 1.389800 -0.230600
vt 1.389400 -0.233700
vt 1.389200 -0.235300
vt 1.388800 -0.233400
vt 1.388600 -0.235300
vt 1.389100 -0.231400
vt 1.389300 -0.229800
vt 1.389700 -0.227000
vt 1.390800 -0.219400
vt 1.367400 -0.214700
vt 1.367600 -0.213500
vt 1.367200 -0.215400
vt 1.367100 -0.216200
vt 1.366900 -0.216900
vt 1.366700 -0.218100
vt 1.364900 -0.226700
vt 1.364300 -0.229700
vt 1.364000 -0.231300
vt 1.363900 -0.229600
vt 1.363500 -0.231600
vt 1.364200 -0.227600
vt 1.364500 -0.226100
vt 1.365000 -0.223200
vt 1.366400 -0.215600
vt 1.352900 -0.211400
vt 1.353400 -0.210300
vt 1.352700 -0.212000
vt 1.352400 -0.212800
vt 1.352100 -0.213400
vt 1.351700 -0.214500
vt 1.348300 -0.222600
vt 1.347100 -0.225500
vt 1.346500 -0.227000
vt 1.346900 -0.225800
vt 1.346100 -0.227600
vt 1.347600 -0.224000
vt 1.348200 -0.222400
vt 1.349200 -0.219700
vt 1.352000 -0.212500
vt 1.341900 -0.204300
vt 1.342800 -0.203500
vt 1.341400 -0.204800
vt 1.340800 -0.205400
vt 1.340300 -0.205800
vt 1.339500 -0.206700
vt 1.333200 -0.212800
vt 1.330900 -0.215000
vt 1.329700 -0.216200
vt 1.330800 -0.215700
vt 1.329300 -0.217100
vt 1.332200 -0.214300
vt 1.333400 -0.213200
vt 1.335500 -0.211100
vt 1.341200 -0.205600
vt 1.335900 -0.193200
vt 1.337100 -0.192800
vt 1.335200 -0.193400
vt 1.334500 -0.193700
vt 1.333800 -0.193900
vt 1.332700 -0.194300
vt 1.324400 -0.197200
vt 1.321400 -0.198300
vt 1.319900 -0.198800
vt 1.321600 -0.199100
vt 1.319800 -0.199800
vt 1.323500 -0.198500
vt 1.325100 -0.198000
vt 1.327900 -0.197100
vt 1.335400 -0.194700
vt 1.333100 -0.178700
vt 1.334300 -0.178600
vt 1.332400 -0.178800
vt 1.331600 -0.178900
vt 1.330900 -0.179000
vt 1.329700 -0.179100
vt 1.321000 -0.180100
vt 1.317900 -0.180500
vt 1.316300 -0.180600
vt 1.318500 -0.181600
vt 1.316500 -0.181800
vt 1.320500 -0.181400
vt 1.322100 -0.181300
vt 1.325000 -0.181000
vt 1.332700 -0.180400
vt 1.330800 -0.151600
vt 1.332000 -0.151600
vt 1.330100 -0.151700
vt 1.329300 -0.151700
vt 1.328700 -0.151800
vt 1.327400 -0.151900
vt 1.318700 -0.152400
vt 1.315600 -0.152600
vt 1.314000 -0.152700
vt 1.316400 -0.154000
vt 1.314400 -0.154100
vt 1.318400 -0.153900
vt 1.320000 -0.153800
vt 1.322900 -0.153600
vt 1.330600 -0.153200
vt 1.327600 -0.095300
vt 1.328800 -0.095200
vt 1.326900 -0.095300
vt 1.326100 -0.095400
vt 1.325400 -0.095400
vt 1.324200 -0.095500
vt 1.315400 -0.095900
vt 1.312300 -0.096100
vt 1.310700 -0.096200
vt 1.313200 -0.097500
vt 1.311300 -0.097600
vt 1.315200 -0.097400
vt 1.316800 -0.097300
vt 1.319700 -0.097100
vt 1.327400 -0.096700
vt 1.323800 -0.013500
vt 1.325000 -0.013500
vt 1.323100 -0.013600
vt 1.322300 -0.013600
vt 1.321600 -0.013600
vt 1.320400 -0.013700
vt 1.311700 -0.014100
vt 1.308500 -0.014200
vt 1.306900 -0.014300
vt 1.309500 -0.015400
vt 1.307500 -0.015500
vt 1.311400 -0.015400
vt 1.313100 -0.015300
vt 1.315900 -0.015200
vt 1.323600 -0.014800
vt 1.320100 0.089500
vt 1.321300 0.089500
vt 1.319400 0.089400
vt 1.318600 0.089400
vt 1.317900 0.089400
vt 1.316700 0.089300
vt 1.308000 0.089000
vt 1.304800 0.088900
vt 1.303200 0.088900
vt 1.305700 0.087900
vt 1.303800 0.087900
vt 1.307700 0.088000
vt 1.309300 0.088000
vt 1.312200 0.088100
vt 1.319900 0.088400
vt 1.317000 0.192300
vt 1.318200 0.192400
vt 1.316300 0.192300
vt 1.315500 0.192300
vt 1.314800 0.192300
vt 1.313600 0.192200
vt 1.304800 0.192000
vt 1.301700 0.191900
vt 1.300100 0.191900
vt 1.302600 0.191200
vt 1.300600 0.191100
vt 1.304600 0.191200
vt 1.306200 0.191300
vt 1.309000 0.191300
vt 1.316700 0.191500
vt 1.314700 0.295000
vt 1.316000 0.295100
vt 1.314100 0.295000
vt 1.313200 0.295000
vt 1.312600 0.295000
vt 1.311400 0.295000
vt 1.302600 0.294800
vt 1.299500 0.294800
vt 1.297900 0.294800
vt 1.300300 0.294300
vt 1.298300 0.294200
vt 1.302300 0.294300
vt 1.303900 0.294300
vt 1.306800 0.294400
vt 1.314500 0.294500
vt 1.495600 0.499900
vt 1.495700 0.393600
vt 1.496000 0.287400
vt 1.496600 0.181200
vt 1.497300 0.075100
vt 1.498300 -0.031000
vt 1.499300 -0.115600
vt 1.500100 -0.183900
vt 1.430200 0.499900
vt 1.430400 0.394400
vt 1.431000 0.288800
vt 1.432100 0.183200
vt 1.433700 0.077700
vt 1.435600 -0.027900
vt 1.437600 -0.112000
vt 1.439400 -0.180000
vt 1.364700 0.500000
vt 1.365000 0.395500
vt 1.366000 0.291100
vt 1.367700 0.186500
vt 1.370000 0.081900
vt 1.373000 -0.022700
vt 1.376000 -0.105900
vt 1.379100 -0.173000
vt 1.496000 0.500000
vt 1.496100 0.393900
vt 1.496400 0.288000
vt 1.496900 0.182100
vt 1.497700 0.076200
vt 1.498600 -0.029600
vt 1.499600 -0.113900
vt 1.500500 -0.182100
vt 1.430900 0.500000
vt 1.431100 0.394600
vt 1.431700 0.289300
vt 1.432800 0.184000
vt 1.434400 0.078800
vt 1.436400 -0.026500
vt 1.438300 -0.110300
vt 1.440100 -0.178200
vt 1.365800 0.500000
vt 1.366100 0.395800
vt 1.367100 0.291600
vt 1.368800 0.187400
vt 1.371100 0.083000
vt 1.374100 -0.021300
vt 1.377100 -0.104300
vt 1.380300 -0.171100
vt 1.807400 0.602300
vt 1.808700 0.602300
vt 1.809300 0.602300
vt 1.810100 0.602300
vt 1.810800 0.602300
vt 1.812000 0.602300
vt 1.820800 0.602400
vt 1.823900 0.602400
vt 1.825500 0.602400
vt 1.825100 0.602700
vt 1.823200 0.602700
vt 1.821200 0.602600
vt 1.819600 0.602600
vt 1.816700 0.602600
vt 1.809000 0.602500
vt 1.561100 1.228800
vt 1.561100 1.230000
vt 1.620300 1.228600
vt 1.620200 1.227400
vt 1.561100 1.230700
vt 1.620300 1.229300
vt 1.561100 1.231500
vt 1.620300 1.230100
vt 1.561100 1.232200
vt 1.620400 1.230800
vt 1.561100 1.233400
vt 1.620400 1.232000
vt 1.561100 1.242200
vt 1.620800 1.240800
vt 1.561100 1.245300
vt 1.621000 1.243900
vt 1.561100 1.246900
vt 1.621100 1.245500
vt 1.561200 1.246900
vt 1.561200 1.244900
vt 1.621200 1.243400
vt 1.621300 1.245400
vt 1.561200 1.242900
vt 1.621100 1.241400
vt 1.561200 1.241300
vt 1.621100 1.239800
vt 1.561200 1.238400
vt 1.620900 1.237000
vt 1.561200 1.230700
vt 1.620600 1.229300
vt 1.679300 1.224500
vt 1.679200 1.223300
vt 1.679400 1.225200
vt 1.679500 1.226000
vt 1.679500 1.226700
vt 1.679600 1.227900
vt 1.680400 1.236600
vt 1.680700 1.239700
vt 1.680900 1.241300
vt 1.681200 1.239300
vt 1.681400 1.241300
vt 1.681000 1.237300
vt 1.680900 1.235700
vt 1.680600 1.232900
vt 1.679900 1.225200
vt 1.730500 1.218500
vt 1.730300 1.217300
vt 1.730600 1.219200
vt 1.730700 1.220000
vt 1.730800 1.220600
vt 1.731000 1.221800
vt 1.732200 1.230500
vt 1.732700 1.233600
vt 1.732900 1.235200
vt 1.733300 1.233200
vt 1.733600 1.235200
vt 1.733000 1.231300
vt 1.732800 1.229700
vt 1.732400 1.226900
vt 1.731400 1.219200
vt 1.754700 1.214600
vt 1.754500 1.213400
vt 1.754800 1.215300
vt 1.755000 1.216100
vt 1.755100 1.216800
vt 1.755400 1.217900
vt 1.757200 1.226600
vt 1.757800 1.229600
vt 1.758100 1.231200
vt 1.758300 1.229500
vt 1.758600 1.231400
vt 1.757900 1.227500
vt 1.757600 1.225900
vt 1.757100 1.223100
vt 1.755800 1.215500
vt 1.769100 1.211300
vt 1.768700 1.210200
vt 1.769400 1.211900
vt 1.769700 1.212700
vt 1.769900 1.213300
vt 1.770400 1.214400
vt 1.773800 1.222500
vt 1.775000 1.225400
vt 1.775600 1.226900
vt 1.775300 1.225700
vt 1.776100 1.227500
vt 1.774500 1.223800
vt 1.774000 1.222300
vt 1.772900 1.219600
vt 1.770200 1.212300
vt 1.780200 1.204200
vt 1.779300 1.203300
vt 1.780700 1.204700
vt 1.781300 1.205300
vt 1.781800 1.205700
vt 1.782600 1.206600
vt 1.788900 1.212700
vt 1.791200 1.214900
vt 1.792400 1.216000
vt 1.791400 1.215600
vt 1.792800 1.216900
vt 1.789900 1.214200
vt 1.788700 1.213000
vt 1.786700 1.211000
vt 1.781000 1.205400
vt 1.786200 1.193100
vt 1.785000 1.192700
vt 1.786800 1.193300
vt 1.787600 1.193500
vt 1.788300 1.193800
vt 1.789400 1.194200
vt 1.797700 1.197100
vt 1.800700 1.198200
vt 1.802200 1.198700
vt 1.800500 1.199000
vt 1.802400 1.199700
vt 1.798600 1.198400
vt 1.797100 1.197900
vt 1.794300 1.197000
vt 1.786800 1.194600
vt 1.789000 1.178600
vt 1.787800 1.178500
vt 1.789700 1.178700
vt 1.790500 1.178800
vt 1.791200 1.178800
vt 1.792400 1.179000
vt 1.801100 1.180000
vt 1.804200 1.180400
vt 1.805800 1.180500
vt 1.803600 1.181400
vt 1.805600 1.181700
vt 1.801700 1.181300
vt 1.800000 1.181100
vt 1.797200 1.180900
vt 1.789500 1.180300
vt 1.791300 1.151500
vt 1.790000 1.151500
vt 1.791900 1.151600
vt 1.792700 1.151600
vt 1.793400 1.151700
vt 1.794600 1.151700
vt 1.803400 1.152300
vt 1.806500 1.152500
vt 1.808100 1.152600
vt 1.805700 1.153900
vt 1.807700 1.154000
vt 1.803700 1.153700
vt 1.802100 1.153700
vt 1.799300 1.153500
vt 1.791600 1.153100
vt 1.794500 1.095200
vt 1.793300 1.095100
vt 1.795200 1.095200
vt 1.796000 1.095200
vt 1.796700 1.095300
vt 1.797900 1.095300
vt 1.806600 1.095800
vt 1.809800 1.096000
vt 1.811400 1.096000
vt 1.808900 1.097300
vt 1.810900 1.097400
vt 1.806900 1.097200
vt 1.805300 1.097100
vt 1.802500 1.097000
vt 1.794700 1.096600
vt 1.798300 1.013400
vt 1.797100 1.013400
vt 1.799000 1.013500
vt 1.799800 1.013500
vt 1.800400 1.013500
vt 1.801700 1.013600
vt 1.810400 1.013900
vt 1.813500 1.014100
vt 1.815100 1.014200
vt 1.812700 1.015300
vt 1.814700 1.015400
vt 1.810700 1.015200
vt 1.809100 1.015100
vt 1.806200 1.015000
vt 1.798500 1.014700
vt 1.802000 0.910400
vt 1.800800 0.910400
vt 1.802700 0.910500
vt 1.803500 0.910500
vt 1.804100 0.910500
vt 1.805400 0.910600
vt 1.814100 0.910900
vt 1.817200 0.911000
vt 1.818800 0.911000
vt 1.816400 0.911900
vt 1.818400 0.912000
vt 1.814400 0.911900
vt 1.812800 0.911800
vt 1.810000 0.911700
vt 1.802200 0.911500
vt 1.805100 0.807600
vt 1.803900 0.807500
vt 1.805800 0.807600
vt 1.806600 0.807600
vt 1.807300 0.807600
vt 1.808500 0.807600
vt 1.817300 0.807900
vt 1.820400 0.808000
vt 1.822000 0.808000
vt 1.819600 0.808700
vt 1.821600 0.808800
vt 1.817600 0.808600
vt 1.816000 0.808600
vt 1.813100 0.808500
vt 1.805400 0.808300
vt 1.807300 0.704800
vt 1.806100 0.704800
vt 1.808000 0.704800
vt 1.808800 0.704900
vt 1.809500 0.704900
vt 1.810700 0.704900
vt 1.819500 0.705000
vt 1.822600 0.705100
vt 1.824200 0.705100
vt 1.821800 0.705600
vt 1.823800 0.705600
vt 1.819800 0.705600
vt 1.818200 0.705500
vt 1.815400 0.705500
vt 1.807600 0.705300
vt 1.626400 0.606200
vt 1.561100 0.606500
vt 1.626100 0.712500
vt 1.561100 0.712900
vt 1.625600 0.818600
vt 1.561100 0.819300
vt 1.624800 0.924800
vt 1.561100 0.925700
vt 1.623800 1.030800
vt 1.561100 1.031900
vt 1.622900 1.115400
vt 1.561100 1.116700
vt 1.622000 1.183800
vt 1.561100 1.185100
vt 1.691800 0.605500
vt 1.691100 0.711100
vt 1.690000 0.816700
vt 1.688500 0.922200
vt 1.686500 1.027700
vt 1.684500 1.111800
vt 1.682800 1.179900
vt 1.757200 0.604300
vt 1.756200 0.708800
vt 1.754500 0.813300
vt 1.752100 0.917900
vt 1.749100 1.022600
vt 1.746200 1.105800
vt 1.743000 1.172900
vt 1.561100 0.606200
vt 1.626000 0.606000
vt 1.561100 0.712400
vt 1.625700 0.711900
vt 1.561100 0.818500
vt 1.625200 0.817800
vt 1.561100 0.924500
vt 1.624400 0.923700
vt 1.561100 1.030500
vt 1.623400 1.029400
vt 1.561100 1.115100
vt 1.622500 1.113800
vt 1.561100 1.183400
vt 1.621600 1.182000
vt 1.691000 0.605200
vt 1.690300 0.710500
vt 1.689200 0.815800
vt 1.687700 0.921100
vt 1.685700 1.026400
vt 1.683700 1.110200
vt 1.682000 1.178100
vt 1.755900 0.604000
vt 1.755000 0.708300
vt 1.753300 0.812500
vt 1.751000 0.916900
vt 1.748000 1.021200
vt 1.745000 1.104200
vt 1.741800 1.171000
vt 1.314700 0.602300
vt 1.313400 0.602300
vt 1.312800 0.602400
vt 1.312000 0.602400
vt 1.311300 0.602400
vt 1.310100 0.602400
vt 1.301300 0.602500
vt 1.298200 0.602500
vt 1.296600 0.602500
vt 1.297000 0.602700
vt 1.299000 0.602700
vt 1.301000 0.602700
vt 1.302600 0.602700
vt 1.305500 0.602700
vt 1.313200 0.602600
vt 1.502100 1.227400
vt 1.502000 1.228600
vt 1.502000 1.229300
vt 1.501900 1.230100
vt 1.501900 1.230800
vt 1.501800 1.232000
vt 1.501400 1.240800
vt 1.501300 1.243900
vt 1.501200 1.245500
vt 1.501000 1.245400
vt 1.501100 1.243400
vt 1.501200 1.241500
vt 1.501200 1.239900
vt 1.501400 1.237000
vt 1.501700 1.229300
vt 1.443100 1.223300
vt 1.442900 1.224600
vt 1.442900 1.225200
vt 1.442800 1.226000
vt 1.442700 1.226700
vt 1.442600 1.227900
vt 1.441800 1.236700
vt 1.441500 1.239800
vt 1.441400 1.241400
vt 1.440900 1.241300
vt 1.441100 1.239300
vt 1.441300 1.237400
vt 1.441400 1.235700
vt 1.441700 1.232900
vt 1.442400 1.225200
vt 1.391900 1.217300
vt 1.391700 1.218500
vt 1.391600 1.219200
vt 1.391500 1.220000
vt 1.391400 1.220700
vt 1.391300 1.221900
vt 1.390000 1.230600
vt 1.389600 1.233700
vt 1.389400 1.235300
vt 1.388700 1.235200
vt 1.389000 1.233300
vt 1.389300 1.231300
vt 1.389500 1.229700
vt 1.389900 1.226900
vt 1.390900 1.219300
vt 1.367800 1.213500
vt 1.367600 1.214700
vt 1.367400 1.215300
vt 1.367300 1.216100
vt 1.367100 1.216800
vt 1.366900 1.218000
vt 1.365100 1.226600
vt 1.364500 1.229700
vt 1.364200 1.231300
vt 1.363700 1.231500
vt 1.364000 1.229500
vt 1.364400 1.227600
vt 1.364700 1.226000
vt 1.365200 1.223200
vt 1.366600 1.215500
vt 1.353600 1.210200
vt 1.353100 1.211300
vt 1.352900 1.212000
vt 1.352600 1.212700
vt 1.352300 1.213300
vt 1.351900 1.214500
vt 1.348500 1.222600
vt 1.347300 1.225500
vt 1.346700 1.227000
vt 1.346300 1.227500
vt 1.347000 1.225700
vt 1.347800 1.223900
vt 1.348300 1.222300
vt 1.349400 1.219700
vt 1.352100 1.212400
vt 1.342900 1.203400
vt 1.342100 1.204300
vt 1.341600 1.204700
vt 1.341000 1.205300
vt 1.340500 1.205800
vt 1.339600 1.206600
vt 1.333400 1.212700
vt 1.331100 1.214900
vt 1.329900 1.216100
vt 1.329500 1.217000
vt 1.330900 1.215600
vt 1.332400 1.214200
vt 1.333600 1.213100
vt 1.335600 1.211000
vt 1.341300 1.205500
vt 1.337200 1.192700
vt 1.336100 1.193100
vt 1.335400 1.193300
vt 1.334600 1.193600
vt 1.334000 1.193800
vt 1.332800 1.194200
vt 1.324600 1.197200
vt 1.321600 1.198200
vt 1.320000 1.198800
vt 1.319900 1.199700
vt 1.321800 1.199000
vt 1.323700 1.198400
vt 1.325200 1.197900
vt 1.328000 1.197000
vt 1.335500 1.194600
vt 1.334500 1.178500
vt 1.333200 1.178700
vt 1.332600 1.178700
vt 1.331800 1.178800
vt 1.331100 1.178900
vt 1.329900 1.179000
vt 1.321100 1.180100
vt 1.318000 1.180400
vt 1.316400 1.180600
vt 1.316700 1.181700
vt 1.318700 1.181500
vt 1.320600 1.181300
vt 1.322300 1.181200
vt 1.325100 1.180900
vt 1.332800 1.180300
vt 1.332200 1.151500
vt 1.331000 1.151600
vt 1.330300 1.151600
vt 1.329500 1.151700
vt 1.328800 1.151700
vt 1.327600 1.151800
vt 1.318900 1.152400
vt 1.315700 1.152600
vt 1.314100 1.152700
vt 1.314600 1.154000
vt 1.316600 1.153900
vt 1.318600 1.153800
vt 1.320200 1.153700
vt 1.323000 1.153500
vt 1.330700 1.153100
vt 1.328900 1.095200
vt 1.327700 1.095200
vt 1.327000 1.095300
vt 1.326200 1.095300
vt 1.325600 1.095300
vt 1.324300 1.095400
vt 1.315600 1.095900
vt 1.312500 1.096000
vt 1.310900 1.096100
vt 1.311400 1.097500
vt 1.313400 1.097400
vt 1.315400 1.097300
vt 1.317000 1.097200
vt 1.319800 1.097000
vt 1.327500 1.096600
vt 1.325100 1.013400
vt 1.323900 1.013500
vt 1.323300 1.013500
vt 1.322400 1.013600
vt 1.321800 1.013600
vt 1.320500 1.013600
vt 1.311800 1.014000
vt 1.308700 1.014100
vt 1.307100 1.014200
vt 1.307600 1.015400
vt 1.309600 1.015400
vt 1.311600 1.015300
vt 1.313200 1.015200
vt 1.316000 1.015100
vt 1.323700 1.014700
vt 1.321400 0.910500
vt 1.320200 0.910500
vt 1.319500 0.910500
vt 1.318700 0.910500
vt 1.318000 0.910600
vt 1.316800 0.910600
vt 1.308100 0.910900
vt 1.305000 0.911000
vt 1.303300 0.911100
vt 1.303800 0.912100
vt 1.305800 0.912000
vt 1.307800 0.911900
vt 1.309400 0.911900
vt 1.312300 0.911800
vt 1.320000 0.911500
vt 1.318300 0.807600
vt 1.317000 0.807600
vt 1.316400 0.807600
vt 1.315600 0.807700
vt 1.314900 0.807700
vt 1.313700 0.807700
vt 1.304900 0.807900
vt 1.301800 0.808000
vt 1.300200 0.808100
vt 1.300700 0.808800
vt 1.302600 0.808800
vt 1.304600 0.808700
vt 1.306200 0.808700
vt 1.309100 0.808600
vt 1.316800 0.808400
vt 1.316000 0.704900
vt 1.314800 0.704900
vt 1.314100 0.704900
vt 1.313300 0.704900
vt 1.312600 0.704900
vt 1.311400 0.705000
vt 1.302600 0.705100
vt 1.299500 0.705200
vt 1.297900 0.705200
vt 1.298400 0.705700
vt 1.300400 0.705700
vt 1.302400 0.705600
vt 1.304000 0.705600
vt 1.306800 0.705500
vt 1.314500 0.705400
vt 1.495700 0.606200
vt 1.496100 0.712500
vt 1.496600 0.818700
vt 1.497400 0.924800
vt 1.498400 1.030900
vt 1.499400 1.115500
vt 1.500300 1.183800
vt 1.430400 0.605500
vt 1.431000 0.711100
vt 1.432200 0.816700
vt 1.433700 0.922200
vt 1.435800 1.027800
vt 1.437700 1.111800
vt 1.439500 1.179900
vt 1.365000 0.604400
vt 1.366000 0.708800
vt 1.367700 0.813400
vt 1.370100 0.918000
vt 1.373100 1.022600
vt 1.376100 1.105800
vt 1.379300 1.172900
vt 1.496100 0.606000
vt 1.496400 0.711900
vt 1.497000 0.817800
vt 1.497800 0.923700
vt 1.498800 1.029500
vt 1.499800 1.113800
vt 1.500700 1.182000
vt 1.431100 0.605300
vt 1.431800 0.710600
vt 1.432900 0.815900
vt 1.434500 0.921100
vt 1.436500 1.026400
vt 1.438500 1.110200
vt 1.440300 1.178100
vt 1.366200 0.604100
vt 1.367200 0.708300
vt 1.368900 0.812600
vt 1.371200 0.916900
vt 1.374300 1.021300
vt 1.377200 1.104300
vt 1.380500 1.171100
vt 0.209000 0.874400
vt 0.218900 0.901500
vt 0.207200 0.907700
vt 0.196200 0.877800
vt 0.200700 0.911200
vt 0.189100 0.879700
vt 0.726100 0.903000
vt 0.726100 0.939300
vt 0.713300 0.939500
vt 0.713400 0.902800
vt 0.699000 0.939700
vt 0.699100 0.902500
vt 0.685500 0.939900
vt 0.685500 0.902500
vt 0.672000 0.939800
vt 0.671800 0.902500
vt 0.657600 0.939600
vt 0.657400 0.902800
vt 0.644800 0.939400
vt 0.644700 0.903100
vt 0.189200 0.879800
vt 0.200900 0.911300
vt 0.207300 0.907900
vt 0.196300 0.877900
vt 0.219000 0.901700
vt 0.209100 0.874500
vt 0.236900 0.924800
vt 0.227600 0.934200
vt 0.222400 0.939400
vt 0.727600 0.976200
vt 0.714900 0.978700
vt 0.700000 0.981100
vt 0.685500 0.981700
vt 0.671000 0.980900
vt 0.656100 0.978600
vt 0.643300 0.976200
vt 0.222500 0.939500
vt 0.227700 0.934300
vt 0.237100 0.925000
vt 0.259400 0.942100
vt 0.252800 0.953500
vt 0.249100 0.959900
vt 0.727700 0.976400
vt 0.726200 1.011300
vt 0.713400 1.010700
vt 0.714900 0.973900
vt 0.699000 1.010200
vt 0.700000 0.971600
vt 0.685300 1.010000
vt 0.685500 0.970800
vt 0.671700 1.010200
vt 0.670900 0.971500
vt 0.657400 1.010700
vt 0.655800 0.973700
vt 0.644600 1.011300
vt 0.642900 0.976200
vt 0.249300 0.960000
vt 0.252900 0.953600
vt 0.259500 0.942200
vt 0.285900 0.952700
vt 0.282300 0.965400
vt 0.280200 0.972500
vt 0.726000 1.047700
vt 0.713300 1.047700
vt 0.699000 1.047700
vt 0.685300 1.047700
vt 0.671700 1.047700
vt 0.657400 1.047700
vt 0.644700 1.047700
vt 0.280400 0.972600
vt 0.282400 0.965500
vt 0.286100 0.952800
vt 0.305200 0.955000
vt 0.304500 0.968200
vt 0.304100 0.975500
vt 0.726500 1.074100
vt 0.713700 1.074900
vt 0.699200 1.075600
vt 0.685300 1.075900
vt 0.671500 1.075600
vt 0.657000 1.074800
vt 0.644300 1.074000
vt 0.304300 0.975600
vt 0.304700 0.968300
vt 0.305400 0.955000
vt 0.319700 0.955000
vt 0.319700 0.968200
vt 0.319700 0.975500
vt 0.727000 1.090800
vt 0.714100 1.091300
vt 0.699400 1.091900
vt 0.685300 1.092200
vt 0.671300 1.091900
vt 0.656600 1.091300
vt 0.643800 1.090700
vt 0.319900 0.975600
vt 0.319900 0.968200
vt 0.319900 0.955000
vt 0.345400 0.955000
vt 0.345400 0.968200
vt 0.345400 0.975500
vt 0.726900 1.117100
vt 0.714100 1.117200
vt 0.699400 1.117400
vt 0.685400 1.117400
vt 0.671300 1.117400
vt 0.656600 1.117200
vt 0.643700 1.117100
vt 0.345600 0.975600
vt 0.345600 0.968200
vt 0.345600 0.955000
vt 0.206700 0.857300
vt 0.193800 0.859000
vt 0.186600 0.859900
vt 0.726800 0.881500
vt 0.714100 0.881100
vt 0.699500 0.880500
vt 0.685500 0.880300
vt 0.671400 0.880600
vt 0.656800 0.881100
vt 0.644000 0.881600
vt 0.186600 0.860100
vt 0.193900 0.859100
vt 0.206800 0.857400
vt 0.189700 0.825800
vt 0.202700 0.824100
vt 0.182500 0.826800
vt 0.714000 0.847400
vt 0.726800 0.847300
vt 0.699400 0.847400
vt 0.685400 0.847400
vt 0.671400 0.847400
vt 0.656800 0.847400
vt 0.644100 0.847400
vt 0.189800 0.826000
vt 0.182600 0.826900
vt 0.202700 0.824300
vt 0.168600 0.521200
vt 0.161300 0.511500
vt 0.170500 0.507100
vt 0.172800 0.519800
vt 0.156800 0.505600
vt 0.169200 0.500000
vt 0.562000 -0.002600
vt 0.574200 -0.007900
vt 0.576700 0.010900
vt 0.564200 0.011300
vt 0.588900 -0.012400
vt 0.590600 0.010500
vt 0.603600 -0.014000
vt 0.603800 0.010300
vt 0.618400 -0.012700
vt 0.617000 0.010400
vt 0.633300 -0.008300
vt 0.630800 0.010800
vt 0.645600 -0.002900
vt 0.643200 0.011100
vt 0.156700 0.505800
vt 0.161100 0.511700
vt 0.170300 0.507300
vt 0.169100 0.500200
vt 0.168400 0.521300
vt 0.172600 0.520000
vt 0.180800 0.507100
vt 0.180800 0.519800
vt 0.180800 0.500000
vt 0.575700 0.024500
vt 0.563300 0.023800
vt 0.590000 0.025300
vt 0.603800 0.025600
vt 0.617600 0.025300
vt 0.631800 0.024500
vt 0.644100 0.023700
vt 0.180700 0.507200
vt 0.180700 0.500200
vt 0.180700 0.520000
vt 0.166300 0.524400
vt 0.166300 0.529400
vt 0.153500 0.528900
vt 0.154700 0.519700
vt 0.146100 0.528200
vt 0.147900 0.517000
vt 0.724700 0.529100
vt 0.725000 0.542400
vt 0.712600 0.544400
vt 0.712000 0.527900
vt 0.698500 0.545800
vt 0.698400 0.526700
vt 0.685200 0.546200
vt 0.685300 0.526200
vt 0.672000 0.545800
vt 0.672200 0.526700
vt 0.658000 0.544400
vt 0.658200 0.527900
vt 0.645400 0.542600
vt 0.645600 0.529300
vt 0.147700 0.517200
vt 0.145900 0.528400
vt 0.153400 0.529000
vt 0.154500 0.519900
vt 0.166100 0.529600
vt 0.166100 0.524600
vt 0.715600 0.507100
vt 0.727500 0.513800
vt 0.700400 0.501500
vt 0.685000 0.499900
vt 0.669700 0.501900
vt 0.654800 0.507700
vt 0.642900 0.514200
vt 0.206000 0.507100
vt 0.206000 0.519800
vt 0.206100 0.500000
vt 0.575500 0.050000
vt 0.563000 0.049900
vt 0.589900 0.050200
vt 0.603800 0.050200
vt 0.617700 0.050200
vt 0.632200 0.050000
vt 0.644700 0.049900
vt 0.205900 0.507200
vt 0.205900 0.500100
vt 0.205900 0.520000
vt 0.167600 0.540400
vt 0.154900 0.539900
vt 0.147400 0.539400
vt 0.726300 0.555400
vt 0.713700 0.556800
vt 0.699200 0.558200
vt 0.685300 0.558800
vt 0.671400 0.558200
vt 0.656800 0.556900
vt 0.644100 0.555500
vt 0.147300 0.539600
vt 0.154800 0.540100
vt 0.167500 0.540600
vt 0.170000 0.559600
vt 0.157300 0.559600
vt 0.150000 0.560500
vt 0.726900 0.578200
vt 0.714000 0.578500
vt 0.699300 0.578900
vt 0.685300 0.579000
vt 0.671200 0.578900
vt 0.656600 0.578500
vt 0.643700 0.578300
vt 0.149900 0.560700
vt 0.157200 0.559800
vt 0.169900 0.559800
vt 0.168100 0.648300
vt 0.180900 0.647800
vt 0.191800 0.736000
vt 0.178900 0.737100
vt 0.160800 0.649300
vt 0.171700 0.738000
vt 0.713900 0.668200
vt 0.726700 0.668200
vt 0.726700 0.757700
vt 0.713800 0.757800
vt 0.699300 0.668300
vt 0.699300 0.757900
vt 0.685300 0.668300
vt 0.685400 0.757900
vt 0.671400 0.668300
vt 0.671500 0.757900
vt 0.656800 0.668300
vt 0.656900 0.757800
vt 0.644000 0.668200
vt 0.644100 0.757800
vt 0.168000 0.648500
vt 0.160800 0.649400
vt 0.171700 0.738200
vt 0.178900 0.737300
vt 0.180800 0.647900
vt 0.191800 0.736100
vt 0.308800 0.507100
vt 0.308800 0.519900
vt 0.308800 0.500000
vt 0.575600 0.152900
vt 0.563200 0.152900
vt 0.590000 0.152900
vt 0.603900 0.152800
vt 0.617800 0.152800
vt 0.632200 0.152800
vt 0.644600 0.152800
vt 0.308600 0.507200
vt 0.308600 0.500100
vt 0.308600 0.519900
vt 0.371100 0.955000
vt 0.371100 0.968200
vt 0.371100 0.975500
vt 0.726800 1.143000
vt 0.714000 1.143000
vt 0.699300 1.143000
vt 0.685300 1.143000
vt 0.671400 1.143000
vt 0.656700 1.142900
vt 0.643800 1.143000
vt 0.371200 0.975600
vt 0.371200 0.968200
vt 0.371200 0.955000
vt 0.223300 0.870700
vt 0.221200 0.854100
vt 0.231800 0.896400
vt 0.246700 0.918400
vt 0.267200 0.936700
vt 0.289700 0.947700
vt 0.217300 0.823000
vt 0.181300 0.531000
vt 0.182300 0.540600
vt 0.184600 0.559800
vt 0.195500 0.647500
vt 0.206400 0.735300
vt 0.247600 0.863400
vt 0.245800 0.848700
vt 0.255000 0.889000
vt 0.269800 0.914700
vt 0.288600 0.933000
vt 0.312100 0.945500
vt 0.242600 0.823000
vt 0.206600 0.531000
vt 0.207500 0.540600
vt 0.209900 0.559700
vt 0.220800 0.647500
vt 0.231700 0.735300
vt 0.386500 0.955000
vt 0.386500 0.968200
vt 0.386500 0.975500
vt 0.726800 1.158400
vt 0.713900 1.158400
vt 0.699300 1.158400
vt 0.685300 1.158400
vt 0.671400 1.158400
vt 0.656700 1.158400
vt 0.643900 1.158400
vt 0.386700 0.975500
vt 0.386700 0.968200
vt 0.386600 0.955000
vt 0.328800 0.850500
vt 0.327900 0.836200
vt 0.332700 0.881700
vt 0.339900 0.911000
vt 0.348400 0.929300
vt 0.358500 0.944000
vt 0.327000 0.823000
vt 0.309000 0.531000
vt 0.309400 0.540500
vt 0.310600 0.559700
vt 0.316100 0.647400
vt 0.321600 0.735200
vt 0.221100 0.854000
vt 0.223200 0.870600
vt 0.231700 0.896300
vt 0.246600 0.918300
vt 0.267000 0.936600
vt 0.289600 0.947600
vt 0.217300 0.822900
vt 0.181500 0.530900
vt 0.182400 0.540400
vt 0.184700 0.559600
vt 0.195600 0.647400
vt 0.206400 0.735100
vt 0.245700 0.848600
vt 0.247500 0.863300
vt 0.254900 0.888900
vt 0.269700 0.914600
vt 0.288500 0.933000
vt 0.312000 0.945400
vt 0.242500 0.822900
vt 0.206700 0.530900
vt 0.207600 0.540400
vt 0.210000 0.559600
vt 0.220800 0.647400
vt 0.231700 0.735100
vt 0.327800 0.836100
vt 0.328700 0.850400
vt 0.332600 0.881600
vt 0.339700 0.911000
vt 0.348300 0.929300
vt 0.358400 0.944000
vt 0.327000 0.822900
vt 0.309100 0.530900
vt 0.309600 0.540400
vt 0.310700 0.559600
vt 0.321600 0.735100
vt 0.411500 0.507100
vt 0.411500 0.519900
vt 0.411500 0.500000
vt 0.575700 0.255600
vt 0.563300 0.255600
vt 0.590100 0.255600
vt 0.604000 0.255600
vt 0.617900 0.255600
vt 0.632200 0.255600
vt 0.644700 0.255600
vt 0.411300 0.507100
vt 0.411300 0.500000
vt 0.411300 0.519900
vt 0.386600 0.850400
vt 0.386600 0.836100
vt 0.386600 0.881600
vt 0.386600 0.911000
vt 0.386600 0.929300
vt 0.386600 0.944000
vt 0.386600 0.826100
vt 0.411300 0.530900
vt 0.411300 0.540400
vt 0.411400 0.559600
vt 0.386500 0.836100
vt 0.386500 0.850400
vt 0.386500 0.881600
vt 0.386500 0.911000
vt 0.386500 0.929300
vt 0.386500 0.944000
vt 0.386500 0.826100
vt 0.411500 0.530900
vt 0.411500 0.540400
vt 0.411500 0.559600
vt 0.411400 0.647400
vt 0.411500 0.735200
vt 0.411500 0.647400
vt 0.437800 0.788300
vt 0.411400 0.788300
vt 0.411400 0.773400
vt 0.437800 0.773400
vt 0.437800 0.802500
vt 0.411400 0.802500
vt 0.437800 0.811700
vt 0.411400 0.811700
vt 0.437800 0.826000
vt 0.411400 0.826000
vt 0.437800 0.857200
vt 0.411300 0.857200
vt 0.437700 0.886500
vt 0.411300 0.886500
vt 0.437700 0.904900
vt 0.411300 0.904800
vt 0.437700 0.919500
vt 0.411300 0.919500
vt 0.437700 0.930500
vt 0.411300 0.930500
vt 0.437700 0.943700
vt 0.411300 0.943700
vt 0.437700 0.950500
vt 0.411300 0.950500
vt 0.433500 0.961300
vt 0.423500 0.969800
vt 0.411300 0.972500
vt 0.399100 0.969800
vt 0.385000 0.788300
vt 0.385000 0.773300
vt 0.385000 0.802500
vt 0.385000 0.811600
vt 0.385000 0.825900
vt 0.384900 0.857100
vt 0.384900 0.886500
vt 0.384900 0.904800
vt 0.384900 0.919500
vt 0.384900 0.930500
vt 0.384900 0.943700
vt 0.384900 0.950500
vt 0.389100 0.961300
vt 0.382900 0.943700
vt 0.382900 0.930500
vt 0.382900 0.950900
vt 0.387400 0.962400
vt 0.398100 0.971600
vt 0.411300 0.974500
vt 0.424400 0.971600
vt 0.435100 0.962500
vt 0.439700 0.950900
vt 0.439700 0.943800
vt 0.439700 0.930500
vt 0.439700 0.919500
vt 0.439700 0.904900
vt 0.439700 0.886500
vt 0.439700 0.857200
vt 0.439800 0.826000
vt 0.439800 0.811700
vt 0.439800 0.802500
vt 0.439800 0.788300
vt 0.439800 0.773400
vt 0.383000 0.788300
vt 0.383000 0.773300
vt 0.383000 0.802500
vt 0.383000 0.811600
vt 0.383000 0.825900
vt 0.383000 0.857100
vt 0.382900 0.886500
vt 0.382900 0.904800
vt 0.382900 0.919500
vt 0.388500 0.955000
vt 0.388500 0.968200
vt 0.388500 0.975500
vt 0.726800 1.160400
vt 0.713900 1.160400
vt 0.699300 1.160400
vt 0.685300 1.160400
vt 0.671400 1.160400
vt 0.656700 1.160400
vt 0.643900 1.160400
vt 0.388600 0.975500
vt 0.388600 0.968200
vt 0.388600 0.955000
vt 0.388600 0.850400
vt 0.388600 0.836100
vt 0.388600 0.881600
vt 0.388600 0.911000
vt 0.388600 0.929300
vt 0.388600 0.944000
vt 0.388500 0.826700
vt 0.395400 0.812700
vt 0.396700 0.814300
vt 0.388500 0.836100
vt 0.388500 0.850400
vt 0.388500 0.881600
vt 0.388500 0.911000
vt 0.388500 0.929300
vt 0.388500 0.944000
vt 0.395300 0.812600
vt 0.396600 0.814300
vt 0.411500 0.807400
vt 0.411500 0.809400
vt 0.381900 0.943700
vt 0.382000 0.930500
vt 0.381900 0.951100
vt 0.386600 0.963000
vt 0.397700 0.972500
vt 0.411300 0.975500
vt 0.424800 0.972500
vt 0.435900 0.963000
vt 0.440600 0.951100
vt 0.440600 0.943800
vt 0.440600 0.930500
vt 0.440700 0.919500
vt 0.440700 0.904900
vt 0.440700 0.886500
vt 0.440700 0.857200
vt 0.440700 0.826000
vt 0.440700 0.811700
vt 0.440700 0.802500
vt 0.440700 0.788300
vt 0.440700 0.773400
vt 0.382000 0.788300
vt 0.382000 0.773300
vt 0.382000 0.802500
vt 0.382000 0.811600
vt 0.382000 0.825900
vt 0.382000 0.857100
vt 0.382000 0.886500
vt 0.382000 0.904800
vt 0.382000 0.919500
vt 0.389400 0.955000
vt 0.389400 0.968200
vt 0.389400 0.975500
vt 0.726800 1.161300
vt 0.713900 1.161300
vt 0.699300 1.161400
vt 0.685300 1.161400
vt 0.671400 1.161400
vt 0.656700 1.161300
vt 0.643900 1.161300
vt 0.389600 0.975500
vt 0.389600 0.968200
vt 0.389600 0.955000
vt 0.389500 0.850400
vt 0.389500 0.836100
vt 0.389500 0.881600
vt 0.389600 0.911000
vt 0.389600 0.929300
vt 0.389600 0.944000
vt 0.389500 0.827000
vt 0.397300 0.815100
vt 0.389400 0.836100
vt 0.389400 0.850400
vt 0.389400 0.881600
vt 0.389400 0.911000
vt 0.389400 0.929300
vt 0.389400 0.944000
vt 0.389400 0.827000
vt 0.397200 0.815100
vt 0.411500 0.810400
vt 0.613900 0.874400
vt 0.626700 0.877800
vt 0.615700 0.907800
vt 0.604000 0.901600
vt 0.633800 0.879700
vt 0.622100 0.911200
vt 0.563500 0.903000
vt 0.576200 0.902800
vt 0.576400 0.939500
vt 0.563600 0.939300
vt 0.590600 0.902500
vt 0.590700 0.939700
vt 0.604200 0.902500
vt 0.604200 0.939900
vt 0.617900 0.902500
vt 0.617700 0.939800
vt 0.632200 0.902800
vt 0.632000 0.939600
vt 0.644900 0.903100
vt 0.633900 0.879600
vt 0.626800 0.877700
vt 0.615800 0.907600
vt 0.622300 0.911100
vt 0.614000 0.874300
vt 0.604100 0.901500
vt 0.595300 0.934200
vt 0.585900 0.924900
vt 0.600500 0.939400
vt 0.574800 0.978700
vt 0.562000 0.976200
vt 0.589700 0.981100
vt 0.604200 0.981700
vt 0.618700 0.980900
vt 0.633600 0.978600
vt 0.646300 0.976200
vt 0.595400 0.934100
vt 0.600600 0.939300
vt 0.586100 0.924800
vt 0.570100 0.953500
vt 0.563500 0.942100
vt 0.573800 0.959900
vt 0.574800 0.973700
vt 0.576200 1.010600
vt 0.563400 1.011100
vt 0.589700 0.971500
vt 0.590600 1.010000
vt 0.604200 0.970700
vt 0.604300 1.009800
vt 0.618800 0.971400
vt 0.617900 1.010100
vt 0.633800 0.973600
vt 0.632200 1.010700
vt 0.646800 0.976200
vt 0.645000 1.011300
vt 0.570300 0.953400
vt 0.573900 0.959800
vt 0.563600 0.942000
vt 0.540600 0.965500
vt 0.537000 0.952800
vt 0.542600 0.972500
vt 0.576200 1.047600
vt 0.563500 1.047500
vt 0.590500 1.047600
vt 0.604200 1.047600
vt 0.617800 1.047600
vt 0.632100 1.047700
vt 0.644800 1.047700
vt 0.540800 0.965400
vt 0.542800 0.972400
vt 0.537100 0.952700
vt 0.518400 0.968200
vt 0.517700 0.955000
vt 0.518700 0.975500
vt 0.575800 1.074700
vt 0.563000 1.073900
vt 0.590300 1.075500
vt 0.604100 1.075800
vt 0.617900 1.075500
vt 0.632400 1.074800
vt 0.645200 1.074000
vt 0.518500 0.968100
vt 0.518900 0.975500
vt 0.517800 0.954900
vt 0.503100 0.968200
vt 0.503100 0.955000
vt 0.503100 0.975500
vt 0.575300 1.091100
vt 0.562500 1.090600
vt 0.590000 1.091800
vt 0.604100 1.092000
vt 0.618200 1.091800
vt 0.632800 1.091200
vt 0.645600 1.090700
vt 0.503300 0.968100
vt 0.503300 0.975500
vt 0.503300 0.954900
vt 0.477500 0.968200
vt 0.477500 0.955000
vt 0.477500 0.975500
vt 0.575300 1.117000
vt 0.562400 1.116900
vt 0.589900 1.117200
vt 0.604000 1.117300
vt 0.618100 1.117300
vt 0.632700 1.117100
vt 0.645700 1.117100
vt 0.477600 0.968200
vt 0.477600 0.975500
vt 0.477600 0.954900
vt 0.616100 0.857300
vt 0.629100 0.859000
vt 0.636300 0.860000
vt 0.562900 0.881500
vt 0.575600 0.881100
vt 0.590200 0.880500
vt 0.604200 0.880300
vt 0.618300 0.880600
vt 0.632900 0.881200
vt 0.645700 0.881600
vt 0.636400 0.859800
vt 0.629200 0.858900
vt 0.616200 0.857200
vt 0.620200 0.824200
vt 0.633200 0.825900
vt 0.640400 0.826800
vt 0.562900 0.847300
vt 0.575700 0.847400
vt 0.590300 0.847400
vt 0.604300 0.847400
vt 0.618300 0.847400
vt 0.632800 0.847400
vt 0.645600 0.847400
vt 0.640500 0.826700
vt 0.633300 0.825700
vt 0.620300 0.824000
vt 0.654400 0.521200
vt 0.650200 0.519900
vt 0.652500 0.507100
vt 0.661700 0.511500
vt 0.653700 0.500100
vt 0.666100 0.505700
vt 0.562400 0.513900
vt 0.564500 0.500000
vt 0.577000 0.500300
vt 0.574500 0.519100
vt 0.590900 0.500800
vt 0.589300 0.523600
vt 0.604100 0.500900
vt 0.604000 0.525200
vt 0.617300 0.500700
vt 0.618800 0.523800
vt 0.631200 0.500300
vt 0.633700 0.519400
vt 0.643500 0.500000
vt 0.646000 0.514000
vt 0.666000 0.505500
vt 0.653600 0.499900
vt 0.652300 0.507000
vt 0.661600 0.511400
vt 0.650000 0.519700
vt 0.654300 0.521100
vt 0.642200 0.519900
vt 0.642200 0.507100
vt 0.642200 0.500100
vt 0.563600 0.487500
vt 0.576100 0.486700
vt 0.590400 0.485900
vt 0.604100 0.485600
vt 0.617900 0.485900
vt 0.632100 0.486700
vt 0.644400 0.487500
vt 0.642000 0.499900
vt 0.642000 0.507000
vt 0.642000 0.519700
vt 0.656700 0.524500
vt 0.668300 0.519800
vt 0.669400 0.528900
vt 0.656700 0.529500
vt 0.675100 0.517000
vt 0.676900 0.528300
vt 0.565000 0.529100
vt 0.577700 0.527900
vt 0.577100 0.544400
vt 0.564700 0.542400
vt 0.591400 0.526700
vt 0.591300 0.545800
vt 0.604400 0.526200
vt 0.604500 0.546200
vt 0.617600 0.526700
vt 0.617700 0.545800
vt 0.631500 0.527900
vt 0.631700 0.544400
vt 0.644100 0.529300
vt 0.644300 0.542600
vt 0.674900 0.516900
vt 0.668100 0.519600
vt 0.669300 0.528700
vt 0.676800 0.528100
vt 0.656600 0.524300
vt 0.656500 0.529300
vt 0.562300 0.513800
vt 0.574200 0.507100
vt 0.589300 0.501500
vt 0.604700 0.499900
vt 0.620000 0.501900
vt 0.634900 0.507700
vt 0.646800 0.514200
vt 0.616900 0.519900
vt 0.616900 0.507100
vt 0.616900 0.500100
vt 0.563300 0.461300
vt 0.575800 0.461200
vt 0.590200 0.461000
vt 0.604100 0.460900
vt 0.618000 0.461000
vt 0.632400 0.461200
vt 0.644900 0.461300
vt 0.616800 0.499900
vt 0.616800 0.507000
vt 0.616800 0.519700
vt 0.668100 0.540000
vt 0.655300 0.540500
vt 0.675500 0.539500
vt 0.576000 0.556800
vt 0.563400 0.555400
vt 0.590500 0.558200
vt 0.604400 0.558800
vt 0.618300 0.558300
vt 0.632900 0.556900
vt 0.645600 0.555500
vt 0.667900 0.539800
vt 0.675400 0.539300
vt 0.655200 0.540300
vt 0.665700 0.559700
vt 0.653000 0.559700
vt 0.672900 0.560500
vt 0.575700 0.578500
vt 0.562800 0.578200
vt 0.590400 0.578900
vt 0.604500 0.579000
vt 0.618500 0.578900
vt 0.633100 0.578500
vt 0.646000 0.578300
vt 0.665500 0.559500
vt 0.672800 0.560400
vt 0.652800 0.559500
vt 0.654800 0.648400
vt 0.644000 0.737100
vt 0.631100 0.736000
vt 0.642000 0.647800
vt 0.662100 0.649300
vt 0.651300 0.738100
vt 0.575800 0.668200
vt 0.575900 0.757800
vt 0.563000 0.757700
vt 0.563000 0.668200
vt 0.590400 0.668300
vt 0.590400 0.757900
vt 0.604400 0.668300
vt 0.604300 0.757900
vt 0.618300 0.668300
vt 0.618200 0.757900
vt 0.632900 0.668300
vt 0.632800 0.757800
vt 0.645700 0.668200
vt 0.645600 0.757800
vt 0.654800 0.648200
vt 0.644000 0.737000
vt 0.651300 0.737900
vt 0.662000 0.649100
vt 0.642000 0.647700
vt 0.631100 0.735800
vt 0.514200 0.519900
vt 0.514200 0.507100
vt 0.514200 0.500000
vt 0.563300 0.358400
vt 0.575800 0.358400
vt 0.590200 0.358400
vt 0.604000 0.358400
vt 0.617900 0.358300
vt 0.632300 0.358300
vt 0.644800 0.358300
vt 0.514000 0.500000
vt 0.514000 0.507100
vt 0.514100 0.519800
vt 0.451800 0.968200
vt 0.451800 0.955000
vt 0.451800 0.975500
vt 0.575300 1.142800
vt 0.562500 1.142800
vt 0.590000 1.142900
vt 0.603900 1.142900
vt 0.617900 1.142900
vt 0.632600 1.142900
vt 0.645500 1.142900
vt 0.452000 0.968200
vt 0.452000 0.975500
vt 0.451900 0.955000
vt 0.601900 0.853900
vt 0.599800 0.870500
vt 0.591300 0.896200
vt 0.576400 0.918200
vt 0.556000 0.936600
vt 0.533400 0.947600
vt 0.605700 0.822800
vt 0.641300 0.530800
vt 0.640400 0.540300
vt 0.638100 0.559500
vt 0.627300 0.647300
vt 0.616500 0.735000
vt 0.577300 0.848500
vt 0.575500 0.863200
vt 0.568100 0.888900
vt 0.553300 0.914500
vt 0.534500 0.932900
vt 0.511000 0.945400
vt 0.580400 0.822800
vt 0.616100 0.530800
vt 0.615200 0.540300
vt 0.612900 0.559500
vt 0.602100 0.647300
vt 0.591300 0.735000
vt 0.436400 0.968200
vt 0.436400 0.955000
vt 0.436400 0.975500
vt 0.575300 1.158200
vt 0.562500 1.158200
vt 0.589900 1.158300
vt 0.603900 1.158300
vt 0.617900 1.158300
vt 0.632500 1.158300
vt 0.645400 1.158400
vt 0.436500 0.968200
vt 0.436500 0.975500
vt 0.436500 0.955000
vt 0.495200 0.836100
vt 0.494300 0.850400
vt 0.490400 0.881600
vt 0.483300 0.910900
vt 0.474700 0.929300
vt 0.464700 0.943900
vt 0.496000 0.822900
vt 0.513700 0.530800
vt 0.513300 0.540400
vt 0.512100 0.559600
vt 0.506700 0.647300
vt 0.501400 0.735100
vt 0.599700 0.870600
vt 0.601800 0.854100
vt 0.591200 0.896300
vt 0.576300 0.918300
vt 0.555800 0.936700
vt 0.533300 0.947700
vt 0.605600 0.822900
vt 0.641500 0.530900
vt 0.640600 0.540500
vt 0.638200 0.559700
vt 0.616500 0.735200
vt 0.627300 0.647400
vt 0.575400 0.863300
vt 0.577200 0.848600
vt 0.568000 0.889000
vt 0.553200 0.914600
vt 0.534400 0.933000
vt 0.510900 0.945500
vt 0.580400 0.822900
vt 0.616200 0.530900
vt 0.615300 0.540500
vt 0.613000 0.559600
vt 0.591300 0.735200
vt 0.602100 0.647400
vt 0.494200 0.850400
vt 0.495100 0.836100
vt 0.490300 0.881600
vt 0.483100 0.911000
vt 0.474600 0.929300
vt 0.464500 0.944000
vt 0.495900 0.822900
vt 0.513900 0.530900
vt 0.513400 0.540500
vt 0.512200 0.559600
vt 0.501400 0.735200
vt 0.506800 0.647400
vt 0.436500 0.836100
vt 0.436500 0.850400
vt 0.436500 0.881600
vt 0.436500 0.910900
vt 0.436500 0.929300
vt 0.436500 0.944000
vt 0.436500 0.826100
vt 0.436400 0.850400
vt 0.436400 0.836100
vt 0.436400 0.881600
vt 0.436400 0.911000
vt 0.436400 0.929300
vt 0.436400 0.944000
vt 0.436400 0.826100
vt 0.437800 0.758400
vt 0.411400 0.758400
vt 0.437800 0.744200
vt 0.411400 0.744200
vt 0.437800 0.735100
vt 0.411400 0.735000
vt 0.437800 0.720800
vt 0.411400 0.720700
vt 0.437900 0.689600
vt 0.411400 0.689500
vt 0.437900 0.660200
vt 0.411500 0.660200
vt 0.437900 0.641900
vt 0.411500 0.641900
vt 0.437900 0.627200
vt 0.411500 0.627200
vt 0.437900 0.616200
vt 0.411500 0.616200
vt 0.437900 0.603000
vt 0.411500 0.603000
vt 0.437900 0.596200
vt 0.411500 0.596200
vt 0.433700 0.585400
vt 0.423700 0.576900
vt 0.399300 0.576900
vt 0.411500 0.574200
vt 0.385000 0.758400
vt 0.385000 0.744200
vt 0.385000 0.735000
vt 0.385000 0.720700
vt 0.385000 0.689500
vt 0.385000 0.660200
vt 0.385100 0.641800
vt 0.385100 0.627200
vt 0.385100 0.616200
vt 0.385100 0.603000
vt 0.385100 0.596200
vt 0.389300 0.585400
vt 0.383100 0.616200
vt 0.383100 0.603000
vt 0.383100 0.595800
vt 0.387700 0.584200
vt 0.398400 0.575100
vt 0.411500 0.572200
vt 0.424600 0.575100
vt 0.435400 0.584300
vt 0.439900 0.595800
vt 0.439900 0.603000
vt 0.439900 0.616200
vt 0.439900 0.627200
vt 0.439900 0.641900
vt 0.439900 0.660200
vt 0.439800 0.689600
vt 0.439800 0.720800
vt 0.439800 0.735100
vt 0.439800 0.744200
vt 0.439800 0.758400
vt 0.383000 0.758400
vt 0.383000 0.744200
vt 0.383000 0.735000
vt 0.383000 0.720700
vt 0.383100 0.689500
vt 0.383100 0.660200
vt 0.383100 0.641800
vt 0.383100 0.627200
vt 0.434400 0.968200
vt 0.434400 0.955000
vt 0.434400 0.975500
vt 0.575300 1.160200
vt 0.562400 1.160200
vt 0.589900 1.160300
vt 0.603900 1.160300
vt 0.617900 1.160300
vt 0.632500 1.160300
vt 0.645400 1.160400
vt 0.434600 0.968200
vt 0.434600 0.975500
vt 0.434600 0.955000
vt 0.434500 0.836100
vt 0.434500 0.850400
vt 0.434500 0.881600
vt 0.434500 0.910900
vt 0.434500 0.929300
vt 0.434500 0.944000
vt 0.434500 0.826700
vt 0.427600 0.812600
vt 0.426400 0.814300
vt 0.434400 0.850400
vt 0.434400 0.836100
vt 0.434400 0.881600
vt 0.434400 0.911000
vt 0.434400 0.929300
vt 0.434400 0.944000
vt 0.434400 0.826700
vt 0.426300 0.814300
vt 0.382100 0.616200
vt 0.382100 0.603000
vt 0.382200 0.595600
vt 0.386900 0.583700
vt 0.397900 0.574200
vt 0.411500 0.571200
vt 0.425100 0.574200
vt 0.436200 0.583700
vt 0.440800 0.595700
vt 0.440800 0.603000
vt 0.440800 0.616200
vt 0.440800 0.627200
vt 0.440800 0.641900
vt 0.440800 0.660200
vt 0.440800 0.689600
vt 0.440800 0.720800
vt 0.440800 0.735100
vt 0.440800 0.744200
vt 0.440800 0.758400
vt 0.382100 0.758400
vt 0.382100 0.744200
vt 0.382100 0.735000
vt 0.382100 0.720700
vt 0.382100 0.689500
vt 0.382100 0.660200
vt 0.382100 0.641800
vt 0.382100 0.627200
vt 0.433400 0.968200
vt 0.433400 0.955000
vt 0.433400 0.975500
vt 0.575300 1.161200
vt 0.562400 1.161100
vt 0.589900 1.161200
vt 0.603900 1.161300
vt 0.617900 1.161300
vt 0.632500 1.161300
vt 0.645400 1.161300
vt 0.433600 0.968200
vt 0.433600 0.975500
vt 0.433600 0.955000
vt 0.433500 0.836100
vt 0.433500 0.850400
vt 0.433600 0.881600
vt 0.433600 0.910900
vt 0.433600 0.929300
vt 0.433600 0.944000
vt 0.433500 0.827000
vt 0.425700 0.815100
vt 0.433500 0.881600
vt 0.433400 0.911000
vt 0.433400 0.929300
vt 0.433400 0.944000
vt 0.664600 0.125600
vt 0.677400 0.122200
vt 0.666300 0.092300
vt 0.654700 0.098500
vt 0.684400 0.120300
vt 0.672800 0.088800
vt 0.147400 0.097000
vt 0.160100 0.097200
vt 0.160300 0.060500
vt 0.147500 0.060700
vt 0.174500 0.097500
vt 0.174600 0.060300
vt 0.188100 0.097500
vt 0.188100 0.060100
vt 0.201800 0.097500
vt 0.201600 0.060200
vt 0.216100 0.097200
vt 0.215900 0.060400
vt 0.228800 0.096900
vt 0.228700 0.060600
vt 0.684300 0.120200
vt 0.677300 0.122100
vt 0.666200 0.092100
vt 0.672700 0.088700
vt 0.664500 0.125500
vt 0.654600 0.098300
vt 0.646000 0.065800
vt 0.636600 0.075200
vt 0.651200 0.060600
vt 0.158700 0.021300
vt 0.145900 0.023800
vt 0.173500 0.018900
vt 0.188100 0.018300
vt 0.202600 0.019100
vt 0.217500 0.021400
vt 0.230200 0.023800
vt 0.645800 0.065700
vt 0.651000 0.060500
vt 0.636500 0.075000
vt 0.620800 0.046500
vt 0.614200 0.057900
vt 0.624500 0.040100
vt 0.145900 0.023600
vt 0.158700 0.026100
vt 0.160200 -0.010700
vt 0.147400 -0.011300
vt 0.173600 0.028400
vt 0.174600 -0.010200
vt 0.188100 0.029200
vt 0.188200 -0.010000
vt 0.202700 0.028500
vt 0.201900 -0.010200
vt 0.217700 0.026300
vt 0.216200 -0.010700
vt 0.230700 0.023800
vt 0.229000 -0.011300
vt 0.620600 0.046400
vt 0.624300 0.040000
vt 0.614100 0.057800
vt 0.591300 0.034600
vt 0.587700 0.047300
vt 0.593300 0.027500
vt 0.160300 -0.047700
vt 0.147600 -0.047700
vt 0.174600 -0.047700
vt 0.188200 -0.047700
vt 0.201900 -0.047700
vt 0.216200 -0.047700
vt 0.228800 -0.047700
vt 0.591100 0.034500
vt 0.593200 0.027400
vt 0.587500 0.047200
vt 0.569100 0.031800
vt 0.568400 0.045000
vt 0.569400 0.024500
vt 0.159900 -0.074900
vt 0.147100 -0.074100
vt 0.174400 -0.075600
vt 0.188200 -0.075900
vt 0.202100 -0.075600
vt 0.216600 -0.074800
vt 0.229300 -0.074000
vt 0.568900 0.031700
vt 0.569300 0.024400
vt 0.568200 0.045000
vt 0.553800 0.031800
vt 0.553800 0.045000
vt 0.553900 0.024500
vt 0.159500 -0.091300
vt 0.146600 -0.090800
vt 0.174200 -0.091900
vt 0.188200 -0.092200
vt 0.202300 -0.091900
vt 0.217000 -0.091300
vt 0.229800 -0.090700
vt 0.553700 0.031800
vt 0.553700 0.024400
vt 0.553700 0.045000
vt 0.528200 0.031800
vt 0.528200 0.045000
vt 0.528200 0.024500
vt 0.159500 -0.117200
vt 0.146600 -0.117100
vt 0.174200 -0.117400
vt 0.188200 -0.117400
vt 0.202300 -0.117400
vt 0.217000 -0.117200
vt 0.229900 -0.117100
vt 0.528000 0.031800
vt 0.528000 0.024400
vt 0.528000 0.045000
vt 0.666800 0.142700
vt 0.679800 0.141000
vt 0.687000 0.140100
vt 0.146700 0.118500
vt 0.159500 0.118900
vt 0.174100 0.119500
vt 0.188100 0.119700
vt 0.202200 0.119400
vt 0.216800 0.118900
vt 0.229600 0.118400
vt 0.686900 0.139900
vt 0.679700 0.140900
vt 0.666700 0.142600
vt 0.670900 0.175900
vt 0.683900 0.174200
vt 0.691100 0.173200
vt 0.146800 0.152700
vt 0.159600 0.152600
vt 0.174200 0.152600
vt 0.188200 0.152600
vt 0.202200 0.152600
vt 0.216700 0.152600
vt 0.229500 0.152600
vt 0.691000 0.173100
vt 0.683800 0.174000
vt 0.670800 0.175700
vt 0.705000 0.478800
vt 0.700800 0.480200
vt 0.703100 0.492900
vt 0.712300 0.488500
vt 0.704300 0.500000
vt 0.716700 0.494400
vt 0.311600 1.002600
vt 0.309400 0.988700
vt 0.296900 0.989100
vt 0.299400 1.007900
vt 0.283000 0.989500
vt 0.284700 1.012400
vt 0.269800 0.989700
vt 0.269900 1.014000
vt 0.256600 0.989600
vt 0.255200 1.012700
vt 0.242700 0.989200
vt 0.240300 1.008300
vt 0.230400 0.988900
vt 0.228000 1.002900
vt 0.716900 0.494200
vt 0.704500 0.499800
vt 0.703200 0.492700
vt 0.712500 0.488300
vt 0.700900 0.480000
vt 0.705200 0.478700
vt 0.692800 0.480200
vt 0.692800 0.492900
vt 0.692800 0.500000
vt 0.310300 0.976200
vt 0.297800 0.975500
vt 0.283500 0.974700
vt 0.269700 0.974400
vt 0.256000 0.974700
vt 0.241800 0.975500
vt 0.229400 0.976300
vt 0.692900 0.499800
vt 0.692900 0.492800
vt 0.692900 0.480000
vt 0.707300 0.475600
vt 0.718900 0.480300
vt 0.720000 0.471100
vt 0.707300 0.470600
vt 0.725700 0.483000
vt 0.727500 0.471800
vt 0.148900 0.470900
vt 0.161600 0.472100
vt 0.161000 0.455600
vt 0.148500 0.457600
vt 0.175200 0.473300
vt 0.175100 0.454200
vt 0.188300 0.473800
vt 0.188400 0.453800
vt 0.201400 0.473300
vt 0.201600 0.454200
vt 0.215400 0.472100
vt 0.215600 0.455600
vt 0.228000 0.470700
vt 0.228200 0.457400
vt 0.725900 0.482800
vt 0.719000 0.480100
vt 0.720200 0.471000
vt 0.727700 0.471600
vt 0.707400 0.475400
vt 0.707400 0.470400
vt 0.146100 0.486200
vt 0.158000 0.492900
vt 0.173200 0.498500
vt 0.188600 0.500100
vt 0.203900 0.498100
vt 0.218800 0.492300
vt 0.230700 0.485800
vt 0.667500 0.480200
vt 0.667500 0.492900
vt 0.667500 0.500000
vt 0.310600 0.950100
vt 0.298100 0.950000
vt 0.283700 0.949800
vt 0.269800 0.949800
vt 0.255800 0.949800
vt 0.241400 0.950000
vt 0.228900 0.950100
vt 0.667700 0.499900
vt 0.667700 0.492800
vt 0.667700 0.480000
vt 0.718700 0.460100
vt 0.705900 0.459600
vt 0.726100 0.460600
vt 0.159900 0.443200
vt 0.147300 0.444600
vt 0.174300 0.441800
vt 0.188300 0.441200
vt 0.202200 0.441800
vt 0.216700 0.443100
vt 0.229500 0.444500
vt 0.718800 0.459900
vt 0.726300 0.460400
vt 0.706100 0.459400
vt 0.716300 0.440400
vt 0.703600 0.440400
vt 0.723500 0.439500
vt 0.159600 0.421500
vt 0.146600 0.421800
vt 0.174300 0.421100
vt 0.188300 0.421000
vt 0.202300 0.421100
vt 0.217000 0.421500
vt 0.229800 0.421700
vt 0.716400 0.440200
vt 0.723700 0.439300
vt 0.703700 0.440200
vt 0.705500 0.351700
vt 0.694700 0.262900
vt 0.681800 0.264000
vt 0.692700 0.352200
vt 0.712700 0.350700
vt 0.701900 0.262000
vt 0.159700 0.331800
vt 0.159700 0.242200
vt 0.146900 0.242300
vt 0.146900 0.331800
vt 0.174300 0.331700
vt 0.174300 0.242100
vt 0.188200 0.331700
vt 0.188200 0.242100
vt 0.202200 0.331700
vt 0.202100 0.242100
vt 0.216800 0.331800
vt 0.216700 0.242200
vt 0.229600 0.331800
vt 0.229500 0.242300
vt 0.705500 0.351500
vt 0.694700 0.262700
vt 0.701900 0.261800
vt 0.712800 0.350600
vt 0.692700 0.352100
vt 0.681800 0.263900
vt 0.564800 0.480100
vt 0.564800 0.492900
vt 0.564800 0.500000
vt 0.310400 0.847100
vt 0.297900 0.847100
vt 0.283600 0.847100
vt 0.269700 0.847200
vt 0.255800 0.847200
vt 0.241400 0.847200
vt 0.228900 0.847200
vt 0.565000 0.499900
vt 0.565000 0.492800
vt 0.565000 0.480100
vt 0.502500 0.031800
vt 0.502500 0.045000
vt 0.502500 0.024500
vt 0.159600 -0.143000
vt 0.146700 -0.143000
vt 0.174200 -0.143000
vt 0.188200 -0.143000
vt 0.202200 -0.143000
vt 0.216900 -0.142900
vt 0.229700 -0.143000
vt 0.502300 0.031800
vt 0.502300 0.024400
vt 0.502300 0.045000
vt 0.652400 0.145900
vt 0.650200 0.129300
vt 0.641700 0.103600
vt 0.626800 0.081600
vt 0.606400 0.063300
vt 0.583800 0.052300
vt 0.656200 0.177000
vt 0.692200 0.469000
vt 0.691300 0.459400
vt 0.688900 0.440200
vt 0.678000 0.352500
vt 0.667100 0.264700
vt 0.627800 0.151300
vt 0.626000 0.136600
vt 0.618600 0.111000
vt 0.603700 0.085300
vt 0.584900 0.067000
vt 0.561400 0.054500
vt 0.631000 0.177000
vt 0.667000 0.469000
vt 0.666100 0.459400
vt 0.663700 0.440300
vt 0.652800 0.352500
vt 0.641900 0.264700
vt 0.487100 0.031800
vt 0.487100 0.045000
vt 0.487100 0.024500
vt 0.159600 -0.158400
vt 0.146800 -0.158400
vt 0.174300 -0.158400
vt 0.188200 -0.158400
vt 0.202200 -0.158400
vt 0.216800 -0.158400
vt 0.229700 -0.158400
vt 0.486900 0.031800
vt 0.486900 0.024500
vt 0.486900 0.045000
vt 0.545700 0.163800
vt 0.544800 0.149500
vt 0.540800 0.118300
vt 0.533700 0.089000
vt 0.525200 0.070700
vt 0.515100 0.056000
vt 0.546500 0.177000
vt 0.564600 0.469000
vt 0.564200 0.459500
vt 0.563000 0.440300
vt 0.557500 0.352600
vt 0.552000 0.264800
vt 0.650300 0.129400
vt 0.652500 0.146000
vt 0.641900 0.103700
vt 0.627000 0.081700
vt 0.606500 0.063400
vt 0.584000 0.052400
vt 0.656300 0.177100
vt 0.692100 0.469100
vt 0.691200 0.459600
vt 0.688800 0.440400
vt 0.667100 0.264900
vt 0.678000 0.352600
vt 0.626100 0.136700
vt 0.627900 0.151400
vt 0.618700 0.111100
vt 0.603900 0.085400
vt 0.585100 0.067000
vt 0.561600 0.054600
vt 0.631100 0.177100
vt 0.666900 0.469100
vt 0.665900 0.459600
vt 0.663600 0.440400
vt 0.641900 0.264900
vt 0.652700 0.352600
vt 0.544900 0.149600
vt 0.545800 0.163900
vt 0.540900 0.118400
vt 0.533800 0.089000
vt 0.525300 0.070700
vt 0.515200 0.056000
vt 0.546600 0.177100
vt 0.564500 0.469100
vt 0.564000 0.459600
vt 0.562800 0.440400
vt 0.552000 0.264900
vt 0.557400 0.352600
vt 0.462100 0.480100
vt 0.462100 0.492900
vt 0.462100 0.500000
vt 0.310300 0.744400
vt 0.297800 0.744400
vt 0.283500 0.744400
vt 0.269600 0.744400
vt 0.255700 0.744400
vt 0.241400 0.744400
vt 0.228900 0.744400
vt 0.462200 0.500000
vt 0.462200 0.492900
vt 0.462200 0.480100
vt 0.487000 0.163900
vt 0.487000 0.149600
vt 0.487000 0.118400
vt 0.487000 0.089000
vt 0.486900 0.070700
vt 0.486900 0.056000
vt 0.487000 0.173900
vt 0.462200 0.469100
vt 0.462200 0.459600
vt 0.462200 0.440400
vt 0.487100 0.149600
vt 0.487100 0.163900
vt 0.487100 0.118400
vt 0.487100 0.089000
vt 0.487100 0.070700
vt 0.487100 0.056000
vt 0.487100 0.173900
vt 0.462100 0.469100
vt 0.462100 0.459600
vt 0.462100 0.440400
vt 0.462200 0.352600
vt 0.462100 0.264800
vt 0.462100 0.352600
vt 0.435800 0.211700
vt 0.435800 0.226600
vt 0.462200 0.226600
vt 0.462200 0.211700
vt 0.435800 0.197500
vt 0.462200 0.197500
vt 0.435800 0.188300
vt 0.462200 0.188300
vt 0.435800 0.174000
vt 0.462200 0.174000
vt 0.435800 0.142800
vt 0.462200 0.142800
vt 0.435800 0.113500
vt 0.462200 0.113500
vt 0.435800 0.095100
vt 0.462300 0.095200
vt 0.435800 0.080500
vt 0.462300 0.080500
vt 0.435900 0.069500
vt 0.462300 0.069500
vt 0.435900 0.056300
vt 0.462300 0.056300
vt 0.435900 0.049500
vt 0.462300 0.049500
vt 0.440100 0.038700
vt 0.450100 0.030200
vt 0.474500 0.030200
vt 0.462300 0.027500
vt 0.488600 0.226700
vt 0.488600 0.211700
vt 0.488600 0.197500
vt 0.488600 0.188400
vt 0.488600 0.174100
vt 0.488600 0.142900
vt 0.488700 0.113500
vt 0.488700 0.095200
vt 0.488700 0.080500
vt 0.488700 0.069500
vt 0.488700 0.056300
vt 0.488700 0.049500
vt 0.484500 0.038700
vt 0.490700 0.069500
vt 0.490700 0.056300
vt 0.490700 0.049100
vt 0.486100 0.037600
vt 0.475400 0.028400
vt 0.462300 0.025500
vt 0.449200 0.028400
vt 0.438400 0.037500
vt 0.433900 0.049100
vt 0.433900 0.056200
vt 0.433900 0.069500
vt 0.433900 0.080500
vt 0.433900 0.095100
vt 0.433800 0.113500
vt 0.433800 0.142800
vt 0.433800 0.174000
vt 0.433800 0.188300
vt 0.433800 0.197500
vt 0.433800 0.211700
vt 0.433800 0.226600
vt 0.490600 0.226700
vt 0.490600 0.211700
vt 0.490600 0.197500
vt 0.490600 0.188400
vt 0.490600 0.174100
vt 0.490600 0.142900
vt 0.490600 0.113500
vt 0.490600 0.095200
vt 0.490700 0.080500
vt 0.485100 0.031800
vt 0.485100 0.045000
vt 0.485100 0.024500
vt 0.159600 -0.160400
vt 0.146800 -0.160400
vt 0.174300 -0.160400
vt 0.188200 -0.160400
vt 0.202200 -0.160400
vt 0.216800 -0.160400
vt 0.229700 -0.160400
vt 0.484900 0.031800
vt 0.484900 0.024500
vt 0.484900 0.045000
vt 0.485000 0.163900
vt 0.485000 0.149600
vt 0.485000 0.118400
vt 0.485000 0.089000
vt 0.485000 0.070700
vt 0.485000 0.056000
vt 0.485000 0.173300
vt 0.478200 0.187300
vt 0.476900 0.185700
vt 0.485100 0.149600
vt 0.485100 0.163900
vt 0.485100 0.118400
vt 0.485100 0.089000
vt 0.485100 0.070700
vt 0.485100 0.056000
vt 0.485100 0.173300
vt 0.477000 0.185700
vt 0.478200 0.187400
vt 0.462100 0.192600
vt 0.462100 0.190600
vt 0.491600 0.069500
vt 0.491600 0.056300
vt 0.491600 0.048900
vt 0.486900 0.037000
vt 0.475900 0.027500
vt 0.462300 0.024500
vt 0.448700 0.027500
vt 0.437600 0.037000
vt 0.432900 0.048900
vt 0.432900 0.056200
vt 0.432900 0.069500
vt 0.432900 0.080500
vt 0.432900 0.095100
vt 0.432900 0.113500
vt 0.432900 0.142800
vt 0.432900 0.174000
vt 0.432900 0.188300
vt 0.432800 0.197500
vt 0.432800 0.211700
vt 0.432800 0.226600
vt 0.491500 0.226700
vt 0.491500 0.211700
vt 0.491500 0.197500
vt 0.491500 0.188400
vt 0.491600 0.174100
vt 0.491600 0.142900
vt 0.491600 0.113500
vt 0.491600 0.095200
vt 0.491600 0.080500
vt 0.484100 0.031800
vt 0.484100 0.045000
vt 0.484100 0.024500
vt 0.159600 -0.161300
vt 0.146800 -0.161300
vt 0.174300 -0.161400
vt 0.188200 -0.161400
vt 0.202200 -0.161400
vt 0.216800 -0.161300
vt 0.229700 -0.161300
vt 0.484000 0.031800
vt 0.484000 0.024500
vt 0.484000 0.045000
vt 0.484100 0.163900
vt 0.484100 0.149600
vt 0.484000 0.118400
vt 0.484000 0.089000
vt 0.484000 0.070700
vt 0.484000 0.056000
vt 0.484100 0.173000
vt 0.476300 0.184900
vt 0.484100 0.118400
vt 0.484100 0.089000
vt 0.484100 0.070700
vt 0.484100 0.056000
vt 0.476400 0.184900
vt 0.462100 0.189600
vt 0.259700 0.125600
vt 0.269600 0.098400
vt 0.257900 0.092200
vt 0.246900 0.122200
vt 0.251400 0.088800
vt 0.239800 0.120300
vt 0.310000 0.097000
vt 0.310000 0.060700
vt 0.297200 0.060500
vt 0.297300 0.097200
vt 0.282900 0.060300
vt 0.283000 0.097500
vt 0.269400 0.060100
vt 0.269400 0.097500
vt 0.255900 0.060200
vt 0.255700 0.097500
vt 0.241500 0.060400
vt 0.241300 0.097200
vt 0.228600 0.096900
vt 0.239700 0.120400
vt 0.251300 0.088900
vt 0.257800 0.092400
vt 0.246800 0.122300
vt 0.269500 0.098500
vt 0.259600 0.125700
vt 0.287600 0.075100
vt 0.278300 0.065800
vt 0.273100 0.060600
vt 0.311500 0.023800
vt 0.298800 0.021300
vt 0.283900 0.018900
vt 0.269400 0.018300
vt 0.254800 0.019100
vt 0.240000 0.021400
vt 0.227200 0.023800
vt 0.273000 0.060700
vt 0.278100 0.065900
vt 0.287500 0.075200
vt 0.310100 0.057900
vt 0.303500 0.046500
vt 0.299800 0.040100
vt 0.310200 -0.011100
vt 0.297300 -0.010600
vt 0.298800 0.026300
vt 0.282900 -0.010000
vt 0.283900 0.028500
vt 0.269300 -0.009800
vt 0.269400 0.029300
vt 0.255700 -0.010100
vt 0.254800 0.028600
vt 0.241300 -0.010700
vt 0.239700 0.026400
vt 0.228600 -0.011300
vt 0.226800 0.023800
vt 0.299600 0.040200
vt 0.303300 0.046600
vt 0.309900 0.058000
vt 0.336600 0.047200
vt 0.333000 0.034500
vt 0.331000 0.027500
vt 0.310100 -0.047500
vt 0.297400 -0.047600
vt 0.283100 -0.047600
vt 0.269400 -0.047600
vt 0.255800 -0.047600
vt 0.241500 -0.047700
vt 0.330800 0.027600
vt 0.332800 0.034600
vt 0.336500 0.047300
vt 0.355900 0.045000
vt 0.355200 0.031800
vt 0.354800 0.024500
vt 0.310600 -0.073900
vt 0.297800 -0.074700
vt 0.283300 -0.075500
vt 0.269500 -0.075800
vt 0.255600 -0.075500
vt 0.241100 -0.074800
vt 0.228400 -0.074000
vt 0.354700 0.024500
vt 0.355000 0.031900
vt 0.355700 0.045100
vt 0.370400 0.045000
vt 0.370400 0.031800
vt 0.370400 0.024500
vt 0.311100 -0.090600
vt 0.298300 -0.091100
vt 0.283600 -0.091800
vt 0.269500 -0.092000
vt 0.255400 -0.091800
vt 0.240800 -0.091200
vt 0.228000 -0.090700
vt 0.370300 0.024500
vt 0.370300 0.031900
vt 0.370300 0.045100
vt 0.396100 0.045000
vt 0.396100 0.031800
vt 0.396100 0.024500
vt 0.311200 -0.116900
vt 0.298300 -0.117000
vt 0.283600 -0.117200
vt 0.269600 -0.117300
vt 0.255500 -0.117300
vt 0.240800 -0.117100
vt 0.227900 -0.117100
vt 0.395900 0.024500
vt 0.395900 0.031800
vt 0.395900 0.045100
vt 0.257400 0.142700
vt 0.244400 0.141000
vt 0.237200 0.140000
vt 0.310700 0.118500
vt 0.298000 0.118900
vt 0.283400 0.119500
vt 0.269300 0.119700
vt 0.255300 0.119400
vt 0.240600 0.118800
vt 0.227900 0.118400
vt 0.237100 0.140200
vt 0.244400 0.141100
vt 0.257300 0.142800
vt 0.240400 0.174100
vt 0.253400 0.175800
vt 0.233200 0.173200
vt 0.297900 0.152600
vt 0.310600 0.152700
vt 0.283300 0.152600
vt 0.269300 0.152600
vt 0.255300 0.152600
vt 0.240700 0.152600
vt 0.228000 0.152600
vt 0.240300 0.174300
vt 0.233100 0.173300
vt 0.253300 0.176000
vt 0.219200 0.478800
vt 0.211900 0.488500
vt 0.221100 0.492900
vt 0.223400 0.480100
vt 0.207400 0.494300
vt 0.219800 0.499900
vt 0.311200 0.486100
vt 0.299000 0.480900
vt 0.296600 0.499700
vt 0.309100 0.500000
vt 0.284300 0.476400
vt 0.282600 0.499200
vt 0.269600 0.474800
vt 0.269400 0.499100
vt 0.254800 0.476200
vt 0.256200 0.499300
vt 0.239900 0.480600
vt 0.242400 0.499700
vt 0.227600 0.486000
vt 0.230000 0.500000
vt 0.207600 0.494500
vt 0.212000 0.488600
vt 0.221300 0.493000
vt 0.220000 0.500100
vt 0.219300 0.478900
vt 0.223500 0.480300
vt 0.231400 0.492900
vt 0.231400 0.480100
vt 0.231400 0.499900
vt 0.297500 0.513300
vt 0.309900 0.512500
vt 0.283200 0.514100
vt 0.269400 0.514400
vt 0.255700 0.514100
vt 0.241500 0.513300
vt 0.229100 0.512500
vt 0.231600 0.493000
vt 0.231600 0.500100
vt 0.231600 0.480300
vt 0.216900 0.475500
vt 0.216900 0.470500
vt 0.204100 0.471100
vt 0.205300 0.480200
vt 0.196700 0.471700
vt 0.198500 0.483000
vt 0.308500 0.470900
vt 0.308900 0.457600
vt 0.296400 0.455600
vt 0.295900 0.472100
vt 0.282300 0.454200
vt 0.282200 0.473300
vt 0.269100 0.453800
vt 0.269200 0.473800
vt 0.255800 0.454200
vt 0.256000 0.473300
vt 0.241800 0.455600
vt 0.242100 0.472100
vt 0.229300 0.457400
vt 0.229400 0.470700
vt 0.198600 0.483100
vt 0.196800 0.471900
vt 0.204300 0.471300
vt 0.205400 0.480400
vt 0.217000 0.470700
vt 0.217000 0.475700
vt 0.299400 0.492900
vt 0.311300 0.486200
vt 0.284200 0.498500
vt 0.268800 0.500100
vt 0.253600 0.498100
vt 0.238600 0.492300
vt 0.226700 0.485800
vt 0.256700 0.492900
vt 0.256700 0.480100
vt 0.256700 0.499900
vt 0.297800 0.538800
vt 0.310300 0.538700
vt 0.283400 0.539000
vt 0.269500 0.539100
vt 0.255500 0.539000
vt 0.241100 0.538800
vt 0.228600 0.538700
vt 0.256800 0.493000
vt 0.256800 0.500100
vt 0.256800 0.480300
vt 0.218200 0.459500
vt 0.205500 0.460000
vt 0.198000 0.460500
vt 0.310100 0.444600
vt 0.297500 0.443200
vt 0.283100 0.441800
vt 0.269200 0.441200
vt 0.255200 0.441700
vt 0.240700 0.443100
vt 0.227900 0.444500
vt 0.198200 0.460700
vt 0.205600 0.460200
vt 0.218400 0.459700
vt 0.220600 0.440300
vt 0.207900 0.440300
vt 0.200600 0.439500
vt 0.310800 0.421800
vt 0.297900 0.421500
vt 0.283200 0.421200
vt 0.269100 0.421000
vt 0.255100 0.421100
vt 0.240500 0.421500
vt 0.227600 0.421700
vt 0.200800 0.439600
vt 0.208000 0.440500
vt 0.220700 0.440500
vt 0.218700 0.351600
vt 0.231500 0.352200
vt 0.242400 0.264000
vt 0.229600 0.262900
vt 0.211500 0.350700
vt 0.222300 0.261900
vt 0.297700 0.331800
vt 0.310600 0.331800
vt 0.310500 0.242300
vt 0.297700 0.242200
vt 0.283200 0.331700
vt 0.283200 0.242100
vt 0.269200 0.331700
vt 0.269200 0.242100
vt 0.255300 0.331700
vt 0.255300 0.242100
vt 0.240700 0.331700
vt 0.240800 0.242200
vt 0.227800 0.331800
vt 0.228000 0.242200
vt 0.218800 0.351800
vt 0.211500 0.350900
vt 0.222300 0.262100
vt 0.229600 0.263000
vt 0.231600 0.352300
vt 0.242400 0.264200
vt 0.359400 0.492900
vt 0.359400 0.480100
vt 0.359400 0.500000
vt 0.297800 0.641600
vt 0.310300 0.641600
vt 0.283400 0.641600
vt 0.269500 0.641600
vt 0.255600 0.641700
vt 0.241300 0.641700
vt 0.228800 0.641700
vt 0.359500 0.492900
vt 0.359500 0.500000
vt 0.359500 0.480200
vt 0.421800 0.045000
vt 0.421800 0.031800
vt 0.421800 0.024500
vt 0.311100 -0.142800
vt 0.298200 -0.142800
vt 0.283600 -0.142900
vt 0.269600 -0.142900
vt 0.255600 -0.142900
vt 0.241000 -0.142900
vt 0.228100 -0.142900
vt 0.421600 0.024500
vt 0.421600 0.031800
vt 0.421600 0.045000
vt 0.273800 0.129500
vt 0.271700 0.146100
vt 0.282300 0.103800
vt 0.297200 0.081800
vt 0.317600 0.063400
vt 0.340200 0.052400
vt 0.267900 0.177200
vt 0.232200 0.469200
vt 0.233100 0.459700
vt 0.235500 0.440500
vt 0.246300 0.352700
vt 0.257100 0.265000
vt 0.298100 0.136800
vt 0.296300 0.151500
vt 0.305400 0.111100
vt 0.320300 0.085500
vt 0.339100 0.067100
vt 0.362500 0.054600
vt 0.293100 0.177200
vt 0.257500 0.469200
vt 0.258400 0.459700
vt 0.260700 0.440500
vt 0.271500 0.352700
vt 0.282300 0.265000
vt 0.437200 0.045000
vt 0.437200 0.031800
vt 0.437200 0.024500
vt 0.311100 -0.158200
vt 0.298200 -0.158200
vt 0.283600 -0.158300
vt 0.269600 -0.158300
vt 0.255700 -0.158300
vt 0.241000 -0.158300
vt 0.228200 -0.158400
vt 0.437000 0.024500
vt 0.437000 0.031800
vt 0.437000 0.045000
vt 0.379300 0.149600
vt 0.378400 0.163900
vt 0.383200 0.118400
vt 0.390300 0.089100
vt 0.398800 0.070700
vt 0.408900 0.056100
vt 0.377600 0.177100
vt 0.359800 0.469200
vt 0.360300 0.459600
vt 0.361500 0.440400
vt 0.366800 0.352700
vt 0.372200 0.264900
vt 0.271800 0.145900
vt 0.273900 0.129400
vt 0.282400 0.103700
vt 0.297300 0.081700
vt 0.317700 0.063300
vt 0.340300 0.052300
vt 0.267900 0.177100
vt 0.232100 0.469100
vt 0.233000 0.459500
vt 0.235400 0.440300
vt 0.246200 0.352600
vt 0.257100 0.264800
vt 0.296400 0.151400
vt 0.298200 0.136700
vt 0.305500 0.111000
vt 0.320400 0.085400
vt 0.339200 0.067000
vt 0.362700 0.054500
vt 0.293200 0.177100
vt 0.257300 0.469100
vt 0.258200 0.459500
vt 0.260600 0.440400
vt 0.271500 0.352600
vt 0.282300 0.264800
vt 0.378500 0.163900
vt 0.379400 0.149600
vt 0.383300 0.118400
vt 0.390400 0.089000
vt 0.399000 0.070700
vt 0.409100 0.056000
vt 0.377700 0.177100
vt 0.359700 0.469100
vt 0.360200 0.459500
vt 0.361300 0.440400
vt 0.366800 0.352600
vt 0.372200 0.264800
vt 0.437100 0.149600
vt 0.437100 0.163900
vt 0.437100 0.118400
vt 0.437100 0.089100
vt 0.437100 0.070700
vt 0.437000 0.056000
vt 0.437100 0.173900
vt 0.437200 0.163900
vt 0.437200 0.149600
vt 0.437200 0.118400
vt 0.437200 0.089000
vt 0.437200 0.070700
vt 0.437200 0.056000
vt 0.437200 0.173900
vt 0.435800 0.241600
vt 0.462200 0.241600
vt 0.435700 0.255800
vt 0.462200 0.255800
vt 0.435700 0.264900
vt 0.462200 0.265000
vt 0.435700 0.279200
vt 0.462100 0.279300
vt 0.435700 0.310400
vt 0.462100 0.310500
vt 0.435700 0.339800
vt 0.462100 0.339800
vt 0.435700 0.358100
vt 0.462100 0.358100
vt 0.435700 0.372800
vt 0.462100 0.372800
vt 0.435700 0.383800
vt 0.462100 0.383800
vt 0.435700 0.397000
vt 0.462100 0.397000
vt 0.435700 0.403800
vt 0.462100 0.403800
vt 0.439900 0.414600
vt 0.449800 0.423100
vt 0.462100 0.425800
vt 0.474300 0.423100
vt 0.488600 0.241600
vt 0.488600 0.255800
vt 0.488600 0.265000
vt 0.488600 0.279300
vt 0.488500 0.310500
vt 0.488500 0.339800
vt 0.488500 0.358200
vt 0.488500 0.372800
vt 0.488500 0.383800
vt 0.488500 0.397000
vt 0.488500 0.403800
vt 0.484300 0.414600
vt 0.490500 0.397000
vt 0.490500 0.383800
vt 0.490500 0.404200
vt 0.485900 0.415800
vt 0.475200 0.424900
vt 0.462100 0.427800
vt 0.448900 0.424900
vt 0.438200 0.415700
vt 0.433700 0.404200
vt 0.433700 0.397000
vt 0.433700 0.383800
vt 0.433700 0.372800
vt 0.433700 0.358100
vt 0.433700 0.339800
vt 0.433700 0.310400
vt 0.433800 0.279200
vt 0.433800 0.264900
vt 0.433800 0.255800
vt 0.433800 0.241600
vt 0.490600 0.241600
vt 0.490600 0.255800
vt 0.490500 0.265000
vt 0.490500 0.279300
vt 0.490500 0.310500
vt 0.490500 0.339800
vt 0.490500 0.358200
vt 0.490500 0.372800
vt 0.439200 0.045000
vt 0.439200 0.031800
vt 0.439200 0.024500
vt 0.311100 -0.160200
vt 0.298200 -0.160200
vt 0.283600 -0.160300
vt 0.269700 -0.160300
vt 0.255700 -0.160300
vt 0.241100 -0.160300
vt 0.228200 -0.160400
vt 0.439000 0.024500
vt 0.439000 0.031800
vt 0.439000 0.045000
vt 0.439100 0.149600
vt 0.439100 0.163900
vt 0.439100 0.118400
vt 0.439000 0.089100
vt 0.439000 0.070700
vt 0.439000 0.056000
vt 0.439100 0.173300
vt 0.445900 0.187400
vt 0.447200 0.185700
vt 0.439200 0.163900
vt 0.439200 0.149600
vt 0.439200 0.118400
vt 0.439200 0.089000
vt 0.439200 0.070700
vt 0.439200 0.056000
vt 0.439200 0.173300
vt 0.446000 0.187400
vt 0.447300 0.185700
vt 0.491400 0.397000
vt 0.491400 0.383800
vt 0.491400 0.404400
vt 0.486700 0.416300
vt 0.475600 0.425800
vt 0.462100 0.428800
vt 0.448500 0.425800
vt 0.437400 0.416300
vt 0.432700 0.404300
vt 0.432700 0.397000
vt 0.432700 0.383800
vt 0.432700 0.372800
vt 0.432700 0.358100
vt 0.432800 0.339800
vt 0.432800 0.310400
vt 0.432800 0.279200
vt 0.432800 0.264900
vt 0.432800 0.255800
vt 0.432800 0.241600
vt 0.491500 0.241600
vt 0.491500 0.255800
vt 0.491500 0.265000
vt 0.491500 0.279300
vt 0.491500 0.310500
vt 0.491500 0.339800
vt 0.491400 0.358200
vt 0.491400 0.372800
vt 0.440100 0.045000
vt 0.440100 0.031800
vt 0.440100 0.024500
vt 0.311100 -0.161100
vt 0.298300 -0.161200
vt 0.283600 -0.161200
vt 0.269700 -0.161300
vt 0.255700 -0.161300
vt 0.241100 -0.161300
vt 0.228200 -0.161300
vt 0.440000 0.024500
vt 0.440000 0.031800
vt 0.440000 0.045000
vt 0.440000 0.149600
vt 0.440000 0.163900
vt 0.440000 0.118400
vt 0.440000 0.089100
vt 0.440000 0.070700
vt 0.440000 0.056000
vt 0.440000 0.173000
vt 0.447800 0.184900
vt 0.440100 0.163900
vt 0.440100 0.149600
vt 0.440100 0.118400
vt 0.440100 0.089000
vt 0.440100 0.070700
vt 0.440100 0.056000
vt 0.440100 0.173000
vt 0.447900 0.184900
vt 0.083100 -0.473800
vt 0.102400 -0.465900
vt 0.102300 -0.489100
vt 0.083100 -0.480900
vt 0.121400 -0.458300
vt 0.121000 -0.497200
vt 0.132500 -0.453900
vt 0.132000 -0.502200
vt 0.135600 -0.452700
vt 0.135000 -0.503500
vt 0.138700 -0.451500
vt 0.141700 -0.450300
vt 0.140900 -0.506200
vt 0.138000 -0.504900
vt 0.085800 -0.505100
vt 0.078100 -0.485900
vt 0.093000 -0.523900
vt 0.096800 -0.535200
vt 0.097800 -0.538300
vt 0.099700 -0.544400
vt 0.098800 -0.541300
vt 0.063200 -0.505000
vt 0.070900 -0.485900
vt 0.056100 -0.523900
vt 0.052100 -0.535100
vt 0.051000 -0.538200
vt 0.049000 -0.544400
vt 0.050000 -0.541300
vt 0.046700 -0.489100
vt 0.065800 -0.480900
vt 0.027900 -0.497300
vt 0.016900 -0.502100
vt 0.013900 -0.503400
vt 0.007900 -0.506000
vt 0.010900 -0.504700
vt 0.046500 -0.466000
vt 0.065700 -0.473800
vt 0.027500 -0.458400
vt 0.016400 -0.453800
vt 0.013300 -0.452600
vt 0.007300 -0.450100
vt 0.010300 -0.451300
vt 0.062800 -0.449500
vt 0.070800 -0.468700
vt 0.054900 -0.430700
vt 0.050300 -0.419600
vt 0.049100 -0.416500
vt 0.046700 -0.410500
vt 0.047900 -0.413500
vt 0.086000 -0.449500
vt 0.078000 -0.468700
vt 0.093900 -0.430700
vt 0.098600 -0.419600
vt 0.099900 -0.416600
vt 0.102400 -0.410600
vt 0.101200 -0.413600
vt 0.074500 -0.477300
vt 0.074300 -0.602500
vt 0.097500 -0.550900
vt 0.126700 -0.582100
vt 0.126000 -0.624700
vt 0.021900 -0.582000
vt 0.051200 -0.550800
vt 0.052900 -0.654600
vt 0.022600 -0.624600
vt 0.095600 -0.654600
vt 0.143200 -0.449700
vt 0.142400 -0.506900
vt 0.100100 -0.545900
vt 0.048500 -0.545900
vt 0.006400 -0.506700
vt 0.005800 -0.449500
vt 0.046000 -0.409000
vt 0.103100 -0.409100
vt 0.130000 -0.580800
vt 0.129300 -0.626100
vt 0.099200 -0.547600
vt 0.049400 -0.547500
vt 0.018600 -0.580700
vt 0.019200 -0.626000
vt 0.051500 -0.657900
vt 0.096900 -0.657900
vt 0.131700 -0.580100
vt 0.131000 -0.626800
vt 0.016900 -0.580000
vt 0.017600 -0.626700
vt 0.050800 -0.659600
vt 0.097600 -0.659600
vt 0.220600 -0.473800
vt 0.239800 -0.465900
vt 0.239700 -0.489100
vt 0.220600 -0.480900
vt 0.258800 -0.458300
vt 0.258500 -0.497200
vt 0.270000 -0.453900
vt 0.269400 -0.502200
vt 0.273000 -0.452700
vt 0.272400 -0.503500
vt 0.276100 -0.451500
vt 0.279100 -0.450300
vt 0.278300 -0.506200
vt 0.275400 -0.504900
vt 0.223200 -0.505100
vt 0.215500 -0.485900
vt 0.230400 -0.523900
vt 0.234200 -0.535200
vt 0.235200 -0.538300
vt 0.237100 -0.544400
vt 0.236200 -0.541300
vt 0.200700 -0.505000
vt 0.208300 -0.485900
vt 0.193500 -0.523900
vt 0.189500 -0.535100
vt 0.188400 -0.538200
vt 0.186400 -0.544400
vt 0.187400 -0.541300
vt 0.184100 -0.489100
vt 0.203200 -0.480900
vt 0.165400 -0.497300
vt 0.154300 -0.502100
vt 0.151300 -0.503400
vt 0.145300 -0.506000
vt 0.148300 -0.504700
vt 0.183900 -0.466000
vt 0.203200 -0.473800
vt 0.164900 -0.458400
vt 0.153800 -0.453800
vt 0.150800 -0.452600
vt 0.144700 -0.450100
vt 0.147700 -0.451300
vt 0.200200 -0.449500
vt 0.208300 -0.468700
vt 0.192300 -0.430700
vt 0.187800 -0.419600
vt 0.186500 -0.416500
vt 0.184100 -0.410500
vt 0.185300 -0.413500
vt 0.223400 -0.449500
vt 0.215500 -0.468700
vt 0.231300 -0.430700
vt 0.236000 -0.419600
vt 0.237300 -0.416600
vt 0.239900 -0.410600
vt 0.238600 -0.413600
vt 0.211900 -0.477300
vt 0.211700 -0.602500
vt 0.234900 -0.550900
vt 0.264100 -0.582100
vt 0.263400 -0.624700
vt 0.159400 -0.582000
vt 0.188600 -0.550800
vt 0.190300 -0.654600
vt 0.160000 -0.624600
vt 0.233000 -0.654600
vt 0.280600 -0.449700
vt 0.279800 -0.506900
vt 0.237600 -0.545900
vt 0.186000 -0.545900
vt 0.143900 -0.506700
vt 0.143200 -0.449500
vt 0.183500 -0.409000
vt 0.240500 -0.409100
vt 0.267500 -0.580800
vt 0.266700 -0.626100
vt 0.236700 -0.547600
vt 0.186800 -0.547500
vt 0.156000 -0.580700
vt 0.156600 -0.626000
vt 0.189000 -0.657900
vt 0.234400 -0.657900
vt 0.269100 -0.580100
vt 0.268400 -0.626800
vt 0.154300 -0.580000
vt 0.155000 -0.626700
vt 0.188300 -0.659600
vt 0.235000 -0.659600
vt 0.495400 -0.473800
vt 0.514600 -0.465900
vt 0.514500 -0.489100
vt 0.495300 -0.480900
vt 0.533600 -0.458300
vt 0.533200 -0.497200
vt 0.544800 -0.453900
vt 0.544200 -0.502200
vt 0.547800 -0.452700
vt 0.547200 -0.503500
vt 0.550900 -0.451500
vt 0.553900 -0.450300
vt 0.553100 -0.506200
vt 0.550200 -0.504900
vt 0.498000 -0.505100
vt 0.490300 -0.485900
vt 0.505200 -0.523900
vt 0.509000 -0.535200
vt 0.510000 -0.538300
vt 0.511900 -0.544400
vt 0.511000 -0.541300
vt 0.475400 -0.505000
vt 0.483100 -0.485900
vt 0.468300 -0.523900
vt 0.464300 -0.535100
vt 0.463200 -0.538200
vt 0.461200 -0.544400
vt 0.462200 -0.541300
vt 0.458900 -0.489100
vt 0.478000 -0.480900
vt 0.440100 -0.497300
vt 0.429100 -0.502100
vt 0.426100 -0.503400
vt 0.420100 -0.506000
vt 0.423100 -0.504700
vt 0.458700 -0.466000
vt 0.478000 -0.473800
vt 0.439700 -0.458400
vt 0.428600 -0.453800
vt 0.425500 -0.452600
vt 0.419500 -0.450100
vt 0.422500 -0.451300
vt 0.475000 -0.449500
vt 0.483000 -0.468700
vt 0.467100 -0.430700
vt 0.462600 -0.419600
vt 0.461300 -0.416500
vt 0.458900 -0.410500
vt 0.460100 -0.413500
vt 0.498200 -0.449500
vt 0.490300 -0.468700
vt 0.506100 -0.430700
vt 0.510800 -0.419600
vt 0.512100 -0.416600
vt 0.514700 -0.410600
vt 0.513400 -0.413600
vt 0.486700 -0.477300
vt 0.486500 -0.602500
vt 0.509700 -0.550900
vt 0.538900 -0.582100
vt 0.538200 -0.624700
vt 0.434200 -0.582000
vt 0.463400 -0.550800
vt 0.465100 -0.654600
vt 0.434800 -0.624600
vt 0.507800 -0.654600
vt 0.555400 -0.449700
vt 0.554600 -0.506900
vt 0.512400 -0.545900
vt 0.460700 -0.545900
vt 0.418600 -0.506700
vt 0.418000 -0.449500
vt 0.458200 -0.409000
vt 0.515300 -0.409100
vt 0.542200 -0.580800
vt 0.541500 -0.626100
vt 0.511500 -0.547600
vt 0.461600 -0.547500
vt 0.430800 -0.580700
vt 0.431400 -0.626000
vt 0.463800 -0.657900
vt 0.509100 -0.657900
vt 0.543900 -0.580100
vt 0.543200 -0.626800
vt 0.429100 -0.580000
vt 0.429800 -0.626700
vt 0.463100 -0.659600
vt 0.509800 -0.659600
vt 0.358000 -0.473800
vt 0.377200 -0.465900
vt 0.377100 -0.489100
vt 0.358000 -0.480900
vt 0.396200 -0.458300
vt 0.395900 -0.497200
vt 0.407400 -0.453900
vt 0.406800 -0.502200
vt 0.410400 -0.452700
vt 0.409800 -0.503500
vt 0.413500 -0.451500
vt 0.416500 -0.450300
vt 0.415700 -0.506200
vt 0.412800 -0.504900
vt 0.360600 -0.505100
vt 0.352900 -0.485900
vt 0.367800 -0.523900
vt 0.371600 -0.535200
vt 0.372600 -0.538300
vt 0.374500 -0.544400
vt 0.373600 -0.541300
vt 0.338100 -0.505000
vt 0.345700 -0.485900
vt 0.330900 -0.523900
vt 0.326900 -0.535100
vt 0.325800 -0.538200
vt 0.323800 -0.544400
vt 0.324800 -0.541300
vt 0.321500 -0.489100
vt 0.340600 -0.480900
vt 0.302800 -0.497300
vt 0.291700 -0.502100
vt 0.288700 -0.503400
vt 0.282700 -0.506000
vt 0.285700 -0.504700
vt 0.321300 -0.466000
vt 0.340600 -0.473800
vt 0.302300 -0.458400
vt 0.291200 -0.453800
vt 0.288200 -0.452600
vt 0.282100 -0.450100
vt 0.285100 -0.451300
vt 0.337600 -0.449500
vt 0.345600 -0.468700
vt 0.329700 -0.430700
vt 0.325200 -0.419600
vt 0.323900 -0.416500
vt 0.321500 -0.410500
vt 0.322700 -0.413500
vt 0.360800 -0.449500
vt 0.352900 -0.468700
vt 0.368700 -0.430700
vt 0.373400 -0.419600
vt 0.374700 -0.416600
vt 0.377300 -0.410600
vt 0.376000 -0.413600
vt 0.349300 -0.477300
vt 0.349100 -0.602500
vt 0.372300 -0.550900
vt 0.401500 -0.582100
vt 0.400800 -0.624700
vt 0.296800 -0.582000
vt 0.326000 -0.550800
vt 0.327700 -0.654600
vt 0.297400 -0.624600
vt 0.370400 -0.654600
vt 0.418000 -0.449700
vt 0.417200 -0.506900
vt 0.375000 -0.545900
vt 0.323400 -0.545900
vt 0.281200 -0.506700
vt 0.280600 -0.449500
vt 0.320900 -0.409000
vt 0.377900 -0.409100
vt 0.404900 -0.580800
vt 0.404100 -0.626100
vt 0.374100 -0.547600
vt 0.324200 -0.547500
vt 0.293400 -0.580700
vt 0.294000 -0.626000
vt 0.326400 -0.657900
vt 0.371800 -0.657900
vt 0.406500 -0.580100
vt 0.405800 -0.626800
vt 0.291700 -0.580000
vt 0.292400 -0.626700
vt 0.325700 -0.659600
vt 0.372400 -0.659600
s 1
usemtl wire_177027088.001
f 1/1/1 2/2/1 3/3/1 4/4/1
f 5/5/1 2/2/1 6/6/1 7/7/1
f 8/8/1 5/5/1 7/7/1 9/9/1
f 2/2/1 5/5/1 10/10/1 11/11/1
f 5/5/1 8/8/1 12/12/1 10/10/1
f 13/13/2 14/14/2 15/15/3 16/16/3
f 16/16/3 15/15/3 17/17/4 18/18/4
f 18/18/4 17/17/4 19/19/5 20/20/5
f 20/20/5 19/19/5 21/21/5 22/22/5
f 23/23/6 24/24/6 14/14/2 13/13/2
f 25/25/7 26/26/7 24/24/6 23/23/6
f 27/27/8 28/28/8 26/26/7 25/25/7
f 29/29/8 30/30/8 28/28/8 27/27/8
f 30/30/8 29/29/8 31/31/8 32/32/8
f 22/22/5 21/21/5 33/33/5 34/34/5
f 35/35/9 36/36/10 37/37/11 38/38/12
f 38/38/12 37/37/11 39/39/13 40/40/14
f 40/40/14 39/39/13 41/41/15 42/42/16
f 42/42/16 41/41/15 43/43/17 44/44/18
f 44/44/18 43/43/17 45/45/17 46/46/18
f 46/46/18 45/45/17 47/47/17 48/48/18
f 49/49/19 50/50/19 51/51/20 52/52/20
f 51/51/20 50/50/19 53/53/19 54/54/20
f 54/54/20 53/53/19 55/55/21 56/56/22
f 56/56/22 55/55/21 36/36/10 35/35/9
f 57/57/2 58/58/2 59/59/3 60/60/3
f 60/60/3 59/59/3 61/61/4 62/62/23
f 62/62/23 61/61/4 63/63/5 64/64/5
f 64/64/5 63/63/5 65/65/5 66/66/5
f 67/67/6 68/68/6 58/58/2 57/57/2
f 69/69/24 70/70/7 68/68/6 67/67/6
f 71/71/8 72/72/8 70/70/7 69/69/24
f 73/73/8 74/74/8 72/72/8 71/71/8
f 75/75/8 74/74/8 73/73/8 76/76/8
f 66/66/5 65/65/5 77/77/5 78/78/5
f 3/3/1 79/79/1 80/80/1 4/4/1
f 4/4/1 80/80/1 81/81/1 1/1/1
f 1/1/1 81/81/1 82/82/1 83/83/1
f 83/83/1 82/82/1 84/84/1 6/6/1
f 6/6/1 84/84/1 85/85/1 7/7/1
f 7/7/1 85/85/1 86/86/1 9/9/1
f 87/87/1 88/88/1 10/10/1 12/12/1
f 10/10/1 88/88/1 89/89/1 11/11/1
f 11/11/1 89/89/1 90/90/1 91/91/1
f 91/91/1 90/90/1 79/79/1 3/3/1
f 36/36/10 59/59/3 58/58/2 37/37/11
f 55/55/21 61/61/4 59/59/3 36/36/10
f 53/53/19 63/63/5 61/61/4 55/55/21
f 50/50/19 65/65/5 63/63/5 53/53/19
f 37/37/11 58/58/2 68/68/6 39/39/13
f 39/39/13 68/68/6 70/70/7 41/41/15
f 41/41/15 70/70/7 72/72/8 43/43/17
f 43/43/17 72/72/8 74/74/8 45/45/17
f 45/45/17 74/74/8 75/75/8 47/47/17
f 77/77/5 65/65/5 50/50/19 49/49/19
f 38/92/12 80/80/1 79/79/1 35/93/9
f 40/94/14 81/81/1 80/80/1 38/92/12
f 42/95/16 82/82/1 81/81/1 40/94/14
f 44/96/18 84/84/1 82/82/1 42/95/16
f 46/97/18 85/85/1 84/84/1 44/96/18
f 86/86/1 85/85/1 46/97/18 48/98/18
f 51/99/20 88/88/1 87/87/1 52/100/20
f 54/101/20 89/89/1 88/88/1 51/99/20
f 56/102/22 90/90/1 89/89/1 54/101/20
f 35/93/9 79/79/1 90/90/1 56/102/22
f 92/103/25 93/104/25 94/105/25 95/106/25
f 96/107/25 97/108/25 98/109/25 99/110/25
f 93/104/25 92/103/25 100/111/25 101/112/25
f 97/108/25 102/113/25 103/114/25 104/115/25
f 98/109/25 97/108/25 104/115/25 105/116/25
f 106/117/25 98/109/25 105/116/25 107/118/25
f 108/119/25 106/117/25 107/118/25 109/120/25
f 110/121/25 108/119/25 109/120/25 111/122/25
f 112/123/25 110/121/25 111/122/25 113/124/25
f 114/125/25 112/123/25 113/124/25 115/126/25
f 116/127/25 114/125/25 115/126/25 117/128/25
f 118/129/25 116/127/25 117/128/25 119/130/25
f 120/131/25 118/129/25 119/130/25 121/132/25
f 122/133/25 120/131/25 121/132/25 123/134/25
f 124/135/25 122/133/25 123/134/25 125/136/25
f 126/137/25 127/138/25 128/139/25 129/140/25
f 9/9/1 130/141/1 131/142/1 8/8/1
f 8/8/1 131/142/1 132/143/1 12/12/1
f 133/144/8 134/145/8 32/32/8 31/31/8
f 135/146/5 136/147/5 34/34/5 33/33/5
f 47/47/17 137/148/17 138/149/18 48/48/18
f 52/52/20 139/150/20 140/151/19 49/49/19
f 76/76/8 141/152/8 142/153/8 75/75/8
f 77/77/5 143/154/5 144/155/5 78/78/5
f 86/86/1 145/156/1 130/141/1 9/9/1
f 12/12/1 132/143/1 146/157/1 87/87/1
f 75/75/8 142/153/8 137/148/17 47/47/17
f 49/49/19 140/151/19 143/154/5 77/77/5
f 48/98/18 138/158/18 145/156/1 86/86/1
f 87/87/1 146/157/1 139/159/20 52/100/20
f 130/141/1 147/160/26 148/161/26 131/142/1
f 131/142/1 148/161/26 149/162/26 132/143/1
f 150/163/27 151/164/27 134/145/8 133/144/8
f 152/165/28 153/166/28 136/147/5 135/146/5
f 137/148/17 154/167/29 155/168/30 138/149/18
f 139/150/20 156/169/31 157/170/32 140/151/19
f 141/152/8 158/171/27 159/172/27 142/153/8
f 143/154/5 160/173/28 161/174/28 144/155/5
f 145/156/1 162/175/26 147/160/26 130/141/1
f 132/143/1 149/162/26 163/176/26 146/157/1
f 142/153/8 159/172/27 154/167/29 137/148/17
f 140/151/19 157/170/32 160/173/28 143/154/5
f 138/158/18 155/177/30 162/175/26 145/156/1
f 146/157/1 163/176/26 156/178/31 139/159/20
f 153/179/28 152/180/28 101/112/25 100/111/25
f 103/114/25 161/181/28 160/182/28 104/115/25
f 104/115/25 160/182/28 157/183/32 105/116/25
f 105/116/25 157/183/32 156/178/31 107/118/25
f 107/118/25 156/178/31 163/176/26 109/120/25
f 109/120/25 163/176/26 149/162/26 111/122/25
f 111/122/25 149/162/26 148/161/26 113/124/25
f 113/124/25 148/161/26 147/160/26 115/126/25
f 115/126/25 147/160/26 162/175/26 117/128/25
f 117/128/25 162/175/26 155/177/30 119/130/25
f 119/130/25 155/177/30 154/167/29 121/132/25
f 121/132/25 154/167/29 159/172/27 123/134/25
f 123/134/25 159/172/27 158/171/27 125/136/25
f 151/164/27 150/163/27 129/140/25 128/139/25
f 164/184/25 102/113/25 97/108/25 96/107/25
f 98/109/25 106/117/25 108/119/25 99/110/25
f 110/121/25 112/123/25 165/185/25 166/186/25
f 166/186/25 165/185/25 167/187/25 168/188/25
f 168/188/25 167/187/25 169/189/25 170/190/25
f 171/191/25 172/192/25 173/193/25 174/194/25
f 108/119/25 110/121/25 166/186/25 99/110/25
f 99/110/25 166/186/25 168/188/25 96/107/25
f 96/107/25 168/188/25 170/190/25 164/184/25
f 174/194/25 173/193/25 95/106/25 94/105/25
f 112/123/25 114/125/25 175/195/25 165/185/25
f 165/185/25 175/195/25 176/196/25 167/187/25
f 167/187/25 176/196/25 177/197/25 169/189/25
f 178/198/25 179/199/25 172/192/25 171/191/25
f 114/125/25 116/127/25 180/200/25 175/195/25
f 175/195/25 180/200/25 181/201/25 176/196/25
f 176/196/25 181/201/25 182/202/25 177/197/25
f 183/203/25 184/204/25 179/199/25 178/198/25
f 116/127/25 118/129/25 120/131/25 180/200/25
f 180/200/25 120/131/25 122/133/25 181/201/25
f 181/201/25 122/133/25 124/135/25 182/202/25
f 127/138/25 126/137/25 184/204/25 183/203/25
f 185/205/2 57/57/2 60/60/3 186/206/3
f 14/14/2 185/205/2 186/206/3 15/15/3
f 187/207/3 188/208/3 189/209/2 190/210/2
f 16/16/3 187/207/3 190/210/2 13/13/2
f 186/206/3 60/60/3 62/62/23 191/211/4
f 15/15/3 186/206/3 191/211/4 17/17/4
f 192/212/4 193/213/4 188/208/3 187/207/3
f 18/18/4 192/212/4 187/207/3 16/16/3
f 191/211/4 62/62/23 64/64/5 194/214/5
f 17/17/4 191/211/4 194/214/5 19/19/5
f 195/215/5 196/216/5 193/213/4 192/212/4
f 20/20/5 195/215/5 192/212/4 18/18/4
f 194/214/5 64/64/5 66/66/5 197/217/5
f 19/19/5 194/214/5 197/217/5 21/21/5
f 198/218/5 199/219/5 196/216/5 195/215/5
f 22/22/5 198/218/5 195/215/5 20/20/5
f 200/220/6 67/67/6 57/57/2 185/205/2
f 24/24/6 200/220/6 185/205/2 14/14/2
f 190/210/2 189/209/2 201/221/6 202/222/6
f 13/13/2 190/210/2 202/222/6 23/23/6
f 203/223/24 69/69/24 67/67/6 200/220/6
f 26/26/7 203/223/24 200/220/6 24/24/6
f 202/222/6 201/221/6 204/224/7 205/225/7
f 23/23/6 202/222/6 205/225/7 25/25/7
f 206/226/8 71/71/8 69/69/24 203/223/24
f 28/28/8 206/226/8 203/223/24 26/26/7
f 205/225/7 204/224/7 207/227/8 208/228/8
f 25/25/7 205/225/7 208/228/8 27/27/8
f 209/229/8 73/73/8 71/71/8 206/226/8
f 30/30/8 209/229/8 206/226/8 28/28/8
f 208/228/8 207/227/8 210/230/8 211/231/8
f 27/27/8 208/228/8 211/231/8 29/29/8
f 211/231/8 210/230/8 212/232/8 213/233/8
f 29/29/8 211/231/8 213/233/8 31/31/8
f 214/234/8 76/76/8 73/73/8 209/229/8
f 32/32/8 214/234/8 209/229/8 30/30/8
f 197/217/5 66/66/5 78/78/5 215/235/5
f 21/21/5 197/217/5 215/235/5 33/33/5
f 216/236/5 217/237/5 199/219/5 198/218/5
f 34/34/5 216/236/5 198/218/5 22/22/5
f 218/238/25 102/113/25 164/184/25 219/239/25
f 93/104/25 218/238/25 219/239/25 94/105/25
f 220/240/25 221/241/25 222/242/25 223/243/25
f 95/106/25 220/240/25 223/243/25 92/103/25
f 223/243/25 222/242/25 224/244/25 225/245/25
f 92/103/25 223/243/25 225/245/25 100/111/25
f 226/246/25 103/114/25 102/113/25 218/238/25
f 101/112/25 226/246/25 218/238/25 93/104/25
f 227/247/25 124/135/25 125/136/25 228/248/25
f 127/138/25 227/247/25 228/248/25 128/139/25
f 229/249/25 230/250/25 231/251/25 232/252/25
f 129/140/25 229/249/25 232/252/25 126/137/25
f 233/253/8 141/152/8 76/76/8 214/234/8
f 134/145/8 233/253/8 214/234/8 32/32/8
f 213/233/8 212/232/8 234/254/8 235/255/8
f 31/31/8 213/233/8 235/255/8 133/144/8
f 236/256/5 237/257/5 217/237/5 216/236/5
f 136/147/5 236/256/5 216/236/5 34/34/5
f 215/235/5 78/78/5 144/155/5 238/258/5
f 33/33/5 215/235/5 238/258/5 135/146/5
f 239/259/27 158/171/27 141/152/8 233/253/8
f 151/164/27 239/259/27 233/253/8 134/145/8
f 235/255/8 234/254/8 240/260/27 241/261/27
f 133/144/8 235/255/8 241/261/27 150/163/27
f 242/262/28 243/263/28 237/257/5 236/256/5
f 153/166/28 242/262/28 236/256/5 136/147/5
f 238/258/5 144/155/5 161/174/28 244/264/28
f 135/146/5 238/258/5 244/264/28 152/165/28
f 244/265/28 161/181/28 103/114/25 226/246/25
f 152/180/28 244/265/28 226/246/25 101/112/25
f 225/245/25 224/244/25 243/266/28 242/267/28
f 100/111/25 225/245/25 242/267/28 153/179/28
f 241/261/27 240/260/27 230/250/25 229/249/25
f 150/163/27 241/261/27 229/249/25 129/140/25
f 228/248/25 125/136/25 158/171/27 239/259/27
f 128/139/25 228/248/25 239/259/27 151/164/27
f 245/268/25 246/269/25 247/270/25 248/271/25
f 172/192/25 245/268/25 248/271/25 173/193/25
f 249/272/25 170/190/25 169/189/25 250/273/25
f 174/194/25 249/272/25 250/273/25 171/191/25
f 248/271/25 247/270/25 221/241/25 220/240/25
f 173/193/25 248/271/25 220/240/25 95/106/25
f 219/239/25 164/184/25 170/190/25 249/272/25
f 94/105/25 219/239/25 249/272/25 174/194/25
f 251/274/25 252/275/25 246/269/25 245/268/25
f 179/199/25 251/274/25 245/268/25 172/192/25
f 250/273/25 169/189/25 177/197/25 253/276/25
f 171/191/25 250/273/25 253/276/25 178/198/25
f 254/277/25 255/278/25 252/275/25 251/274/25
f 184/204/25 254/277/25 251/274/25 179/199/25
f 253/276/25 177/197/25 182/202/25 256/279/25
f 178/198/25 253/276/25 256/279/25 183/203/25
f 232/252/25 231/251/25 255/278/25 254/277/25
f 126/137/25 232/252/25 254/277/25 184/204/25
f 256/279/25 182/202/25 124/135/25 227/247/25
f 183/203/25 256/279/25 227/247/25 127/138/25
f 257/280/33 258/281/33 259/282/33 260/283/33
f 261/284/33 262/285/33 259/282/33 258/281/33
f 263/286/33 264/287/33 262/285/33 261/284/33
f 258/281/33 265/288/33 266/289/33 261/284/33
f 261/284/33 266/289/33 267/290/33 263/286/33
f 268/291/2 269/292/3 270/293/3 271/294/2
f 269/292/3 272/295/4 273/296/4 270/293/3
f 272/295/4 274/297/5 275/298/5 273/296/4
f 274/297/5 276/299/5 277/300/5 275/298/5
f 278/301/6 268/291/2 271/294/2 279/302/6
f 280/303/7 278/301/6 279/302/6 281/304/7
f 282/305/8 280/303/7 281/304/7 283/306/8
f 284/307/8 282/305/8 283/306/8 285/308/8
f 285/308/8 286/309/8 287/310/8 284/307/8
f 276/299/5 288/311/5 289/312/5 277/300/5
f 290/313/34 291/314/35 292/315/36 293/316/37
f 291/314/35 294/317/38 295/318/39 292/315/36
f 294/317/38 296/319/40 297/320/41 295/318/39
f 296/319/40 298/321/42 299/322/43 297/320/41
f 298/321/42 300/323/42 301/324/43 299/322/43
f 300/323/42 302/325/42 303/326/43 301/324/43
f 304/327/44 305/328/45 306/329/45 307/330/44
f 306/329/45 308/331/45 309/332/44 307/330/44
f 308/331/45 310/333/46 311/334/47 309/332/44
f 310/333/46 290/313/34 293/316/37 311/334/47
f 312/335/2 313/336/3 314/337/3 315/338/2
f 313/336/3 316/339/4 317/340/4 314/337/3
f 316/339/4 318/341/5 319/342/5 317/340/4
f 318/341/5 320/343/5 321/344/5 319/342/5
f 322/345/6 312/335/2 315/338/2 323/346/6
f 324/347/24 322/345/6 323/346/6 325/348/24
f 326/349/8 324/347/24 325/348/24 327/350/8
f 328/351/8 326/349/8 327/350/8 329/352/8
f 330/353/8 331/354/8 328/351/8 329/352/8
f 320/343/5 332/355/5 333/356/5 321/344/5
f 334/357/33 335/358/33 336/359/33 337/360/33
f 335/358/33 257/280/33 338/361/33 336/359/33
f 257/280/33 260/283/33 339/362/33 338/361/33
f 260/283/33 259/282/33 340/363/33 339/362/33
f 259/282/33 262/285/33 341/364/33 340/363/33
f 262/285/33 264/287/33 342/365/33 341/364/33
f 343/366/33 267/290/33 266/289/33 344/367/33
f 266/289/33 265/288/33 345/368/33 344/367/33
f 265/288/33 346/369/33 347/370/33 345/368/33
f 346/369/33 334/357/33 337/360/33 347/370/33
f 293/316/37 292/315/36 315/338/2 314/337/3
f 311/334/47 293/316/37 314/337/3 317/340/4
f 309/332/44 311/334/47 317/340/4 319/342/5
f 307/330/44 309/332/44 319/342/5 321/344/5
f 292/315/36 295/318/39 323/346/6 315/338/2
f 295/318/39 297/320/41 325/348/24 323/346/6
f 297/320/41 299/322/43 327/350/8 325/348/24
f 299/322/43 301/324/43 329/352/8 327/350/8
f 301/324/43 303/326/43 330/353/8 329/352/8
f 333/356/5 304/327/44 307/330/44 321/344/5
f 291/371/35 290/372/34 337/360/33 336/359/33
f 294/373/38 291/371/35 336/359/33 338/361/33
f 296/374/40 294/373/38 338/361/33 339/362/33
f 298/375/42 296/374/40 339/362/33 340/363/33
f 300/376/42 298/375/42 340/363/33 341/364/33
f 342/365/33 302/377/42 300/376/42 341/364/33
f 306/378/45 305/379/45 343/366/33 344/367/33
f 308/380/45 306/378/45 344/367/33 345/368/33
f 310/381/46 308/380/45 345/368/33 347/370/33
f 290/372/34 310/381/46 347/370/33 337/360/33
f 348/382/25 349/383/25 350/384/25 351/385/25
f 352/386/25 353/387/25 354/388/25 355/389/25
f 351/385/25 356/390/25 357/391/25 348/382/25
f 355/389/25 358/392/25 359/393/25 360/394/25
f 354/388/25 361/395/25 358/392/25 355/389/25
f 362/396/25 363/397/25 361/395/25 354/388/25
f 364/398/25 365/399/25 363/397/25 362/396/25
f 366/400/25 367/401/25 365/399/25 364/398/25
f 368/402/25 369/403/25 367/401/25 366/400/25
f 370/404/25 371/405/25 369/403/25 368/402/25
f 372/406/25 373/407/25 371/405/25 370/404/25
f 374/408/25 375/409/25 373/407/25 372/406/25
f 376/410/25 377/411/25 375/409/25 374/408/25
f 378/412/25 379/413/25 377/411/25 376/410/25
f 380/414/25 381/415/25 379/413/25 378/412/25
f 382/416/25 383/417/25 384/418/25 385/419/25
f 264/287/33 263/286/33 386/420/33 387/421/33
f 263/286/33 267/290/33 388/422/33 386/420/33
f 389/423/8 287/310/8 286/309/8 390/424/8
f 391/425/5 289/312/5 288/311/5 392/426/5
f 303/326/43 302/325/42 393/427/42 394/428/43
f 305/328/45 304/327/44 395/429/44 396/430/45
f 331/354/8 330/353/8 397/431/8 398/432/8
f 333/356/5 332/355/5 399/433/5 400/434/5
f 342/365/33 264/287/33 387/421/33 401/435/33
f 267/290/33 343/366/33 402/436/33 388/422/33
f 330/353/8 303/326/43 394/428/43 397/431/8
f 304/327/44 333/356/5 400/434/5 395/429/44
f 302/377/42 342/365/33 401/435/33 393/437/42
f 343/366/33 305/379/45 396/438/45 402/436/33
f 387/421/33 386/420/33 403/439/48 404/440/48
f 386/420/33 388/422/33 405/441/48 403/439/48
f 406/442/27 389/423/8 390/424/8 407/443/27
f 408/444/28 391/425/5 392/426/5 409/445/28
f 394/428/43 393/427/42 410/446/49 411/447/50
f 396/430/45 395/429/44 412/448/51 413/449/52
f 398/432/8 397/431/8 414/450/27 415/451/27
f 400/434/5 399/433/5 416/452/28 417/453/28
f 401/435/33 387/421/33 404/440/48 418/454/48
f 388/422/33 402/436/33 419/455/48 405/441/48
f 397/431/8 394/428/43 411/447/50 414/450/27
f 395/429/44 400/434/5 417/453/28 412/448/51
f 393/437/42 401/435/33 418/454/48 410/456/49
f 402/436/33 396/438/45 413/457/52 419/455/48
f 409/458/28 357/391/25 356/390/25 408/459/28
f 359/393/25 358/392/25 417/460/28 416/461/28
f 358/392/25 361/395/25 412/462/51 417/460/28
f 361/395/25 363/397/25 413/457/52 412/462/51
f 363/397/25 365/399/25 419/455/48 413/457/52
f 365/399/25 367/401/25 405/441/48 419/455/48
f 367/401/25 369/403/25 403/439/48 405/441/48
f 369/403/25 371/405/25 404/440/48 403/439/48
f 371/405/25 373/407/25 418/454/48 404/440/48
f 373/407/25 375/409/25 410/456/49 418/454/48
f 375/409/25 377/411/25 411/447/50 410/456/49
f 377/411/25 379/413/25 414/450/27 411/447/50
f 379/413/25 381/415/25 415/451/27 414/450/27
f 407/443/27 384/418/25 383/417/25 406/442/27
f 420/463/25 352/386/25 355/389/25 360/394/25
f 354/388/25 353/387/25 364/398/25 362/396/25
f 366/400/25 421/464/25 422/465/25 368/402/25
f 421/464/25 423/466/25 424/467/25 422/465/25
f 423/466/25 425/468/25 426/469/25 424/467/25
f 427/470/25 428/471/25 429/472/25 430/473/25
f 364/398/25 353/387/25 421/464/25 366/400/25
f 353/387/25 352/386/25 423/466/25 421/464/25
f 352/386/25 420/463/25 425/468/25 423/466/25
f 428/471/25 350/384/25 349/383/25 429/472/25
f 368/402/25 422/465/25 431/474/25 370/404/25
f 422/465/25 424/467/25 432/475/25 431/474/25
f 424/467/25 426/469/25 433/476/25 432/475/25
f 434/477/25 427/470/25 430/473/25 435/478/25
f 370/404/25 431/474/25 436/479/25 372/406/25
f 431/474/25 432/475/25 437/480/25 436/479/25
f 432/475/25 433/476/25 438/481/25 437/480/25
f 439/482/25 434/477/25 435/478/25 440/483/25
f 372/406/25 436/479/25 376/410/25 374/408/25
f 436/479/25 437/480/25 378/412/25 376/410/25
f 437/480/25 438/481/25 380/414/25 378/412/25
f 385/419/25 439/482/25 440/483/25 382/416/25
f 441/484/2 442/485/3 313/336/3 312/335/2
f 271/294/2 270/293/3 442/485/3 441/484/2
f 443/486/3 444/487/2 189/209/2 188/208/3
f 269/292/3 268/291/2 444/487/2 443/486/3
f 442/485/3 445/488/4 316/339/4 313/336/3
f 270/293/3 273/296/4 445/488/4 442/485/3
f 446/489/4 443/486/3 188/208/3 193/213/4
f 272/295/4 269/292/3 443/486/3 446/489/4
f 445/488/4 447/490/5 318/341/5 316/339/4
f 273/296/4 275/298/5 447/490/5 445/488/4
f 448/491/5 446/489/4 193/213/4 196/216/5
f 274/297/5 272/295/4 446/489/4 448/491/5
f 447/490/5 449/492/5 320/343/5 318/341/5
f 275/298/5 277/300/5 449/492/5 447/490/5
f 450/493/5 448/491/5 196/216/5 199/219/5
f 276/299/5 274/297/5 448/491/5 450/493/5
f 451/494/6 441/484/2 312/335/2 322/345/6
f 279/302/6 271/294/2 441/484/2 451/494/6
f 444/487/2 452/495/6 201/221/6 189/209/2
f 268/291/2 278/301/6 452/495/6 444/487/2
f 453/496/7 451/494/6 322/345/6 324/347/24
f 281/304/7 279/302/6 451/494/6 453/496/7
f 452/495/6 454/497/7 204/224/7 201/221/6
f 278/301/6 280/303/7 454/497/7 452/495/6
f 455/498/8 453/496/7 324/347/24 326/349/8
f 283/306/8 281/304/7 453/496/7 455/498/8
f 454/497/7 456/499/8 207/227/8 204/224/7
f 280/303/7 282/305/8 456/499/8 454/497/7
f 457/500/8 455/498/8 326/349/8 328/351/8
f 285/308/8 283/306/8 455/498/8 457/500/8
f 456/499/8 458/501/8 210/230/8 207/227/8
f 282/305/8 284/307/8 458/501/8 456/499/8
f 458/501/8 459/502/8 212/232/8 210/230/8
f 284/307/8 287/310/8 459/502/8 458/501/8
f 460/503/8 457/500/8 328/351/8 331/354/8
f 286/309/8 285/308/8 457/500/8 460/503/8
f 449/492/5 461/504/5 332/355/5 320/343/5
f 277/300/5 289/312/5 461/504/5 449/492/5
f 462/505/5 450/493/5 199/219/5 217/237/5
f 288/311/5 276/299/5 450/493/5 462/505/5
f 463/506/25 464/507/25 420/463/25 360/394/25
f 351/385/25 350/384/25 464/507/25 463/506/25
f 465/508/25 466/509/25 222/242/25 221/241/25
f 349/383/25 348/382/25 466/509/25 465/508/25
f 466/509/25 467/510/25 224/244/25 222/242/25
f 348/382/25 357/391/25 467/510/25 466/509/25
f 468/511/25 463/506/25 360/394/25 359/393/25
f 356/390/25 351/385/25 463/506/25 468/511/25
f 469/512/25 470/513/25 381/415/25 380/414/25
f 385/419/25 384/418/25 470/513/25 469/512/25
f 471/514/25 472/515/25 231/251/25 230/250/25
f 383/417/25 382/416/25 472/515/25 471/514/25
f 473/516/8 460/503/8 331/354/8 398/432/8
f 390/424/8 286/309/8 460/503/8 473/516/8
f 459/502/8 474/517/8 234/254/8 212/232/8
f 287/310/8 389/423/8 474/517/8 459/502/8
f 475/518/5 462/505/5 217/237/5 237/257/5
f 392/426/5 288/311/5 462/505/5 475/518/5
f 461/504/5 476/519/5 399/433/5 332/355/5
f 289/312/5 391/425/5 476/519/5 461/504/5
f 477/520/27 473/516/8 398/432/8 415/451/27
f 407/443/27 390/424/8 473/516/8 477/520/27
f 474/517/8 478/521/27 240/260/27 234/254/8
f 389/423/8 406/442/27 478/521/27 474/517/8
f 479/522/28 475/518/5 237/257/5 243/263/28
f 409/445/28 392/426/5 475/518/5 479/522/28
f 476/519/5 480/523/28 416/452/28 399/433/5
f 391/425/5 408/444/28 480/523/28 476/519/5
f 480/524/28 468/511/25 359/393/25 416/461/28
f 408/459/28 356/390/25 468/511/25 480/524/28
f 467/510/25 479/525/28 243/266/28 224/244/25
f 357/391/25 409/458/28 479/525/28 467/510/25
f 478/521/27 471/514/25 230/250/25 240/260/27
f 406/442/27 383/417/25 471/514/25 478/521/27
f 470/513/25 477/520/27 415/451/27 381/415/25
f 384/418/25 407/443/27 477/520/27 470/513/25
f 481/526/25 482/527/25 247/270/25 246/269/25
f 430/473/25 429/472/25 482/527/25 481/526/25
f 483/528/25 484/529/25 426/469/25 425/468/25
f 428/471/25 427/470/25 484/529/25 483/528/25
f 482/527/25 465/508/25 221/241/25 247/270/25
f 429/472/25 349/383/25 465/508/25 482/527/25
f 464/507/25 483/528/25 425/468/25 420/463/25
f 350/384/25 428/471/25 483/528/25 464/507/25
f 485/530/25 481/526/25 246/269/25 252/275/25
f 435/478/25 430/473/25 481/526/25 485/530/25
f 484/529/25 486/531/25 433/476/25 426/469/25
f 427/470/25 434/477/25 486/531/25 484/529/25
f 487/532/25 485/530/25 252/275/25 255/278/25
f 440/483/25 435/478/25 485/530/25 487/532/25
f 486/531/25 488/533/25 438/481/25 433/476/25
f 434/477/25 439/482/25 488/533/25 486/531/25
f 472/515/25 487/532/25 255/278/25 231/251/25
f 382/416/25 440/483/25 487/532/25 472/515/25
f 488/533/25 469/512/25 380/414/25 438/481/25
f 439/482/25 385/419/25 469/512/25 488/533/25
f 489/534/2 490/535/2 491/536/2 492/537/2
f 492/537/2 491/536/2 493/538/53 494/539/54
f 494/539/54 493/538/53 495/540/55 496/541/56
f 496/541/56 495/540/55 497/542/57 498/543/58
f 498/543/58 497/542/57 499/544/57 500/545/58
f 500/545/58 499/544/57 501/546/57 502/547/58
f 502/547/58 501/546/57 503/548/57 504/549/58
f 504/549/58 503/548/57 505/550/59 506/551/60
f 506/552/60 505/553/59 507/554/61 508/555/62
f 508/555/62 507/554/61 509/556/63 510/557/64
f 510/557/64 509/556/63 511/558/25 512/559/25
f 512/559/25 511/558/25 513/560/25 514/561/25
f 514/561/25 513/560/25 515/562/25 516/563/25
f 517/564/2 518/565/2 519/566/2 520/567/2
f 520/567/2 519/566/2 521/568/65 522/569/66
f 522/569/66 521/568/65 523/570/67 524/571/68
f 524/571/68 523/570/67 525/572/69 526/573/70
f 526/573/70 525/572/69 527/574/69 528/575/70
f 528/575/70 527/574/69 529/576/69 530/577/70
f 530/577/70 529/576/69 531/578/71 532/579/70
f 532/579/70 531/578/71 533/580/72 534/581/73
f 534/582/73 533/583/72 535/584/74 536/585/75
f 536/585/75 535/584/74 537/586/76 538/587/77
f 538/587/77 537/586/76 539/588/25 540/589/25
f 540/589/25 539/588/25 541/590/25 542/591/25
f 542/591/25 541/590/25 543/592/25 544/593/25
f 518/565/2 545/594/2 546/595/2 519/566/2
f 519/566/2 546/595/2 547/596/78 521/568/65
f 521/568/65 547/596/78 548/597/79 523/570/67
f 523/570/67 548/597/79 549/598/80 525/572/69
f 525/572/69 549/598/80 550/599/80 527/574/69
f 527/574/69 550/599/80 551/600/80 529/576/69
f 529/576/69 551/600/80 552/601/80 531/578/71
f 531/578/71 552/601/80 553/602/81 533/580/72
f 533/583/72 553/603/81 554/604/82 535/584/74
f 535/584/74 554/604/82 555/605/83 537/586/76
f 537/586/76 555/605/83 556/606/25 539/588/25
f 539/588/25 556/606/25 557/607/25 541/590/25
f 541/590/25 557/607/25 558/608/25 543/592/25
f 545/594/2 559/609/2 560/610/2 546/595/2
f 546/595/2 560/610/2 561/611/84 547/596/78
f 547/596/78 561/611/84 562/612/85 548/597/79
f 548/597/79 562/612/85 563/613/86 549/598/80
f 549/598/80 563/613/86 564/614/86 550/599/80
f 550/599/80 564/614/86 565/615/87 551/600/80
f 551/600/80 565/615/87 566/616/86 552/601/80
f 552/601/80 566/616/86 567/617/88 553/602/81
f 553/603/81 567/618/88 568/619/89 554/604/82
f 554/604/82 568/619/89 569/620/90 555/605/83
f 555/605/83 569/620/90 570/621/25 556/606/25
f 556/606/25 570/621/25 571/622/25 557/607/25
f 557/607/25 571/622/25 572/623/25 558/608/25
f 559/609/2 573/624/2 574/625/2 560/610/2
f 560/610/2 574/625/2 575/626/91 561/611/84
f 561/611/84 575/626/91 576/627/92 562/612/85
f 562/612/85 576/627/92 577/628/93 563/613/86
f 563/613/86 577/628/93 578/629/94 564/614/86
f 564/614/86 578/629/94 579/630/95 565/615/87
f 565/615/87 579/630/95 580/631/96 566/616/86
f 566/616/86 580/631/96 581/632/97 567/617/88
f 567/618/88 581/633/97 582/634/98 568/619/89
f 568/619/89 582/634/98 583/635/99 569/620/90
f 569/620/90 583/635/99 584/636/25 570/621/25
f 570/621/25 584/636/25 585/637/25 571/622/25
f 571/622/25 585/637/25 586/638/25 572/623/25
f 573/624/2 587/639/2 588/640/2 574/625/2
f 574/625/2 588/640/2 589/641/100 575/626/91
f 575/626/91 589/641/100 590/642/101 576/627/92
f 576/627/92 590/642/101 591/643/102 577/628/93
f 577/628/93 591/643/102 592/644/103 578/629/94
f 578/629/94 592/644/103 593/645/104 579/630/95
f 579/630/95 593/645/104 594/646/105 580/631/96
f 580/631/96 594/646/105 595/647/106 581/632/97
f 581/633/97 595/648/106 596/649/107 582/634/98
f 582/634/98 596/649/107 597/650/108 583/635/99
f 583/635/99 597/650/108 598/651/25 584/636/25
f 584/636/25 598/651/25 599/652/25 585/637/25
f 585/637/25 599/652/25 600/653/25 586/638/25
f 587/639/2 601/654/2 602/655/2 588/640/2
f 588/640/2 602/655/2 603/656/109 589/641/100
f 589/641/100 603/656/109 604/657/110 590/642/101
f 590/642/101 604/657/110 605/658/111 591/643/102
f 591/643/102 605/658/111 606/659/112 592/644/103
f 592/644/103 606/659/112 607/660/113 593/645/104
f 593/645/104 607/660/113 608/661/114 594/646/105
f 594/646/105 608/661/114 609/662/115 595/647/106
f 595/648/106 609/663/115 610/664/116 596/649/107
f 596/649/107 610/664/116 611/665/117 597/650/108
f 597/650/108 611/665/117 612/666/25 598/651/25
f 598/651/25 612/666/25 613/667/25 599/652/25
f 599/652/25 613/667/25 614/668/25 600/653/25
f 601/654/2 615/669/2 616/670/2 602/655/2
f 602/655/2 616/670/2 617/671/118 603/656/109
f 603/656/109 617/671/118 618/672/119 604/657/110
f 604/657/110 618/672/119 619/673/120 605/658/111
f 605/658/111 619/673/120 620/674/121 606/659/112
f 606/659/112 620/674/121 621/675/122 607/660/113
f 607/660/113 621/675/122 622/676/123 608/661/114
f 608/661/114 622/676/123 623/677/124 609/662/115
f 609/663/115 623/678/124 624/679/125 610/664/116
f 610/664/116 624/679/125 625/680/126 611/665/117
f 611/665/117 625/680/126 626/681/25 612/666/25
f 612/666/25 626/681/25 627/682/25 613/667/25
f 613/667/25 627/682/25 628/683/25 614/668/25
f 615/669/2 629/684/2 630/685/2 616/670/2
f 616/670/2 630/685/2 631/686/127 617/671/118
f 617/671/118 631/686/127 632/687/128 618/672/119
f 618/672/119 632/687/128 633/688/129 619/673/120
f 619/673/120 633/688/129 634/689/130 620/674/121
f 620/674/121 634/689/130 635/690/131 621/675/122
f 621/675/122 635/690/131 636/691/132 622/676/123
f 622/676/123 636/691/132 637/692/133 623/677/124
f 623/678/124 637/693/133 638/694/134 624/679/125
f 624/679/125 638/694/134 639/695/135 625/680/126
f 625/680/126 639/695/135 640/696/25 626/681/25
f 626/681/25 640/696/25 641/697/25 627/682/25
f 627/682/25 641/697/25 642/698/25 628/683/25
f 629/684/2 643/699/2 644/700/2 630/685/2
f 630/685/2 644/700/2 645/701/136 631/686/127
f 631/686/127 645/701/136 646/702/137 632/687/128
f 632/687/128 646/702/137 647/703/138 633/688/129
f 633/688/129 647/703/138 648/704/138 634/689/130
f 634/689/130 648/704/138 649/705/138 635/690/131
f 635/690/131 649/705/138 650/706/138 636/691/132
f 636/691/132 650/706/138 651/707/139 637/692/133
f 637/693/133 651/708/139 652/709/140 638/694/134
f 638/694/134 652/709/140 653/710/141 639/695/135
f 639/695/135 653/710/141 654/711/25 640/696/25
f 640/696/25 654/711/25 655/712/25 641/697/25
f 641/697/25 655/712/25 656/713/25 642/698/25
f 643/699/2 657/714/2 658/715/2 644/700/2
f 644/700/2 658/715/2 659/716/142 645/701/136
f 645/701/136 659/716/142 660/717/143 646/702/137
f 646/702/137 660/717/143 661/718/144 647/703/138
f 647/703/138 661/718/144 662/719/144 648/704/138
f 648/704/138 662/719/144 663/720/144 649/705/138
f 649/705/138 663/720/144 664/721/144 650/706/138
f 650/706/138 664/721/144 665/722/145 651/707/139
f 651/708/139 665/723/145 666/724/146 652/709/140
f 652/709/140 666/724/146 667/725/147 653/710/141
f 653/710/141 667/725/147 668/726/25 654/711/25
f 654/711/25 668/726/25 669/727/25 655/712/25
f 655/712/25 669/727/25 670/728/25 656/713/25
f 657/714/2 671/729/2 672/730/2 658/715/2
f 658/715/2 672/730/2 673/731/148 659/716/142
f 659/716/142 673/731/148 674/732/149 660/717/143
f 660/717/143 674/732/149 675/733/150 661/718/144
f 661/718/144 675/733/150 676/734/150 662/719/144
f 662/719/144 676/734/150 677/735/150 663/720/144
f 663/720/144 677/735/150 678/736/150 664/721/144
f 664/721/144 678/736/150 679/737/151 665/722/145
f 665/723/145 679/738/151 680/739/152 666/724/146
f 666/724/146 680/739/152 681/740/153 667/725/147
f 667/725/147 681/740/153 682/741/25 668/726/25
f 668/726/25 682/741/25 683/742/25 669/727/25
f 669/727/25 683/742/25 684/743/25 670/728/25
f 671/729/2 685/744/2 686/745/2 672/730/2
f 672/730/2 686/745/2 687/746/154 673/731/148
f 673/731/148 687/746/154 688/747/155 674/732/149
f 674/732/149 688/747/155 689/748/156 675/733/150
f 675/733/150 689/748/156 690/749/156 676/734/150
f 676/734/150 690/749/156 691/750/156 677/735/150
f 677/735/150 691/750/156 692/751/156 678/736/150
f 678/736/150 692/751/156 693/752/157 679/737/151
f 679/738/151 693/753/157 694/754/158 680/739/152
f 680/739/152 694/754/158 695/755/159 681/740/153
f 681/740/153 695/755/159 696/756/25 682/741/25
f 682/741/25 696/756/25 697/757/25 683/742/25
f 683/742/25 697/757/25 698/758/25 684/743/25
f 685/744/2 699/759/2 700/760/2 686/745/2
f 686/745/2 700/760/2 701/761/160 687/746/154
f 687/746/154 701/761/160 702/762/161 688/747/155
f 688/747/155 702/762/161 703/763/162 689/748/156
f 689/748/156 703/763/162 704/764/162 690/749/156
f 690/749/156 704/764/162 705/765/162 691/750/156
f 691/750/156 705/765/162 706/766/162 692/751/156
f 692/751/156 706/766/162 707/767/163 693/752/157
f 693/753/157 707/768/163 708/769/164 694/754/158
f 694/754/158 708/769/164 709/770/165 695/755/159
f 695/755/159 709/770/165 710/771/25 696/756/25
f 696/756/25 710/771/25 711/772/25 697/757/25
f 697/757/25 711/772/25 712/773/25 698/758/25
f 699/759/2 713/774/2 714/775/2 700/760/2
f 700/760/2 714/775/2 715/776/166 701/761/160
f 701/761/160 715/776/166 716/777/167 702/762/161
f 702/762/161 716/777/167 717/778/168 703/763/162
f 703/763/162 717/778/168 718/779/168 704/764/162
f 704/764/162 718/779/168 719/780/168 705/765/162
f 705/765/162 719/780/168 720/781/168 706/766/162
f 706/766/162 720/781/168 721/782/169 707/767/163
f 707/768/163 721/783/169 722/784/170 708/769/164
f 708/769/164 722/784/170 723/785/171 709/770/165
f 709/770/165 723/785/171 724/786/25 710/771/25
f 710/771/25 724/786/25 725/787/25 711/772/25
f 711/772/25 725/787/25 726/788/25 712/773/25
f 713/774/2 489/534/2 492/537/2 714/775/2
f 714/775/2 492/537/2 494/539/54 715/776/166
f 715/776/166 494/539/54 496/541/56 716/777/167
f 716/777/167 496/541/56 498/543/58 717/778/168
f 717/778/168 498/543/58 500/545/58 718/779/168
f 718/779/168 500/545/58 502/547/58 719/780/168
f 719/780/168 502/547/58 504/549/58 720/781/168
f 720/781/168 504/549/58 506/551/60 721/782/169
f 721/783/169 506/552/60 508/555/62 722/784/170
f 722/784/170 508/555/62 510/557/64 723/785/171
f 723/785/171 510/557/64 512/559/25 724/786/25
f 724/786/25 512/559/25 514/561/25 725/787/25
f 725/787/25 514/561/25 516/563/25 726/788/25
f 727/789/25 728/790/25 729/791/25 730/792/25
f 730/792/25 729/791/25 731/793/25 732/794/25
f 732/794/25 731/793/25 733/795/25 734/796/25
f 734/796/25 733/795/25 735/797/25 736/798/25
f 736/798/25 735/797/25 737/799/25 738/800/25
f 738/800/25 737/799/25 739/801/25 740/802/25
f 740/802/25 739/801/25 741/803/25 742/804/25
f 743/805/25 727/789/25 730/792/25 744/806/25
f 744/806/25 730/792/25 732/794/25 745/807/25
f 745/807/25 732/794/25 734/796/25 746/808/25
f 746/808/25 734/796/25 736/798/25 747/809/25
f 747/809/25 736/798/25 738/800/25 748/810/25
f 748/810/25 738/800/25 740/802/25 749/811/25
f 749/811/25 740/802/25 742/804/25 750/812/25
f 751/813/25 743/805/25 744/806/25 752/814/25
f 752/814/25 744/806/25 745/807/25 753/815/25
f 753/815/25 745/807/25 746/808/25 754/816/25
f 754/816/25 746/808/25 747/809/25 755/817/25
f 755/817/25 747/809/25 748/810/25 756/818/25
f 756/818/25 748/810/25 749/811/25 757/819/25
f 757/819/25 749/811/25 750/812/25 758/820/25
f 515/562/25 751/813/25 752/814/25 516/563/25
f 516/563/25 752/814/25 753/815/25 726/788/25
f 726/788/25 753/815/25 754/816/25 712/773/25
f 712/773/25 754/816/25 755/817/25 698/758/25
f 698/758/25 755/817/25 756/818/25 684/743/25
f 684/743/25 756/818/25 757/819/25 670/728/25
f 670/728/25 757/819/25 758/820/25 656/713/25
f 741/803/25 544/593/25 543/592/25 742/804/25
f 742/804/25 543/592/25 558/608/25 750/812/25
f 750/812/25 558/608/25 572/623/25 758/820/25
f 758/820/25 628/683/25 642/698/25 656/713/25
f 759/821/2 760/822/2 761/823/2 762/824/2
f 760/822/2 763/825/2 764/826/2 761/823/2
f 763/825/2 765/827/2 766/828/2 764/826/2
f 765/827/2 767/829/2 768/830/2 766/828/2
f 767/829/2 769/831/2 770/832/2 768/830/2
f 769/831/2 771/833/2 772/834/2 770/832/2
f 771/833/2 773/835/2 774/836/2 772/834/2
f 775/837/2 776/838/2 760/822/2 759/821/2
f 776/838/2 777/839/2 763/825/2 760/822/2
f 777/839/2 778/840/2 765/827/2 763/825/2
f 778/840/2 779/841/2 767/829/2 765/827/2
f 779/841/2 780/842/2 769/831/2 767/829/2
f 780/842/2 781/843/2 771/833/2 769/831/2
f 781/843/2 782/844/2 773/835/2 771/833/2
f 783/845/2 784/846/2 776/838/2 775/837/2
f 784/846/2 785/847/2 777/839/2 776/838/2
f 785/847/2 786/848/2 778/840/2 777/839/2
f 786/848/2 787/849/2 779/841/2 778/840/2
f 787/849/2 788/850/2 780/842/2 779/841/2
f 788/850/2 789/851/2 781/843/2 780/842/2
f 789/851/2 790/852/2 782/844/2 781/843/2
f 490/535/2 489/534/2 784/846/2 783/845/2
f 489/534/2 713/774/2 785/847/2 784/846/2
f 713/774/2 699/759/2 786/848/2 785/847/2
f 699/759/2 685/744/2 787/849/2 786/848/2
f 685/744/2 671/729/2 788/850/2 787/849/2
f 671/729/2 657/714/2 789/851/2 788/850/2
f 657/714/2 643/699/2 790/852/2 789/851/2
f 774/836/2 773/835/2 518/565/2 517/564/2
f 773/835/2 782/844/2 545/594/2 518/565/2
f 782/844/2 790/852/2 559/609/2 545/594/2
f 790/852/2 615/669/2 601/654/2 587/639/2
f 790/852/2 587/639/2 573/624/2 559/609/2
f 758/820/25 600/653/25 614/668/25 628/683/25
f 790/852/2 643/699/2 629/684/2 615/669/2
f 758/820/25 572/623/25 586/638/25 600/653/25
f 791/853/2 792/854/2 793/855/2 794/856/2
f 792/854/2 795/857/172 796/858/173 793/855/2
f 795/857/172 797/859/174 798/860/175 796/858/173
f 797/859/174 799/861/176 800/862/177 798/860/175
f 799/861/176 801/863/176 802/864/177 800/862/177
f 801/863/176 803/865/176 804/866/177 802/864/177
f 803/865/176 805/867/176 806/868/177 804/866/177
f 805/867/176 807/869/178 808/870/179 806/868/177
f 807/871/178 809/872/180 810/873/181 808/874/179
f 809/872/180 811/875/182 812/876/183 810/873/181
f 811/875/182 813/877/25 814/878/25 812/876/183
f 813/877/25 815/879/25 816/880/25 814/878/25
f 815/879/25 817/881/25 818/882/25 816/880/25
f 517/564/2 520/567/2 819/883/2 820/884/2
f 520/567/2 522/569/66 821/885/184 819/883/2
f 522/569/66 524/571/68 822/886/185 821/885/184
f 524/571/68 526/573/70 823/887/186 822/886/185
f 526/573/70 528/575/70 824/888/186 823/887/186
f 528/575/70 530/577/70 825/889/186 824/888/186
f 530/577/70 532/579/70 826/890/186 825/889/186
f 532/579/70 534/581/73 827/891/187 826/890/186
f 534/582/73 536/585/75 828/892/188 827/893/187
f 536/585/75 538/587/77 829/894/189 828/892/188
f 538/587/77 540/589/25 830/895/25 829/894/189
f 540/589/25 542/591/25 831/896/25 830/895/25
f 542/591/25 544/593/25 832/897/25 831/896/25
f 820/884/2 819/883/2 833/898/2 834/899/2
f 819/883/2 821/885/184 835/900/190 833/898/2
f 821/885/184 822/886/185 836/901/191 835/900/190
f 822/886/185 823/887/186 837/902/192 836/901/191
f 823/887/186 824/888/186 838/903/192 837/902/192
f 824/888/186 825/889/186 839/904/192 838/903/192
f 825/889/186 826/890/186 840/905/192 839/904/192
f 826/890/186 827/891/187 841/906/193 840/905/192
f 827/893/187 828/892/188 842/907/194 841/908/193
f 828/892/188 829/894/189 843/909/195 842/907/194
f 829/894/189 830/895/25 844/910/25 843/909/195
f 830/895/25 831/896/25 845/911/25 844/910/25
f 831/896/25 832/897/25 846/912/25 845/911/25
f 834/899/2 833/898/2 847/913/2 848/914/2
f 833/898/2 835/900/190 849/915/196 847/913/2
f 835/900/190 836/901/191 850/916/197 849/915/196
f 836/901/191 837/902/192 851/917/198 850/916/197
f 837/902/192 838/903/192 852/918/198 851/917/198
f 838/903/192 839/904/192 853/919/198 852/918/198
f 839/904/192 840/905/192 854/920/199 853/919/198
f 840/905/192 841/906/193 855/921/200 854/920/199
f 841/908/193 842/907/194 856/922/201 855/923/200
f 842/907/194 843/909/195 857/924/202 856/922/201
f 843/909/195 844/910/25 858/925/25 857/924/202
f 844/910/25 845/911/25 859/926/25 858/925/25
f 845/911/25 846/912/25 860/927/25 859/926/25
f 848/914/2 847/913/2 861/928/2 862/929/2
f 847/913/2 849/915/196 863/930/203 861/928/2
f 849/915/196 850/916/197 864/931/204 863/930/203
f 850/916/197 851/917/198 865/932/205 864/931/204
f 851/917/198 852/918/198 866/933/206 865/932/205
f 852/918/198 853/919/198 867/934/207 866/933/206
f 853/919/198 854/920/199 868/935/208 867/934/207
f 854/920/199 855/921/200 869/936/209 868/935/208
f 855/923/200 856/922/201 870/937/210 869/938/209
f 856/922/201 857/924/202 871/939/211 870/937/210
f 857/924/202 858/925/25 872/940/25 871/939/211
f 858/925/25 859/926/25 873/941/25 872/940/25
f 859/926/25 860/927/25 874/942/25 873/941/25
f 862/929/2 861/928/2 875/943/2 876/944/2
f 861/928/2 863/930/203 877/945/212 875/943/2
f 863/930/203 864/931/204 878/946/213 877/945/212
f 864/931/204 865/932/205 879/947/214 878/946/213
f 865/932/205 866/933/206 880/948/215 879/947/214
f 866/933/206 867/934/207 881/949/216 880/948/215
f 867/934/207 868/935/208 882/950/217 881/949/216
f 868/935/208 869/936/209 883/951/218 882/950/217
f 869/938/209 870/937/210 884/952/219 883/953/218
f 870/937/210 871/939/211 885/954/220 884/952/219
f 871/939/211 872/940/25 886/955/25 885/954/220
f 872/940/25 873/941/25 887/956/25 886/955/25
f 873/941/25 874/942/25 888/957/25 887/956/25
f 876/944/2 875/943/2 889/958/2 890/959/2
f 875/943/2 877/945/212 891/960/221 889/958/2
f 877/945/212 878/946/213 892/961/222 891/960/221
f 878/946/213 879/947/214 893/962/223 892/961/222
f 879/947/214 880/948/215 894/963/224 893/962/223
f 880/948/215 881/949/216 895/964/225 894/963/224
f 881/949/216 882/950/217 896/965/226 895/964/225
f 882/950/217 883/951/218 897/966/227 896/965/226
f 883/953/218 884/952/219 898/967/228 897/968/227
f 884/952/219 885/954/220 899/969/229 898/967/228
f 885/954/220 886/955/25 900/970/25 899/969/229
f 886/955/25 887/956/25 901/971/25 900/970/25
f 887/956/25 888/957/25 902/972/25 901/971/25
f 890/959/2 889/958/2 903/973/2 904/974/2
f 889/958/2 891/960/221 905/975/230 903/973/2
f 891/960/221 892/961/222 906/976/231 905/975/230
f 892/961/222 893/962/223 907/977/232 906/976/231
f 893/962/223 894/963/224 908/978/233 907/977/232
f 894/963/224 895/964/225 909/979/234 908/978/233
f 895/964/225 896/965/226 910/980/235 909/979/234
f 896/965/226 897/966/227 911/981/236 910/980/235
f 897/968/227 898/967/228 912/982/237 911/983/236
f 898/967/228 899/969/229 913/984/238 912/982/237
f 899/969/229 900/970/25 914/985/25 913/984/238
f 900/970/25 901/971/25 915/986/25 914/985/25
f 901/971/25 902/972/25 916/987/25 915/986/25
f 904/974/2 903/973/2 917/988/2 918/989/2
f 903/973/2 905/975/230 919/990/239 917/988/2
f 905/975/230 906/976/231 920/991/240 919/990/239
f 906/976/231 907/977/232 921/992/241 920/991/240
f 907/977/232 908/978/233 922/993/242 921/992/241
f 908/978/233 909/979/234 923/994/243 922/993/242
f 909/979/234 910/980/235 924/995/244 923/994/243
f 910/980/235 911/981/236 925/996/245 924/995/244
f 911/983/236 912/982/237 926/997/246 925/998/245
f 912/982/237 913/984/238 927/999/247 926/997/246
f 913/984/238 914/985/25 928/1000/25 927/999/247
f 914/985/25 915/986/25 929/1001/25 928/1000/25
f 915/986/25 916/987/25 930/1002/25 929/1001/25
f 918/989/2 917/988/2 931/1003/2 932/1004/2
f 917/988/2 919/990/239 933/1005/248 931/1003/2
f 919/990/239 920/991/240 934/1006/249 933/1005/248
f 920/991/240 921/992/241 935/1007/250 934/1006/249
f 921/992/241 922/993/242 936/1008/250 935/1007/250
f 922/993/242 923/994/243 937/1009/250 936/1008/250
f 923/994/243 924/995/244 938/1010/250 937/1009/250
f 924/995/244 925/996/245 939/1011/251 938/1010/250
f 925/998/245 926/997/246 940/1012/252 939/1013/251
f 926/997/246 927/999/247 941/1014/253 940/1012/252
f 927/999/247 928/1000/25 942/1015/25 941/1014/253
f 928/1000/25 929/1001/25 943/1016/25 942/1015/25
f 929/1001/25 930/1002/25 944/1017/25 943/1016/25
f 932/1004/2 931/1003/2 945/1018/2 946/1019/2
f 931/1003/2 933/1005/248 947/1020/254 945/1018/2
f 933/1005/248 934/1006/249 948/1021/255 947/1020/254
f 934/1006/249 935/1007/250 949/1022/256 948/1021/255
f 935/1007/250 936/1008/250 950/1023/256 949/1022/256
f 936/1008/250 937/1009/250 951/1024/256 950/1023/256
f 937/1009/250 938/1010/250 952/1025/256 951/1024/256
f 938/1010/250 939/1011/251 953/1026/257 952/1025/256
f 939/1013/251 940/1012/252 954/1027/258 953/1028/257
f 940/1012/252 941/1014/253 955/1029/259 954/1027/258
f 941/1014/253 942/1015/25 956/1030/25 955/1029/259
f 942/1015/25 943/1016/25 957/1031/25 956/1030/25
f 943/1016/25 944/1017/25 958/1032/25 957/1031/25
f 946/1019/2 945/1018/2 959/1033/2 960/1034/2
f 945/1018/2 947/1020/254 961/1035/260 959/1033/2
f 947/1020/254 948/1021/255 962/1036/261 961/1035/260
f 948/1021/255 949/1022/256 963/1037/262 962/1036/261
f 949/1022/256 950/1023/256 964/1038/262 963/1037/262
f 950/1023/256 951/1024/256 965/1039/262 964/1038/262
f 951/1024/256 952/1025/256 966/1040/262 965/1039/262
f 952/1025/256 953/1026/257 967/1041/263 966/1040/262
f 953/1028/257 954/1027/258 968/1042/264 967/1043/263
f 954/1027/258 955/1029/259 969/1044/265 968/1042/264
f 955/1029/259 956/1030/25 970/1045/25 969/1044/265
f 956/1030/25 957/1031/25 971/1046/25 970/1045/25
f 957/1031/25 958/1032/25 972/1047/25 971/1046/25
f 960/1034/2 959/1033/2 973/1048/2 974/1049/2
f 959/1033/2 961/1035/260 975/1050/266 973/1048/2
f 961/1035/260 962/1036/261 976/1051/267 975/1050/266
f 962/1036/261 963/1037/262 977/1052/268 976/1051/267
f 963/1037/262 964/1038/262 978/1053/268 977/1052/268
f 964/1038/262 965/1039/262 979/1054/268 978/1053/268
f 965/1039/262 966/1040/262 980/1055/268 979/1054/268
f 966/1040/262 967/1041/263 981/1056/269 980/1055/268
f 967/1043/263 968/1042/264 982/1057/270 981/1058/269
f 968/1042/264 969/1044/265 983/1059/271 982/1057/270
f 969/1044/265 970/1045/25 984/1060/25 983/1059/271
f 970/1045/25 971/1046/25 985/1061/25 984/1060/25
f 971/1046/25 972/1047/25 986/1062/25 985/1061/25
f 974/1049/2 973/1048/2 987/1063/2 988/1064/2
f 973/1048/2 975/1050/266 989/1065/272 987/1063/2
f 975/1050/266 976/1051/267 990/1066/273 989/1065/272
f 976/1051/267 977/1052/268 991/1067/274 990/1066/273
f 977/1052/268 978/1053/268 992/1068/274 991/1067/274
f 978/1053/268 979/1054/268 993/1069/274 992/1068/274
f 979/1054/268 980/1055/268 994/1070/274 993/1069/274
f 980/1055/268 981/1056/269 995/1071/275 994/1070/274
f 981/1058/269 982/1057/270 996/1072/276 995/1073/275
f 982/1057/270 983/1059/271 997/1074/277 996/1072/276
f 983/1059/271 984/1060/25 998/1075/25 997/1074/277
f 984/1060/25 985/1061/25 999/1076/25 998/1075/25
f 985/1061/25 986/1062/25 1000/1077/25 999/1076/25
f 988/1064/2 987/1063/2 1001/1078/2 1002/1079/2
f 987/1063/2 989/1065/272 1003/1080/278 1001/1078/2
f 989/1065/272 990/1066/273 1004/1081/279 1003/1080/278
f 990/1066/273 991/1067/274 1005/1082/280 1004/1081/279
f 991/1067/274 992/1068/274 1006/1083/280 1005/1082/280
f 992/1068/274 993/1069/274 1007/1084/280 1006/1083/280
f 993/1069/274 994/1070/274 1008/1085/280 1007/1084/280
f 994/1070/274 995/1071/275 1009/1086/281 1008/1085/280
f 995/1073/275 996/1072/276 1010/1087/282 1009/1088/281
f 996/1072/276 997/1074/277 1011/1089/283 1010/1087/282
f 997/1074/277 998/1075/25 1012/1090/25 1011/1089/283
f 998/1075/25 999/1076/25 1013/1091/25 1012/1090/25
f 999/1076/25 1000/1077/25 1014/1092/25 1013/1091/25
f 1002/1079/2 1001/1078/2 792/854/2 791/853/2
f 1001/1078/2 1003/1080/278 795/857/172 792/854/2
f 1003/1080/278 1004/1081/279 797/859/174 795/857/172
f 1004/1081/279 1005/1082/280 799/861/176 797/859/174
f 1005/1082/280 1006/1083/280 801/863/176 799/861/176
f 1006/1083/280 1007/1084/280 803/865/176 801/863/176
f 1007/1084/280 1008/1085/280 805/867/176 803/865/176
f 1008/1085/280 1009/1086/281 807/869/178 805/867/176
f 1009/1088/281 1010/1087/282 809/872/180 807/871/178
f 1010/1087/282 1011/1089/283 811/875/182 809/872/180
f 1011/1089/283 1012/1090/25 813/877/25 811/875/182
f 1012/1090/25 1013/1091/25 815/879/25 813/877/25
f 1013/1091/25 1014/1092/25 817/881/25 815/879/25
f 1015/1093/25 1016/1094/25 729/791/25 728/790/25
f 1016/1094/25 1017/1095/25 731/793/25 729/791/25
f 1017/1095/25 1018/1096/25 733/795/25 731/793/25
f 1018/1096/25 1019/1097/25 735/797/25 733/795/25
f 1019/1097/25 1020/1098/25 737/799/25 735/797/25
f 1020/1098/25 1021/1099/25 739/801/25 737/799/25
f 1021/1099/25 1022/1100/25 741/803/25 739/801/25
f 1023/1101/25 1024/1102/25 1016/1094/25 1015/1093/25
f 1024/1102/25 1025/1103/25 1017/1095/25 1016/1094/25
f 1025/1103/25 1026/1104/25 1018/1096/25 1017/1095/25
f 1026/1104/25 1027/1105/25 1019/1097/25 1018/1096/25
f 1027/1105/25 1028/1106/25 1020/1098/25 1019/1097/25
f 1028/1106/25 1029/1107/25 1021/1099/25 1020/1098/25
f 1029/1107/25 1030/1108/25 1022/1100/25 1021/1099/25
f 1031/1109/25 1032/1110/25 1024/1102/25 1023/1101/25
f 1032/1110/25 1033/1111/25 1025/1103/25 1024/1102/25
f 1033/1111/25 1034/1112/25 1026/1104/25 1025/1103/25
f 1034/1112/25 1035/1113/25 1027/1105/25 1026/1104/25
f 1035/1113/25 1036/1114/25 1028/1106/25 1027/1105/25
f 1036/1114/25 1037/1115/25 1029/1107/25 1028/1106/25
f 1037/1115/25 1038/1116/25 1030/1108/25 1029/1107/25
f 818/882/25 817/881/25 1032/1110/25 1031/1109/25
f 817/881/25 1014/1092/25 1033/1111/25 1032/1110/25
f 1014/1092/25 1000/1077/25 1034/1112/25 1033/1111/25
f 1000/1077/25 986/1062/25 1035/1113/25 1034/1112/25
f 986/1062/25 972/1047/25 1036/1114/25 1035/1113/25
f 972/1047/25 958/1032/25 1037/1115/25 1036/1114/25
f 958/1032/25 944/1017/25 1038/1116/25 1037/1115/25
f 741/803/25 1022/1100/25 832/897/25 544/593/25
f 1022/1100/25 1030/1108/25 846/912/25 832/897/25
f 1030/1108/25 1038/1116/25 860/927/25 846/912/25
f 1038/1116/25 944/1017/25 930/1002/25 916/987/25
f 1039/1117/2 762/824/2 761/823/2 1040/1118/2
f 1040/1118/2 761/823/2 764/826/2 1041/1119/2
f 1041/1119/2 764/826/2 766/828/2 1042/1120/2
f 1042/1120/2 766/828/2 768/830/2 1043/1121/2
f 1043/1121/2 768/830/2 770/832/2 1044/1122/2
f 1044/1122/2 770/832/2 772/834/2 1045/1123/2
f 1045/1123/2 772/834/2 774/836/2 1046/1124/2
f 1047/1125/2 1039/1117/2 1040/1118/2 1048/1126/2
f 1048/1126/2 1040/1118/2 1041/1119/2 1049/1127/2
f 1049/1127/2 1041/1119/2 1042/1120/2 1050/1128/2
f 1050/1128/2 1042/1120/2 1043/1121/2 1051/1129/2
f 1051/1129/2 1043/1121/2 1044/1122/2 1052/1130/2
f 1052/1130/2 1044/1122/2 1045/1123/2 1053/1131/2
f 1053/1131/2 1045/1123/2 1046/1124/2 1054/1132/2
f 1055/1133/2 1047/1125/2 1048/1126/2 1056/1134/2
f 1056/1134/2 1048/1126/2 1049/1127/2 1057/1135/2
f 1057/1135/2 1049/1127/2 1050/1128/2 1058/1136/2
f 1058/1136/2 1050/1128/2 1051/1129/2 1059/1137/2
f 1059/1137/2 1051/1129/2 1052/1130/2 1060/1138/2
f 1060/1138/2 1052/1130/2 1053/1131/2 1061/1139/2
f 1061/1139/2 1053/1131/2 1054/1132/2 1062/1140/2
f 794/856/2 1055/1133/2 1056/1134/2 791/853/2
f 791/853/2 1056/1134/2 1057/1135/2 1002/1079/2
f 1002/1079/2 1057/1135/2 1058/1136/2 988/1064/2
f 988/1064/2 1058/1136/2 1059/1137/2 974/1049/2
f 974/1049/2 1059/1137/2 1060/1138/2 960/1034/2
f 960/1034/2 1060/1138/2 1061/1139/2 946/1019/2
f 946/1019/2 1061/1139/2 1062/1140/2 932/1004/2
f 774/836/2 517/564/2 820/884/2 1046/1124/2
f 1046/1124/2 820/884/2 834/899/2 1054/1132/2
f 1054/1132/2 834/899/2 848/914/2 1062/1140/2
f 1062/1140/2 876/944/2 890/959/2 904/974/2
f 1062/1140/2 848/914/2 862/929/2 876/944/2
f 1038/1116/25 916/987/25 902/972/25 888/957/25
f 1062/1140/2 904/974/2 918/989/2 932/1004/2
f 1038/1116/25 888/957/25 874/942/25 860/927/25
f 1063/1141/2 1064/1142/2 491/536/2 490/535/2
f 1064/1142/2 1065/1143/284 493/538/53 491/536/2
f 1065/1143/284 1066/1144/285 495/540/55 493/538/53
f 1066/1144/285 1067/1145/286 497/542/57 495/540/55
f 1067/1145/286 1068/1146/286 499/544/57 497/542/57
f 1068/1146/286 1069/1147/286 501/546/57 499/544/57
f 1069/1147/286 1070/1148/286 503/548/57 501/546/57
f 1070/1148/286 1071/1149/287 505/550/59 503/548/57
f 1071/1150/287 1072/1151/288 507/554/61 505/553/59
f 1072/1151/288 1073/1152/289 509/556/63 507/554/61
f 1073/1152/289 1074/1153/25 511/558/25 509/556/63
f 1074/1153/25 1075/1154/25 513/560/25 511/558/25
f 1075/1154/25 1076/1155/25 515/562/25 513/560/25
f 1077/1156/2 1078/1157/2 1079/1158/2 1080/1159/2
f 1078/1157/2 1081/1160/290 1082/1161/291 1079/1158/2
f 1081/1160/290 1083/1162/292 1084/1163/293 1082/1161/291
f 1083/1162/292 1085/1164/294 1086/1165/295 1084/1163/293
f 1085/1164/294 1087/1166/294 1088/1167/295 1086/1165/295
f 1087/1166/294 1089/1168/294 1090/1169/295 1088/1167/295
f 1089/1168/294 1091/1170/294 1092/1171/296 1090/1169/295
f 1091/1170/294 1093/1172/297 1094/1173/298 1092/1171/296
f 1093/1174/297 1095/1175/299 1096/1176/300 1094/1177/298
f 1095/1175/299 1097/1178/301 1098/1179/302 1096/1176/300
f 1097/1178/301 1099/1180/25 1100/1181/25 1098/1179/302
f 1099/1180/25 1101/1182/25 1102/1183/25 1100/1181/25
f 1101/1182/25 1103/1184/25 1104/1185/25 1102/1183/25
f 1080/1159/2 1079/1158/2 1105/1186/2 1106/1187/2
f 1079/1158/2 1082/1161/291 1107/1188/303 1105/1186/2
f 1082/1161/291 1084/1163/293 1108/1189/304 1107/1188/303
f 1084/1163/293 1086/1165/295 1109/1190/305 1108/1189/304
f 1086/1165/295 1088/1167/295 1110/1191/305 1109/1190/305
f 1088/1167/295 1090/1169/295 1111/1192/305 1110/1191/305
f 1090/1169/295 1092/1171/296 1112/1193/305 1111/1192/305
f 1092/1171/296 1094/1173/298 1113/1194/306 1112/1193/305
f 1094/1177/298 1096/1176/300 1114/1195/307 1113/1196/306
f 1096/1176/300 1098/1179/302 1115/1197/308 1114/1195/307
f 1098/1179/302 1100/1181/25 1116/1198/25 1115/1197/308
f 1100/1181/25 1102/1183/25 1117/1199/25 1116/1198/25
f 1102/1183/25 1104/1185/25 1118/1200/25 1117/1199/25
f 1106/1187/2 1105/1186/2 1119/1201/2 1120/1202/2
f 1105/1186/2 1107/1188/303 1121/1203/309 1119/1201/2
f 1107/1188/303 1108/1189/304 1122/1204/310 1121/1203/309
f 1108/1189/304 1109/1190/305 1123/1205/311 1122/1204/310
f 1109/1190/305 1110/1191/305 1124/1206/311 1123/1205/311
f 1110/1191/305 1111/1192/305 1125/1207/311 1124/1206/311
f 1111/1192/305 1112/1193/305 1126/1208/311 1125/1207/311
f 1112/1193/305 1113/1194/306 1127/1209/312 1126/1208/311
f 1113/1196/306 1114/1195/307 1128/1210/313 1127/1211/312
f 1114/1195/307 1115/1197/308 1129/1212/314 1128/1210/313
f 1115/1197/308 1116/1198/25 1130/1213/25 1129/1212/314
f 1116/1198/25 1117/1199/25 1131/1214/25 1130/1213/25
f 1117/1199/25 1118/1200/25 1132/1215/25 1131/1214/25
f 1120/1202/2 1119/1201/2 1133/1216/2 1134/1217/2
f 1119/1201/2 1121/1203/309 1135/1218/315 1133/1216/2
f 1121/1203/309 1122/1204/310 1136/1219/316 1135/1218/315
f 1122/1204/310 1123/1205/311 1137/1220/317 1136/1219/316
f 1123/1205/311 1124/1206/311 1138/1221/318 1137/1220/317
f 1124/1206/311 1125/1207/311 1139/1222/319 1138/1221/318
f 1125/1207/311 1126/1208/311 1140/1223/320 1139/1222/319
f 1126/1208/311 1127/1209/312 1141/1224/321 1140/1223/320
f 1127/1211/312 1128/1210/313 1142/1225/322 1141/1226/321
f 1128/1210/313 1129/1212/314 1143/1227/323 1142/1225/322
f 1129/1212/314 1130/1213/25 1144/1228/25 1143/1227/323
f 1130/1213/25 1131/1214/25 1145/1229/25 1144/1228/25
f 1131/1214/25 1132/1215/25 1146/1230/25 1145/1229/25
f 1134/1217/2 1133/1216/2 1147/1231/2 1148/1232/2
f 1133/1216/2 1135/1218/315 1149/1233/324 1147/1231/2
f 1135/1218/315 1136/1219/316 1150/1234/325 1149/1233/324
f 1136/1219/316 1137/1220/317 1151/1235/326 1150/1234/325
f 1137/1220/317 1138/1221/318 1152/1236/327 1151/1235/326
f 1138/1221/318 1139/1222/319 1153/1237/328 1152/1236/327
f 1139/1222/319 1140/1223/320 1154/1238/329 1153/1237/328
f 1140/1223/320 1141/1224/321 1155/1239/330 1154/1238/329
f 1141/1226/321 1142/1225/322 1156/1240/331 1155/1241/330
f 1142/1225/322 1143/1227/323 1157/1242/332 1156/1240/331
f 1143/1227/323 1144/1228/25 1158/1243/25 1157/1242/332
f 1144/1228/25 1145/1229/25 1159/1244/25 1158/1243/25
f 1145/1229/25 1146/1230/25 1160/1245/25 1159/1244/25
f 1148/1232/2 1147/1231/2 1161/1246/2 1162/1247/2
f 1147/1231/2 1149/1233/324 1163/1248/333 1161/1246/2
f 1149/1233/324 1150/1234/325 1164/1249/334 1163/1248/333
f 1150/1234/325 1151/1235/326 1165/1250/335 1164/1249/334
f 1151/1235/326 1152/1236/327 1166/1251/336 1165/1250/335
f 1152/1236/327 1153/1237/328 1167/1252/337 1166/1251/336
f 1153/1237/328 1154/1238/329 1168/1253/338 1167/1252/337
f 1154/1238/329 1155/1239/330 1169/1254/339 1168/1253/338
f 1155/1241/330 1156/1240/331 1170/1255/340 1169/1256/339
f 1156/1240/331 1157/1242/332 1171/1257/341 1170/1255/340
f 1157/1242/332 1158/1243/25 1172/1258/25 1171/1257/341
f 1158/1243/25 1159/1244/25 1173/1259/25 1172/1258/25
f 1159/1244/25 1160/1245/25 1174/1260/25 1173/1259/25
f 1162/1247/2 1161/1246/2 1175/1261/2 1176/1262/2
f 1161/1246/2 1163/1248/333 1177/1263/342 1175/1261/2
f 1163/1248/333 1164/1249/334 1178/1264/343 1177/1263/342
f 1164/1249/334 1165/1250/335 1179/1265/344 1178/1264/343
f 1165/1250/335 1166/1251/336 1180/1266/345 1179/1265/344
f 1166/1251/336 1167/1252/337 1181/1267/346 1180/1266/345
f 1167/1252/337 1168/1253/338 1182/1268/347 1181/1267/346
f 1168/1253/338 1169/1254/339 1183/1269/348 1182/1268/347
f 1169/1256/339 1170/1255/340 1184/1270/349 1183/1271/348
f 1170/1255/340 1171/1257/341 1185/1272/350 1184/1270/349
f 1171/1257/341 1172/1258/25 1186/1273/25 1185/1272/350
f 1172/1258/25 1173/1259/25 1187/1274/25 1186/1273/25
f 1173/1259/25 1174/1260/25 1188/1275/25 1187/1274/25
f 1176/1262/2 1175/1261/2 1189/1276/2 1190/1277/2
f 1175/1261/2 1177/1263/342 1191/1278/351 1189/1276/2
f 1177/1263/342 1178/1264/343 1192/1279/352 1191/1278/351
f 1178/1264/343 1179/1265/344 1193/1280/353 1192/1279/352
f 1179/1265/344 1180/1266/345 1194/1281/354 1193/1280/353
f 1180/1266/345 1181/1267/346 1195/1282/355 1194/1281/354
f 1181/1267/346 1182/1268/347 1196/1283/356 1195/1282/355
f 1182/1268/347 1183/1269/348 1197/1284/357 1196/1283/356
f 1183/1271/348 1184/1270/349 1198/1285/358 1197/1286/357
f 1184/1270/349 1185/1272/350 1199/1287/359 1198/1285/358
f 1185/1272/350 1186/1273/25 1200/1288/25 1199/1287/359
f 1186/1273/25 1187/1274/25 1201/1289/25 1200/1288/25
f 1187/1274/25 1188/1275/25 1202/1290/25 1201/1289/25
f 1190/1277/2 1189/1276/2 1203/1291/2 1204/1292/2
f 1189/1276/2 1191/1278/351 1205/1293/360 1203/1291/2
f 1191/1278/351 1192/1279/352 1206/1294/361 1205/1293/360
f 1192/1279/352 1193/1280/353 1207/1295/362 1206/1294/361
f 1193/1280/353 1194/1281/354 1208/1296/362 1207/1295/362
f 1194/1281/354 1195/1282/355 1209/1297/362 1208/1296/362
f 1195/1282/355 1196/1283/356 1210/1298/362 1209/1297/362
f 1196/1283/356 1197/1284/357 1211/1299/363 1210/1298/362
f 1197/1286/357 1198/1285/358 1212/1300/364 1211/1301/363
f 1198/1285/358 1199/1287/359 1213/1302/365 1212/1300/364
f 1199/1287/359 1200/1288/25 1214/1303/25 1213/1302/365
f 1200/1288/25 1201/1289/25 1215/1304/25 1214/1303/25
f 1201/1289/25 1202/1290/25 1216/1305/25 1215/1304/25
f 1204/1292/2 1203/1291/2 1217/1306/2 1218/1307/2
f 1203/1291/2 1205/1293/360 1219/1308/366 1217/1306/2
f 1205/1293/360 1206/1294/361 1220/1309/367 1219/1308/366
f 1206/1294/361 1207/1295/362 1221/1310/368 1220/1309/367
f 1207/1295/362 1208/1296/362 1222/1311/368 1221/1310/368
f 1208/1296/362 1209/1297/362 1223/1312/368 1222/1311/368
f 1209/1297/362 1210/1298/362 1224/1313/368 1223/1312/368
f 1210/1298/362 1211/1299/363 1225/1314/369 1224/1313/368
f 1211/1301/363 1212/1300/364 1226/1315/370 1225/1316/369
f 1212/1300/364 1213/1302/365 1227/1317/371 1226/1315/370
f 1213/1302/365 1214/1303/25 1228/1318/25 1227/1317/371
f 1214/1303/25 1215/1304/25 1229/1319/25 1228/1318/25
f 1215/1304/25 1216/1305/25 1230/1320/25 1229/1319/25
f 1218/1307/2 1217/1306/2 1231/1321/2 1232/1322/2
f 1217/1306/2 1219/1308/366 1233/1323/372 1231/1321/2
f 1219/1308/366 1220/1309/367 1234/1324/373 1233/1323/372
f 1220/1309/367 1221/1310/368 1235/1325/374 1234/1324/373
f 1221/1310/368 1222/1311/368 1236/1326/374 1235/1325/374
f 1222/1311/368 1223/1312/368 1237/1327/374 1236/1326/374
f 1223/1312/368 1224/1313/368 1238/1328/374 1237/1327/374
f 1224/1313/368 1225/1314/369 1239/1329/375 1238/1328/374
f 1225/1316/369 1226/1315/370 1240/1330/376 1239/1331/375
f 1226/1315/370 1227/1317/371 1241/1332/377 1240/1330/376
f 1227/1317/371 1228/1318/25 1242/1333/25 1241/1332/377
f 1228/1318/25 1229/1319/25 1243/1334/25 1242/1333/25
f 1229/1319/25 1230/1320/25 1244/1335/25 1243/1334/25
f 1232/1322/2 1231/1321/2 1245/1336/2 1246/1337/2
f 1231/1321/2 1233/1323/372 1247/1338/378 1245/1336/2
f 1233/1323/372 1234/1324/373 1248/1339/379 1247/1338/378
f 1234/1324/373 1235/1325/374 1249/1340/380 1248/1339/379
f 1235/1325/374 1236/1326/374 1250/1341/380 1249/1340/380
f 1236/1326/374 1237/1327/374 1251/1342/380 1250/1341/380
f 1237/1327/374 1238/1328/374 1252/1343/380 1251/1342/380
f 1238/1328/374 1239/1329/375 1253/1344/381 1252/1343/380
f 1239/1331/375 1240/1330/376 1254/1345/382 1253/1346/381
f 1240/1330/376 1241/1332/377 1255/1347/383 1254/1345/382
f 1241/1332/377 1242/1333/25 1256/1348/25 1255/1347/383
f 1242/1333/25 1243/1334/25 1257/1349/25 1256/1348/25
f 1243/1334/25 1244/1335/25 1258/1350/25 1257/1349/25
f 1246/1337/2 1245/1336/2 1259/1351/2 1260/1352/2
f 1245/1336/2 1247/1338/378 1261/1353/384 1259/1351/2
f 1247/1338/378 1248/1339/379 1262/1354/385 1261/1353/384
f 1248/1339/379 1249/1340/380 1263/1355/386 1262/1354/385
f 1249/1340/380 1250/1341/380 1264/1356/386 1263/1355/386
f 1250/1341/380 1251/1342/380 1265/1357/386 1264/1356/386
f 1251/1342/380 1252/1343/380 1266/1358/386 1265/1357/386
f 1252/1343/380 1253/1344/381 1267/1359/387 1266/1358/386
f 1253/1346/381 1254/1345/382 1268/1360/388 1267/1361/387
f 1254/1345/382 1255/1347/383 1269/1362/389 1268/1360/388
f 1255/1347/383 1256/1348/25 1270/1363/25 1269/1362/389
f 1256/1348/25 1257/1349/25 1271/1364/25 1270/1363/25
f 1257/1349/25 1258/1350/25 1272/1365/25 1271/1364/25
f 1260/1352/2 1259/1351/2 1273/1366/2 1274/1367/2
f 1259/1351/2 1261/1353/384 1275/1368/390 1273/1366/2
f 1261/1353/384 1262/1354/385 1276/1369/391 1275/1368/390
f 1262/1354/385 1263/1355/386 1277/1370/392 1276/1369/391
f 1263/1355/386 1264/1356/386 1278/1371/392 1277/1370/392
f 1264/1356/386 1265/1357/386 1279/1372/392 1278/1371/392
f 1265/1357/386 1266/1358/386 1280/1373/392 1279/1372/392
f 1266/1358/386 1267/1359/387 1281/1374/393 1280/1373/392
f 1267/1361/387 1268/1360/388 1282/1375/394 1281/1376/393
f 1268/1360/388 1269/1362/389 1283/1377/395 1282/1375/394
f 1269/1362/389 1270/1363/25 1284/1378/25 1283/1377/395
f 1270/1363/25 1271/1364/25 1285/1379/25 1284/1378/25
f 1271/1364/25 1272/1365/25 1286/1380/25 1285/1379/25
f 1274/1367/2 1273/1366/2 1064/1142/2 1063/1141/2
f 1273/1366/2 1275/1368/390 1065/1143/284 1064/1142/2
f 1275/1368/390 1276/1369/391 1066/1144/285 1065/1143/284
f 1276/1369/391 1277/1370/392 1067/1145/286 1066/1144/285
f 1277/1370/392 1278/1371/392 1068/1146/286 1067/1145/286
f 1278/1371/392 1279/1372/392 1069/1147/286 1068/1146/286
f 1279/1372/392 1280/1373/392 1070/1148/286 1069/1147/286
f 1280/1373/392 1281/1374/393 1071/1149/287 1070/1148/286
f 1281/1376/393 1282/1375/394 1072/1151/288 1071/1150/287
f 1282/1375/394 1283/1377/395 1073/1152/289 1072/1151/288
f 1283/1377/395 1284/1378/25 1074/1153/25 1073/1152/289
f 1284/1378/25 1285/1379/25 1075/1154/25 1074/1153/25
f 1285/1379/25 1286/1380/25 1076/1155/25 1075/1154/25
f 727/789/25 1287/1381/25 1288/1382/25 728/790/25
f 1287/1381/25 1289/1383/25 1290/1384/25 1288/1382/25
f 1289/1383/25 1291/1385/25 1292/1386/25 1290/1384/25
f 1291/1385/25 1293/1387/25 1294/1388/25 1292/1386/25
f 1293/1387/25 1295/1389/25 1296/1390/25 1294/1388/25
f 1295/1389/25 1297/1391/25 1298/1392/25 1296/1390/25
f 1297/1391/25 1299/1393/25 1300/1394/25 1298/1392/25
f 743/805/25 1301/1395/25 1287/1381/25 727/789/25
f 1301/1395/25 1302/1396/25 1289/1383/25 1287/1381/25
f 1302/1396/25 1303/1397/25 1291/1385/25 1289/1383/25
f 1303/1397/25 1304/1398/25 1293/1387/25 1291/1385/25
f 1304/1398/25 1305/1399/25 1295/1389/25 1293/1387/25
f 1305/1399/25 1306/1400/25 1297/1391/25 1295/1389/25
f 1306/1400/25 1307/1401/25 1299/1393/25 1297/1391/25
f 751/813/25 1308/1402/25 1301/1395/25 743/805/25
f 1308/1402/25 1309/1403/25 1302/1396/25 1301/1395/25
f 1309/1403/25 1310/1404/25 1303/1397/25 1302/1396/25
f 1310/1404/25 1311/1405/25 1304/1398/25 1303/1397/25
f 1311/1405/25 1312/1406/25 1305/1399/25 1304/1398/25
f 1312/1406/25 1313/1407/25 1306/1400/25 1305/1399/25
f 1313/1407/25 1314/1408/25 1307/1401/25 1306/1400/25
f 515/562/25 1076/1155/25 1308/1402/25 751/813/25
f 1076/1155/25 1286/1380/25 1309/1403/25 1308/1402/25
f 1286/1380/25 1272/1365/25 1310/1404/25 1309/1403/25
f 1272/1365/25 1258/1350/25 1311/1405/25 1310/1404/25
f 1258/1350/25 1244/1335/25 1312/1406/25 1311/1405/25
f 1244/1335/25 1230/1320/25 1313/1407/25 1312/1406/25
f 1230/1320/25 1216/1305/25 1314/1408/25 1313/1407/25
f 1300/1394/25 1299/1393/25 1104/1185/25 1103/1184/25
f 1299/1393/25 1307/1401/25 1118/1200/25 1104/1185/25
f 1307/1401/25 1314/1408/25 1132/1215/25 1118/1200/25
f 1314/1408/25 1216/1305/25 1202/1290/25 1188/1275/25
f 759/821/2 762/824/2 1315/1409/2 1316/1410/2
f 1316/1410/2 1315/1409/2 1317/1411/2 1318/1412/2
f 1318/1412/2 1317/1411/2 1319/1413/2 1320/1414/2
f 1320/1414/2 1319/1413/2 1321/1415/2 1322/1416/2
f 1322/1416/2 1321/1415/2 1323/1417/2 1324/1418/2
f 1324/1418/2 1323/1417/2 1325/1419/2 1326/1420/2
f 1326/1420/2 1325/1419/2 1327/1421/2 1328/1422/2
f 775/837/2 759/821/2 1316/1410/2 1329/1423/2
f 1329/1423/2 1316/1410/2 1318/1412/2 1330/1424/2
f 1330/1424/2 1318/1412/2 1320/1414/2 1331/1425/2
f 1331/1425/2 1320/1414/2 1322/1416/2 1332/1426/2
f 1332/1426/2 1322/1416/2 1324/1418/2 1333/1427/2
f 1333/1427/2 1324/1418/2 1326/1420/2 1334/1428/2
f 1334/1428/2 1326/1420/2 1328/1422/2 1335/1429/2
f 783/845/2 775/837/2 1329/1423/2 1336/1430/2
f 1336/1430/2 1329/1423/2 1330/1424/2 1337/1431/2
f 1337/1431/2 1330/1424/2 1331/1425/2 1338/1432/2
f 1338/1432/2 1331/1425/2 1332/1426/2 1339/1433/2
f 1339/1433/2 1332/1426/2 1333/1427/2 1340/1434/2
f 1340/1434/2 1333/1427/2 1334/1428/2 1341/1435/2
f 1341/1435/2 1334/1428/2 1335/1429/2 1342/1436/2
f 490/535/2 783/845/2 1336/1430/2 1063/1141/2
f 1063/1141/2 1336/1430/2 1337/1431/2 1274/1367/2
f 1274/1367/2 1337/1431/2 1338/1432/2 1260/1352/2
f 1260/1352/2 1338/1432/2 1339/1433/2 1246/1337/2
f 1246/1337/2 1339/1433/2 1340/1434/2 1232/1322/2
f 1232/1322/2 1340/1434/2 1341/1435/2 1218/1307/2
f 1218/1307/2 1341/1435/2 1342/1436/2 1204/1292/2
f 1327/1421/2 1077/1156/2 1080/1159/2 1328/1422/2
f 1328/1422/2 1080/1159/2 1106/1187/2 1335/1429/2
f 1335/1429/2 1106/1187/2 1120/1202/2 1342/1436/2
f 1342/1436/2 1148/1232/2 1162/1247/2 1176/1262/2
f 1342/1436/2 1120/1202/2 1134/1217/2 1148/1232/2
f 1314/1408/25 1188/1275/25 1174/1260/25 1160/1245/25
f 1342/1436/2 1176/1262/2 1190/1277/2 1204/1292/2
f 1314/1408/25 1160/1245/25 1146/1230/25 1132/1215/25
f 1343/1437/2 794/856/2 793/855/2 1344/1438/2
f 1344/1438/2 793/855/2 796/858/173 1345/1439/396
f 1345/1439/396 796/858/173 798/860/175 1346/1440/397
f 1346/1440/397 798/860/175 800/862/177 1347/1441/398
f 1347/1441/398 800/862/177 802/864/177 1348/1442/398
f 1348/1442/398 802/864/177 804/866/177 1349/1443/398
f 1349/1443/398 804/866/177 806/868/177 1350/1444/398
f 1350/1444/398 806/868/177 808/870/179 1351/1445/399
f 1351/1446/399 808/874/179 810/873/181 1352/1447/400
f 1352/1447/400 810/873/181 812/876/183 1353/1448/401
f 1353/1448/401 812/876/183 814/878/25 1354/1449/25
f 1354/1449/25 814/878/25 816/880/25 1355/1450/25
f 1355/1450/25 816/880/25 818/882/25 1356/1451/25
f 1077/1156/2 1357/1452/2 1358/1453/2 1078/1157/2
f 1078/1157/2 1358/1453/2 1359/1454/402 1081/1160/290
f 1081/1160/290 1359/1454/402 1360/1455/403 1083/1162/292
f 1083/1162/292 1360/1455/403 1361/1456/404 1085/1164/294
f 1085/1164/294 1361/1456/404 1362/1457/404 1087/1166/294
f 1087/1166/294 1362/1457/404 1363/1458/404 1089/1168/294
f 1089/1168/294 1363/1458/404 1364/1459/404 1091/1170/294
f 1091/1170/294 1364/1459/404 1365/1460/405 1093/1172/297
f 1093/1174/297 1365/1461/405 1366/1462/406 1095/1175/299
f 1095/1175/299 1366/1462/406 1367/1463/407 1097/1178/301
f 1097/1178/301 1367/1463/407 1368/1464/25 1099/1180/25
f 1099/1180/25 1368/1464/25 1369/1465/25 1101/1182/25
f 1101/1182/25 1369/1465/25 1370/1466/25 1103/1184/25
f 1357/1452/2 1371/1467/2 1372/1468/2 1358/1453/2
f 1358/1453/2 1372/1468/2 1373/1469/408 1359/1454/402
f 1359/1454/402 1373/1469/408 1374/1470/409 1360/1455/403
f 1360/1455/403 1374/1470/409 1375/1471/410 1361/1456/404
f 1361/1456/404 1375/1471/410 1376/1472/410 1362/1457/404
f 1362/1457/404 1376/1472/410 1377/1473/410 1363/1458/404
f 1363/1458/404 1377/1473/410 1378/1474/410 1364/1459/404
f 1364/1459/404 1378/1474/410 1379/1475/411 1365/1460/405
f 1365/1461/405 1379/1476/411 1380/1477/412 1366/1462/406
f 1366/1462/406 1380/1477/412 1381/1478/413 1367/1463/407
f 1367/1463/407 1381/1478/413 1382/1479/25 1368/1464/25
f 1368/1464/25 1382/1479/25 1383/1480/25 1369/1465/25
f 1369/1465/25 1383/1480/25 1384/1481/25 1370/1466/25
f 1371/1467/2 1385/1482/2 1386/1483/2 1372/1468/2
f 1372/1468/2 1386/1483/2 1387/1484/414 1373/1469/408
f 1373/1469/408 1387/1484/414 1388/1485/415 1374/1470/409
f 1374/1470/409 1388/1485/415 1389/1486/416 1375/1471/410
f 1375/1471/410 1389/1486/416 1390/1487/416 1376/1472/410
f 1376/1472/410 1390/1487/416 1391/1488/416 1377/1473/410
f 1377/1473/410 1391/1488/416 1392/1489/416 1378/1474/410
f 1378/1474/410 1392/1489/416 1393/1490/417 1379/1475/411
f 1379/1476/411 1393/1491/417 1394/1492/418 1380/1477/412
f 1380/1477/412 1394/1492/418 1395/1493/419 1381/1478/413
f 1381/1478/413 1395/1493/419 1396/1494/25 1382/1479/25
f 1382/1479/25 1396/1494/25 1397/1495/25 1383/1480/25
f 1383/1480/25 1397/1495/25 1398/1496/25 1384/1481/25
f 1385/1482/2 1399/1497/2 1400/1498/2 1386/1483/2
f 1386/1483/2 1400/1498/2 1401/1499/420 1387/1484/414
f 1387/1484/414 1401/1499/420 1402/1500/421 1388/1485/415
f 1388/1485/415 1402/1500/421 1403/1501/422 1389/1486/416
f 1389/1486/416 1403/1501/422 1404/1502/423 1390/1487/416
f 1390/1487/416 1404/1502/423 1405/1503/424 1391/1488/416
f 1391/1488/416 1405/1503/424 1406/1504/425 1392/1489/416
f 1392/1489/416 1406/1504/425 1407/1505/426 1393/1490/417
f 1393/1491/417 1407/1506/426 1408/1507/427 1394/1492/418
f 1394/1492/418 1408/1507/427 1409/1508/428 1395/1493/419
f 1395/1493/419 1409/1508/428 1410/1509/25 1396/1494/25
f 1396/1494/25 1410/1509/25 1411/1510/25 1397/1495/25
f 1397/1495/25 1411/1510/25 1412/1511/25 1398/1496/25
f 1399/1497/2 1413/1512/2 1414/1513/2 1400/1498/2
f 1400/1498/2 1414/1513/2 1415/1514/429 1401/1499/420
f 1401/1499/420 1415/1514/429 1416/1515/430 1402/1500/421
f 1402/1500/421 1416/1515/430 1417/1516/431 1403/1501/422
f 1403/1501/422 1417/1516/431 1418/1517/432 1404/1502/423
f 1404/1502/423 1418/1517/432 1419/1518/433 1405/1503/424
f 1405/1503/424 1419/1518/433 1420/1519/434 1406/1504/425
f 1406/1504/425 1420/1519/434 1421/1520/435 1407/1505/426
f 1407/1506/426 1421/1521/435 1422/1522/436 1408/1507/427
f 1408/1507/427 1422/1522/436 1423/1523/437 1409/1508/428
f 1409/1508/428 1423/1523/437 1424/1524/25 1410/1509/25
f 1410/1509/25 1424/1524/25 1425/1525/25 1411/1510/25
f 1411/1510/25 1425/1525/25 1426/1526/25 1412/1511/25
f 1413/1512/2 1427/1527/2 1428/1528/2 1414/1513/2
f 1414/1513/2 1428/1528/2 1429/1529/438 1415/1514/429
f 1415/1514/429 1429/1529/438 1430/1530/439 1416/1515/430
f 1416/1515/430 1430/1530/439 1431/1531/440 1417/1516/431
f 1417/1516/431 1431/1531/440 1432/1532/441 1418/1517/432
f 1418/1517/432 1432/1532/441 1433/1533/442 1419/1518/433
f 1419/1518/433 1433/1533/442 1434/1534/443 1420/1519/434
f 1420/1519/434 1434/1534/443 1435/1535/444 1421/1520/435
f 1421/1521/435 1435/1536/444 1436/1537/445 1422/1522/436
f 1422/1522/436 1436/1537/445 1437/1538/446 1423/1523/437
f 1423/1523/437 1437/1538/446 1438/1539/25 1424/1524/25
f 1424/1524/25 1438/1539/25 1439/1540/25 1425/1525/25
f 1425/1525/25 1439/1540/25 1440/1541/25 1426/1526/25
f 1427/1527/2 1441/1542/2 1442/1543/2 1428/1528/2
f 1428/1528/2 1442/1543/2 1443/1544/447 1429/1529/438
f 1429/1529/438 1443/1544/447 1444/1545/448 1430/1530/439
f 1430/1530/439 1444/1545/448 1445/1546/449 1431/1531/440
f 1431/1531/440 1445/1546/449 1446/1547/450 1432/1532/441
f 1432/1532/441 1446/1547/450 1447/1548/451 1433/1533/442
f 1433/1533/442 1447/1548/451 1448/1549/452 1434/1534/443
f 1434/1534/443 1448/1549/452 1449/1550/453 1435/1535/444
f 1435/1536/444 1449/1551/453 1450/1552/454 1436/1537/445
f 1436/1537/445 1450/1552/454 1451/1553/455 1437/1538/446
f 1437/1538/446 1451/1553/455 1452/1554/25 1438/1539/25
f 1438/1539/25 1452/1554/25 1453/1555/25 1439/1540/25
f 1439/1540/25 1453/1555/25 1454/1556/25 1440/1541/25
f 1441/1542/2 1455/1557/2 1456/1558/2 1442/1543/2
f 1442/1543/2 1456/1558/2 1457/1559/456 1443/1544/447
f 1443/1544/447 1457/1559/456 1458/1560/457 1444/1545/448
f 1444/1545/448 1458/1560/457 1459/1561/458 1445/1546/449
f 1445/1546/449 1459/1561/458 1460/1562/459 1446/1547/450
f 1446/1547/450 1460/1562/459 1461/1563/460 1447/1548/451
f 1447/1548/451 1461/1563/460 1462/1564/461 1448/1549/452
f 1448/1549/452 1462/1564/461 1463/1565/462 1449/1550/453
f 1449/1551/453 1463/1566/462 1464/1567/463 1450/1552/454
f 1450/1552/454 1464/1567/463 1465/1568/464 1451/1553/455
f 1451/1553/455 1465/1568/464 1466/1569/25 1452/1554/25
f 1452/1554/25 1466/1569/25 1467/1570/25 1453/1555/25
f 1453/1555/25 1467/1570/25 1468/1571/25 1454/1556/25
f 1455/1557/2 1469/1572/2 1470/1573/2 1456/1558/2
f 1456/1558/2 1470/1573/2 1471/1574/465 1457/1559/456
f 1457/1559/456 1471/1574/465 1472/1575/466 1458/1560/457
f 1458/1560/457 1472/1575/466 1473/1576/467 1459/1561/458
f 1459/1561/458 1473/1576/467 1474/1577/467 1460/1562/459
f 1460/1562/459 1474/1577/467 1475/1578/467 1461/1563/460
f 1461/1563/460 1475/1578/467 1476/1579/467 1462/1564/461
f 1462/1564/461 1476/1579/467 1477/1580/468 1463/1565/462
f 1463/1566/462 1477/1581/468 1478/1582/469 1464/1567/463
f 1464/1567/463 1478/1582/469 1479/1583/470 1465/1568/464
f 1465/1568/464 1479/1583/470 1480/1584/25 1466/1569/25
f 1466/1569/25 1480/1584/25 1481/1585/25 1467/1570/25
f 1467/1570/25 1481/1585/25 1482/1586/25 1468/1571/25
f 1469/1572/2 1483/1587/2 1484/1588/2 1470/1573/2
f 1470/1573/2 1484/1588/2 1485/1589/471 1471/1574/465
f 1471/1574/465 1485/1589/471 1486/1590/472 1472/1575/466
f 1472/1575/466 1486/1590/472 1487/1591/473 1473/1576/467
f 1473/1576/467 1487/1591/473 1488/1592/473 1474/1577/467
f 1474/1577/467 1488/1592/473 1489/1593/473 1475/1578/467
f 1475/1578/467 1489/1593/473 1490/1594/473 1476/1579/467
f 1476/1579/467 1490/1594/473 1491/1595/474 1477/1580/468
f 1477/1581/468 1491/1596/474 1492/1597/475 1478/1582/469
f 1478/1582/469 1492/1597/475 1493/1598/476 1479/1583/470
f 1479/1583/470 1493/1598/476 1494/1599/25 1480/1584/25
f 1480/1584/25 1494/1599/25 1495/1600/25 1481/1585/25
f 1481/1585/25 1495/1600/25 1496/1601/25 1482/1586/25
f 1483/1587/2 1497/1602/2 1498/1603/2 1484/1588/2
f 1484/1588/2 1498/1603/2 1499/1604/477 1485/1589/471
f 1485/1589/471 1499/1604/477 1500/1605/478 1486/1590/472
f 1486/1590/472 1500/1605/478 1501/1606/479 1487/1591/473
f 1487/1591/473 1501/1606/479 1502/1607/479 1488/1592/473
f 1488/1592/473 1502/1607/479 1503/1608/479 1489/1593/473
f 1489/1593/473 1503/1608/479 1504/1609/479 1490/1594/473
f 1490/1594/473 1504/1609/479 1505/1610/480 1491/1595/474
f 1491/1596/474 1505/1611/480 1506/1612/481 1492/1597/475
f 1492/1597/475 1506/1612/481 1507/1613/482 1493/1598/476
f 1493/1598/476 1507/1613/482 1508/1614/25 1494/1599/25
f 1494/1599/25 1508/1614/25 1509/1615/25 1495/1600/25
f 1495/1600/25 1509/1615/25 1510/1616/25 1496/1601/25
f 1497/1602/2 1511/1617/2 1512/1618/2 1498/1603/2
f 1498/1603/2 1512/1618/2 1513/1619/483 1499/1604/477
f 1499/1604/477 1513/1619/483 1514/1620/484 1500/1605/478
f 1500/1605/478 1514/1620/484 1515/1621/485 1501/1606/479
f 1501/1606/479 1515/1621/485 1516/1622/485 1502/1607/479
f 1502/1607/479 1516/1622/485 1517/1623/485 1503/1608/479
f 1503/1608/479 1517/1623/485 1518/1624/485 1504/1609/479
f 1504/1609/479 1518/1624/485 1519/1625/486 1505/1610/480
f 1505/1611/480 1519/1626/486 1520/1627/487 1506/1612/481
f 1506/1612/481 1520/1627/487 1521/1628/488 1507/1613/482
f 1507/1613/482 1521/1628/488 1522/1629/25 1508/1614/25
f 1508/1614/25 1522/1629/25 1523/1630/25 1509/1615/25
f 1509/1615/25 1523/1630/25 1524/1631/25 1510/1616/25
f 1511/1617/2 1525/1632/2 1526/1633/2 1512/1618/2
f 1512/1618/2 1526/1633/2 1527/1634/489 1513/1619/483
f 1513/1619/483 1527/1634/489 1528/1635/490 1514/1620/484
f 1514/1620/484 1528/1635/490 1529/1636/491 1515/1621/485
f 1515/1621/485 1529/1636/491 1530/1637/491 1516/1622/485
f 1516/1622/485 1530/1637/491 1531/1638/491 1517/1623/485
f 1517/1623/485 1531/1638/491 1532/1639/491 1518/1624/485
f 1518/1624/485 1532/1639/491 1533/1640/492 1519/1625/486
f 1519/1626/486 1533/1641/492 1534/1642/493 1520/1627/487
f 1520/1627/487 1534/1642/493 1535/1643/494 1521/1628/488
f 1521/1628/488 1535/1643/494 1536/1644/25 1522/1629/25
f 1522/1629/25 1536/1644/25 1537/1645/25 1523/1630/25
f 1523/1630/25 1537/1645/25 1538/1646/25 1524/1631/25
f 1525/1632/2 1539/1647/2 1540/1648/2 1526/1633/2
f 1526/1633/2 1540/1648/2 1541/1649/495 1527/1634/489
f 1527/1634/489 1541/1649/495 1542/1650/496 1528/1635/490
f 1528/1635/490 1542/1650/496 1543/1651/497 1529/1636/491
f 1529/1636/491 1543/1651/497 1544/1652/497 1530/1637/491
f 1530/1637/491 1544/1652/497 1545/1653/497 1531/1638/491
f 1531/1638/491 1545/1653/497 1546/1654/497 1532/1639/491
f 1532/1639/491 1546/1654/497 1547/1655/498 1533/1640/492
f 1533/1641/492 1547/1656/498 1548/1657/499 1534/1642/493
f 1534/1642/493 1548/1657/499 1549/1658/500 1535/1643/494
f 1535/1643/494 1549/1658/500 1550/1659/25 1536/1644/25
f 1536/1644/25 1550/1659/25 1551/1660/25 1537/1645/25
f 1537/1645/25 1551/1660/25 1552/1661/25 1538/1646/25
f 1539/1647/2 1343/1437/2 1344/1438/2 1540/1648/2
f 1540/1648/2 1344/1438/2 1345/1439/396 1541/1649/495
f 1541/1649/495 1345/1439/396 1346/1440/397 1542/1650/496
f 1542/1650/496 1346/1440/397 1347/1441/398 1543/1651/497
f 1543/1651/497 1347/1441/398 1348/1442/398 1544/1652/497
f 1544/1652/497 1348/1442/398 1349/1443/398 1545/1653/497
f 1545/1653/497 1349/1443/398 1350/1444/398 1546/1654/497
f 1546/1654/497 1350/1444/398 1351/1445/399 1547/1655/498
f 1547/1656/498 1351/1446/399 1352/1447/400 1548/1657/499
f 1548/1657/499 1352/1447/400 1353/1448/401 1549/1658/500
f 1549/1658/500 1353/1448/401 1354/1449/25 1550/1659/25
f 1550/1659/25 1354/1449/25 1355/1450/25 1551/1660/25
f 1551/1660/25 1355/1450/25 1356/1451/25 1552/1661/25
f 1015/1093/25 728/790/25 1288/1382/25 1553/1662/25
f 1553/1662/25 1288/1382/25 1290/1384/25 1554/1663/25
f 1554/1663/25 1290/1384/25 1292/1386/25 1555/1664/25
f 1555/1664/25 1292/1386/25 1294/1388/25 1556/1665/25
f 1556/1665/25 1294/1388/25 1296/1390/25 1557/1666/25
f 1557/1666/25 1296/1390/25 1298/1392/25 1558/1667/25
f 1558/1667/25 1298/1392/25 1300/1394/25 1559/1668/25
f 1023/1101/25 1015/1093/25 1553/1662/25 1560/1669/25
f 1560/1669/25 1553/1662/25 1554/1663/25 1561/1670/25
f 1561/1670/25 1554/1663/25 1555/1664/25 1562/1671/25
f 1562/1671/25 1555/1664/25 1556/1665/25 1563/1672/25
f 1563/1672/25 1556/1665/25 1557/1666/25 1564/1673/25
f 1564/1673/25 1557/1666/25 1558/1667/25 1565/1674/25
f 1565/1674/25 1558/1667/25 1559/1668/25 1566/1675/25
f 1031/1109/25 1023/1101/25 1560/1669/25 1567/1676/25
f 1567/1676/25 1560/1669/25 1561/1670/25 1568/1677/25
f 1568/1677/25 1561/1670/25 1562/1671/25 1569/1678/25
f 1569/1678/25 1562/1671/25 1563/1672/25 1570/1679/25
f 1570/1679/25 1563/1672/25 1564/1673/25 1571/1680/25
f 1571/1680/25 1564/1673/25 1565/1674/25 1572/1681/25
f 1572/1681/25 1565/1674/25 1566/1675/25 1573/1682/25
f 818/882/25 1031/1109/25 1567/1676/25 1356/1451/25
f 1356/1451/25 1567/1676/25 1568/1677/25 1552/1661/25
f 1552/1661/25 1568/1677/25 1569/1678/25 1538/1646/25
f 1538/1646/25 1569/1678/25 1570/1679/25 1524/1631/25
f 1524/1631/25 1570/1679/25 1571/1680/25 1510/1616/25
f 1510/1616/25 1571/1680/25 1572/1681/25 1496/1601/25
f 1496/1601/25 1572/1681/25 1573/1682/25 1482/1586/25
f 1300/1394/25 1103/1184/25 1370/1466/25 1559/1668/25
f 1559/1668/25 1370/1466/25 1384/1481/25 1566/1675/25
f 1566/1675/25 1384/1481/25 1398/1496/25 1573/1682/25
f 1573/1682/25 1454/1556/25 1468/1571/25 1482/1586/25
f 1039/1117/2 1574/1683/2 1315/1409/2 762/824/2
f 1574/1683/2 1575/1684/2 1317/1411/2 1315/1409/2
f 1575/1684/2 1576/1685/2 1319/1413/2 1317/1411/2
f 1576/1685/2 1577/1686/2 1321/1415/2 1319/1413/2
f 1577/1686/2 1578/1687/2 1323/1417/2 1321/1415/2
f 1578/1687/2 1579/1688/2 1325/1419/2 1323/1417/2
f 1579/1688/2 1580/1689/2 1327/1421/2 1325/1419/2
f 1047/1125/2 1581/1690/2 1574/1683/2 1039/1117/2
f 1581/1690/2 1582/1691/2 1575/1684/2 1574/1683/2
f 1582/1691/2 1583/1692/2 1576/1685/2 1575/1684/2
f 1583/1692/2 1584/1693/2 1577/1686/2 1576/1685/2
f 1584/1693/2 1585/1694/2 1578/1687/2 1577/1686/2
f 1585/1694/2 1586/1695/2 1579/1688/2 1578/1687/2
f 1586/1695/2 1587/1696/2 1580/1689/2 1579/1688/2
f 1055/1133/2 1588/1697/2 1581/1690/2 1047/1125/2
f 1588/1697/2 1589/1698/2 1582/1691/2 1581/1690/2
f 1589/1698/2 1590/1699/2 1583/1692/2 1582/1691/2
f 1590/1699/2 1591/1700/2 1584/1693/2 1583/1692/2
f 1591/1700/2 1592/1701/2 1585/1694/2 1584/1693/2
f 1592/1701/2 1593/1702/2 1586/1695/2 1585/1694/2
f 1593/1702/2 1594/1703/2 1587/1696/2 1586/1695/2
f 794/856/2 1343/1437/2 1588/1697/2 1055/1133/2
f 1343/1437/2 1539/1647/2 1589/1698/2 1588/1697/2
f 1539/1647/2 1525/1632/2 1590/1699/2 1589/1698/2
f 1525/1632/2 1511/1617/2 1591/1700/2 1590/1699/2
f 1511/1617/2 1497/1602/2 1592/1701/2 1591/1700/2
f 1497/1602/2 1483/1587/2 1593/1702/2 1592/1701/2
f 1483/1587/2 1469/1572/2 1594/1703/2 1593/1702/2
f 1327/1421/2 1580/1689/2 1357/1452/2 1077/1156/2
f 1580/1689/2 1587/1696/2 1371/1467/2 1357/1452/2
f 1587/1696/2 1594/1703/2 1385/1482/2 1371/1467/2
f 1594/1703/2 1441/1542/2 1427/1527/2 1413/1512/2
f 1594/1703/2 1413/1512/2 1399/1497/2 1385/1482/2
f 1573/1682/25 1426/1526/25 1440/1541/25 1454/1556/25
f 1594/1703/2 1469/1572/2 1455/1557/2 1441/1542/2
f 1573/1682/25 1398/1496/25 1412/1511/25 1426/1526/25
f 257/280/33 335/358/33 334/357/33 258/281/33
f 334/357/33 346/369/33 265/288/33 258/281/33
f 1/1/1 83/83/1 6/6/1 2/2/1
f 2/2/1 11/11/1 91/91/1 3/3/1
f 1595/1704/1 1596/1705/1 1597/1706/1 1598/1707/1
f 1598/1707/1 1597/1706/1 1599/1708/501 1600/1709/502
f 1600/1710/502 1599/1711/501 1601/1712/503 1602/1713/504
f 1602/1713/504 1601/1712/503 1603/1714/505 1604/1715/506
f 1604/1715/506 1603/1714/505 1605/1716/507 1606/1717/508
f 1606/1717/508 1605/1716/507 1607/1718/509 1608/1719/510
f 1608/1719/510 1607/1718/509 1609/1720/511 1610/1721/512
f 1610/1721/512 1609/1720/511 1611/1722/513 1612/1723/514
f 1612/1724/514 1611/1725/513 1613/1726/33 1614/1727/33
f 1614/1727/33 1613/1726/33 1615/1728/33 1616/1729/33
f 1596/1705/1 1617/1730/1 1618/1731/1 1597/1706/1
f 1597/1706/1 1618/1731/1 1619/1732/515 1599/1708/501
f 1599/1711/501 1619/1733/515 1620/1734/516 1601/1712/503
f 1601/1712/503 1620/1734/516 1621/1735/517 1603/1714/505
f 1603/1714/505 1621/1735/517 1622/1736/518 1605/1716/507
f 1605/1716/507 1622/1736/518 1623/1737/519 1607/1718/509
f 1607/1718/509 1623/1737/519 1624/1738/520 1609/1720/511
f 1609/1720/511 1624/1738/520 1625/1739/521 1611/1722/513
f 1611/1725/513 1625/1740/521 1626/1741/33 1613/1726/33
f 1613/1726/33 1626/1741/33 1627/1742/33 1615/1728/33
f 1617/1730/1 1628/1743/1 1629/1744/1 1618/1731/1
f 1618/1731/1 1629/1744/1 1630/1745/522 1619/1732/515
f 1619/1746/515 1630/1747/522 1631/1748/523 1620/1749/516
f 1620/1749/516 1631/1748/523 1632/1750/524 1621/1751/517
f 1621/1751/517 1632/1750/524 1633/1752/525 1622/1753/518
f 1622/1753/518 1633/1752/525 1634/1754/526 1623/1755/519
f 1623/1755/519 1634/1754/526 1635/1756/527 1624/1757/520
f 1624/1757/520 1635/1756/527 1636/1758/528 1625/1759/521
f 1625/1740/521 1636/1760/528 1637/1761/33 1626/1741/33
f 1626/1741/33 1637/1761/33 1638/1762/33 1627/1742/33
f 1628/1743/1 1639/1763/1 1640/1764/1 1629/1744/1
f 1629/1744/1 1640/1764/1 1641/1765/529 1630/1745/522
f 1630/1747/522 1641/1766/529 1642/1767/530 1631/1748/523
f 1631/1748/523 1642/1767/530 1643/1768/531 1632/1750/524
f 1632/1750/524 1643/1768/531 1644/1769/532 1633/1752/525
f 1633/1752/525 1644/1769/532 1645/1770/533 1634/1754/526
f 1634/1754/526 1645/1770/533 1646/1771/534 1635/1756/527
f 1635/1756/527 1646/1771/534 1647/1772/535 1636/1758/528
f 1636/1760/528 1647/1773/535 1648/1774/33 1637/1761/33
f 1637/1761/33 1648/1774/33 1649/1775/33 1638/1762/33
f 1639/1763/1 1650/1776/1 1651/1777/1 1640/1764/1
f 1640/1764/1 1651/1777/1 1652/1778/536 1641/1765/529
f 1641/1766/529 1652/1779/536 1653/1780/537 1642/1767/530
f 1642/1767/530 1653/1780/537 1654/1781/538 1643/1768/531
f 1643/1768/531 1654/1781/538 1655/1782/539 1644/1769/532
f 1644/1769/532 1655/1782/539 1656/1783/540 1645/1770/533
f 1645/1770/533 1656/1783/540 1657/1784/541 1646/1771/534
f 1646/1771/534 1657/1784/541 1658/1785/542 1647/1772/535
f 1647/1773/535 1658/1786/542 1659/1787/33 1648/1774/33
f 1648/1774/33 1659/1787/33 1660/1788/33 1649/1775/33
f 1651/1777/1 1650/1776/1 1661/1789/1 1662/1790/1
f 1652/1778/536 1651/1777/1 1662/1790/1 1663/1791/543
f 1653/1780/537 1652/1779/536 1663/1792/543 1664/1793/544
f 1654/1781/538 1653/1780/537 1664/1793/544 1665/1794/545
f 1655/1782/539 1654/1781/538 1665/1794/545 1666/1795/25
f 1656/1783/540 1655/1782/539 1666/1795/25 1667/1796/546
f 1657/1784/541 1656/1783/540 1667/1796/546 1668/1797/547
f 1658/1785/542 1657/1784/541 1668/1797/547 1669/1798/548
f 1659/1787/33 1658/1786/542 1669/1799/548 1670/1800/33
f 1660/1788/33 1659/1787/33 1670/1800/33 1671/1801/33
f 1662/1790/1 1661/1789/1 1672/1802/1 1673/1803/1
f 1663/1791/543 1662/1790/1 1673/1803/1 1674/1804/543
f 1664/1793/544 1663/1792/543 1674/1805/543 1675/1806/544
f 1665/1794/545 1664/1793/544 1675/1806/544 1676/1807/545
f 1666/1795/25 1665/1794/545 1676/1807/545 1677/1808/25
f 1667/1796/546 1666/1795/25 1677/1808/25 1678/1809/546
f 1668/1797/547 1667/1796/546 1678/1809/546 1679/1810/547
f 1669/1798/548 1668/1797/547 1679/1810/547 1680/1811/548
f 1670/1800/33 1669/1799/548 1680/1812/548 1681/1813/33
f 1671/1801/33 1670/1800/33 1681/1813/33 1682/1814/33
f 1683/1815/1 1595/1704/1 1598/1707/1 1684/1816/1
f 1684/1816/1 1598/1707/1 1600/1709/502 1685/1817/549
f 1685/1818/549 1600/1710/502 1602/1713/504 1686/1819/550
f 1686/1819/550 1602/1713/504 1604/1715/506 1687/1820/551
f 1687/1820/551 1604/1715/506 1606/1717/508 1688/1821/552
f 1688/1821/552 1606/1717/508 1608/1719/510 1689/1822/553
f 1689/1822/553 1608/1719/510 1610/1721/512 1690/1823/554
f 1690/1823/554 1610/1721/512 1612/1723/514 1691/1824/555
f 1691/1825/555 1612/1724/514 1614/1727/33 1692/1826/33
f 1692/1826/33 1614/1727/33 1616/1729/33 1693/1827/33
f 1683/1815/1 1684/1816/1 1694/1828/1 1695/1829/1
f 1684/1816/1 1685/1817/549 1696/1830/556 1694/1828/1
f 1685/1818/549 1686/1819/550 1697/1831/557 1696/1832/556
f 1686/1819/550 1687/1820/551 1698/1833/558 1697/1831/557
f 1687/1820/551 1688/1821/552 1699/1834/559 1698/1833/558
f 1688/1821/552 1689/1822/553 1700/1835/560 1699/1834/559
f 1689/1822/553 1690/1823/554 1701/1836/561 1700/1835/560
f 1690/1823/554 1691/1824/555 1702/1837/562 1701/1836/561
f 1691/1825/555 1692/1826/33 1703/1838/33 1702/1839/562
f 1692/1826/33 1693/1827/33 1704/1840/33 1703/1838/33
f 1705/1841/1 1706/1842/1 1707/1843/1 1708/1844/1
f 1706/1842/1 1709/1845/563 1710/1846/564 1707/1843/1
f 1709/1847/563 1711/1848/565 1712/1849/566 1710/1850/564
f 1711/1848/565 1713/1851/567 1714/1852/568 1712/1849/566
f 1713/1851/567 1715/1853/569 1716/1854/570 1714/1852/568
f 1715/1853/569 1717/1855/571 1718/1856/572 1716/1854/570
f 1717/1855/571 1719/1857/573 1720/1858/574 1718/1856/572
f 1719/1857/573 1721/1859/575 1722/1860/576 1720/1858/574
f 1721/1861/575 1723/1862/33 1724/1863/33 1722/1864/576
f 1723/1862/33 1725/1865/33 1726/1866/33 1724/1863/33
f 1708/1844/1 1707/1843/1 1727/1867/1 1728/1868/1
f 1707/1843/1 1710/1846/564 1729/1869/577 1727/1867/1
f 1710/1850/564 1712/1849/566 1730/1870/578 1729/1871/577
f 1712/1849/566 1714/1852/568 1731/1872/579 1730/1870/578
f 1714/1852/568 1716/1854/570 1732/1873/2 1731/1872/579
f 1716/1854/570 1718/1856/572 1733/1874/580 1732/1873/2
f 1718/1856/572 1720/1858/574 1734/1875/581 1733/1874/580
f 1720/1858/574 1722/1860/576 1735/1876/582 1734/1875/581
f 1722/1864/576 1724/1863/33 1736/1877/33 1735/1878/582
f 1724/1863/33 1726/1866/33 1737/1879/33 1736/1877/33
f 1738/1880/1 1739/1881/1 1740/1882/1 1741/1883/1
f 1741/1883/1 1740/1882/1 1742/1884/583 1743/1885/584
f 1743/1886/584 1742/1887/583 1744/1888/585 1745/1889/586
f 1745/1889/586 1744/1888/585 1746/1890/587 1747/1891/588
f 1747/1891/588 1746/1890/587 1748/1892/589 1749/1893/590
f 1749/1893/590 1748/1892/589 1750/1894/591 1751/1895/592
f 1751/1895/592 1750/1894/591 1752/1896/593 1753/1897/594
f 1753/1897/594 1752/1896/593 1754/1898/595 1755/1899/596
f 1755/1900/596 1754/1901/595 1756/1902/33 1757/1903/33
f 1757/1903/33 1756/1902/33 1758/1904/33 1759/1905/33
f 1738/1880/1 1741/1883/1 1706/1842/1 1705/1841/1
f 1741/1883/1 1743/1885/584 1709/1845/563 1706/1842/1
f 1743/1886/584 1745/1889/586 1711/1906/565 1709/1907/563
f 1745/1889/586 1747/1891/588 1713/1908/567 1711/1906/565
f 1747/1891/588 1749/1893/590 1715/1909/569 1713/1908/567
f 1749/1893/590 1751/1895/592 1717/1910/571 1715/1909/569
f 1751/1895/592 1753/1897/594 1719/1911/573 1717/1910/571
f 1753/1897/594 1755/1899/596 1721/1912/575 1719/1911/573
f 1755/1900/596 1757/1903/33 1723/1862/33 1721/1861/575
f 1757/1903/33 1759/1905/33 1725/1865/33 1723/1862/33
f 1727/1867/1 1760/1913/1 1761/1914/1 1728/1868/1
f 1729/1869/577 1762/1915/577 1760/1913/1 1727/1867/1
f 1730/1870/578 1763/1916/578 1762/1917/577 1729/1871/577
f 1731/1872/579 1764/1918/579 1763/1916/578 1730/1870/578
f 1732/1873/2 1765/1919/2 1764/1918/579 1731/1872/579
f 1733/1874/580 1766/1920/580 1765/1919/2 1732/1873/2
f 1734/1875/581 1767/1921/581 1766/1920/580 1733/1874/580
f 1735/1876/582 1768/1922/582 1767/1921/581 1734/1875/581
f 1736/1877/33 1769/1923/33 1768/1924/582 1735/1878/582
f 1737/1879/33 1770/1925/33 1769/1923/33 1736/1877/33
f 1740/1882/1 1739/1881/1 1771/1926/1 1772/1927/1
f 1742/1884/583 1740/1882/1 1772/1927/1 1773/1928/597
f 1744/1888/585 1742/1887/583 1773/1929/597 1774/1930/598
f 1746/1890/587 1744/1888/585 1774/1930/598 1775/1931/599
f 1748/1892/589 1746/1890/587 1775/1931/599 1776/1932/559
f 1750/1894/591 1748/1892/589 1776/1932/559 1777/1933/600
f 1752/1896/593 1750/1894/591 1777/1933/600 1778/1934/601
f 1754/1898/595 1752/1896/593 1778/1934/601 1779/1935/602
f 1756/1902/33 1754/1901/595 1779/1936/602 1780/1937/33
f 1758/1904/33 1756/1902/33 1780/1937/33 1781/1938/33
f 1771/1926/1 1782/1939/1 1783/1940/1 1772/1927/1
f 1772/1927/1 1783/1940/1 1784/1941/603 1773/1928/597
f 1773/1929/597 1784/1942/603 1785/1943/604 1774/1930/598
f 1774/1930/598 1785/1943/604 1786/1944/605 1775/1931/599
f 1775/1931/599 1786/1944/605 1787/1945/559 1776/1932/559
f 1776/1932/559 1787/1945/559 1788/1946/606 1777/1933/600
f 1777/1933/600 1788/1946/606 1789/1947/607 1778/1934/601
f 1778/1934/601 1789/1947/607 1790/1948/608 1779/1935/602
f 1779/1936/602 1790/1949/608 1791/1950/33 1780/1937/33
f 1780/1937/33 1791/1950/33 1792/1951/33 1781/1938/33
f 1793/1952/1 1794/1953/1 1795/1954/1 1796/1955/1
f 1797/1956/609 1793/1952/1 1796/1955/1 1798/1957/610
f 1799/1958/611 1797/1959/609 1798/1960/610 1800/1961/612
f 1801/1962/613 1799/1958/611 1800/1961/612 1802/1963/614
f 1803/1964/559 1801/1962/613 1802/1963/614 1804/1965/559
f 1805/1966/615 1803/1964/559 1804/1965/559 1806/1967/616
f 1807/1968/617 1805/1966/615 1806/1967/616 1808/1969/618
f 1809/1970/619 1807/1968/617 1808/1969/618 1810/1971/620
f 1811/1972/33 1809/1973/619 1810/1974/620 1812/1975/33
f 1813/1976/33 1811/1972/33 1812/1975/33 1814/1977/33
f 1761/1914/1 1760/1913/1 1815/1978/1 1816/1979/1
f 1760/1913/1 1762/1915/577 1817/1980/577 1815/1978/1
f 1762/1917/577 1763/1916/578 1818/1981/578 1817/1982/577
f 1763/1916/578 1764/1918/579 1819/1983/579 1818/1981/578
f 1764/1918/579 1765/1919/2 1820/1984/2 1819/1983/579
f 1765/1919/2 1766/1920/580 1821/1985/580 1820/1984/2
f 1766/1920/580 1767/1921/581 1822/1986/581 1821/1985/580
f 1767/1921/581 1768/1922/582 1823/1987/582 1822/1986/581
f 1768/1924/582 1769/1923/33 1824/1988/33 1823/1989/582
f 1769/1923/33 1770/1925/33 1825/1990/33 1824/1988/33
f 1673/1803/1 1672/1802/1 1826/1991/1 1827/1992/1
f 1674/1804/543 1673/1803/1 1827/1992/1 1828/1993/543
f 1675/1806/544 1674/1805/543 1828/1994/543 1829/1995/544
f 1676/1807/545 1675/1806/544 1829/1995/544 1830/1996/545
f 1677/1808/25 1676/1807/545 1830/1996/545 1831/1997/25
f 1678/1809/546 1677/1808/25 1831/1997/25 1832/1998/546
f 1679/1810/547 1678/1809/546 1832/1998/546 1833/1999/547
f 1680/1811/548 1679/1810/547 1833/1999/547 1834/2000/548
f 1681/1813/33 1680/1812/548 1834/2001/548 1835/2002/33
f 1682/1814/33 1681/1813/33 1835/2002/33 1836/2003/33
f 1693/1827/33 1616/1729/33 1837/2004/33 1838/2005/33
f 1616/1729/33 1615/1728/33 1839/2006/33 1837/2004/33
f 1615/1728/33 1627/1742/33 1840/2007/33 1839/2006/33
f 1627/1742/33 1638/1762/33 1841/2008/33 1840/2007/33
f 1638/1762/33 1649/1775/33 1842/2009/33 1841/2008/33
f 1649/1775/33 1660/1788/33 1671/1801/33 1842/2009/33
f 1704/1840/33 1693/1827/33 1838/2005/33 1843/2010/33
f 1759/1905/33 1758/1904/33 1844/2011/33 1725/1865/33
f 1758/1904/33 1781/1938/33 1845/2012/33 1844/2011/33
f 1781/1938/33 1792/1951/33 1846/2013/33 1845/2012/33
f 1847/2014/33 1813/1976/33 1814/1977/33 1848/2015/33
f 1838/2005/33 1837/2004/33 1849/2016/33 1850/2017/33
f 1837/2004/33 1839/2006/33 1851/2018/33 1849/2016/33
f 1839/2006/33 1840/2007/33 1852/2019/33 1851/2018/33
f 1840/2007/33 1841/2008/33 1853/2020/33 1852/2019/33
f 1841/2008/33 1842/2009/33 1854/2021/33 1853/2020/33
f 1842/2009/33 1671/1801/33 1682/1814/33 1854/2021/33
f 1843/2010/33 1838/2005/33 1850/2017/33 1855/2022/33
f 1844/2011/33 1856/2023/33 1770/1925/33 1737/1879/33
f 1844/2011/33 1845/2012/33 1857/2024/33 1856/2023/33
f 1845/2012/33 1846/2013/33 1858/2025/33 1857/2024/33
f 1859/2026/33 1847/2014/33 1848/2015/33 1860/2027/33
f 1826/1991/1 1861/2028/1 1862/2029/1 1827/1992/1
f 1827/1992/1 1862/2029/1 1863/2030/543 1828/1993/543
f 1828/1994/543 1863/2031/543 1864/2032/544 1829/1995/544
f 1829/1995/544 1864/2032/544 1865/2033/545 1830/1996/545
f 1830/1996/545 1865/2033/545 1866/2034/25 1831/1997/25
f 1831/1997/25 1866/2034/25 1867/2035/546 1832/1998/546
f 1832/1998/546 1867/2035/546 1868/2036/547 1833/1999/547
f 1833/1999/547 1868/2036/547 1869/2037/548 1834/2000/548
f 1834/2001/548 1869/2038/548 1870/2039/33 1835/2002/33
f 1835/2002/33 1870/2039/33 1871/2040/33 1836/2003/33
f 1850/2017/33 1849/2016/33 1872/2041/33 1873/2042/33
f 1849/2016/33 1851/2018/33 1874/2043/33 1872/2041/33
f 1851/2018/33 1852/2019/33 1875/2044/33 1874/2043/33
f 1852/2019/33 1853/2020/33 1876/2045/33 1875/2044/33
f 1853/2020/33 1854/2021/33 1877/2046/33 1876/2045/33
f 1854/2021/33 1682/1814/33 1836/2003/33 1877/2046/33
f 1855/2022/33 1850/2017/33 1873/2042/33 1878/2047/33
f 1856/2023/33 1879/2048/33 1825/1990/33 1770/1925/33
f 1856/2023/33 1857/2024/33 1880/2049/33 1879/2048/33
f 1857/2024/33 1858/2025/33 1881/2050/33 1880/2049/33
f 1882/2051/33 1859/2026/33 1860/2027/33 1883/2052/33
f 1844/2011/33 1737/1879/33 1726/1866/33 1725/1865/33
f 1683/1815/1 1884/2053/1 1885/2054/1 1595/1704/1
f 1595/1704/1 1885/2054/1 1886/2055/1 1596/1705/1
f 1596/1705/1 1886/2055/1 1887/2056/1 1617/1730/1
f 1617/1730/1 1887/2056/1 1888/2057/1 1628/1743/1
f 1628/1743/1 1888/2057/1 1889/2058/1 1639/1763/1
f 1639/1763/1 1889/2058/1 1661/1789/1 1650/1776/1
f 1695/1829/1 1890/2059/1 1884/2053/1 1683/1815/1
f 1738/1880/1 1705/1841/1 1891/2060/1 1739/1881/1
f 1739/1881/1 1891/2060/1 1892/2061/1 1771/1926/1
f 1771/1926/1 1892/2061/1 1893/2062/1 1782/1939/1
f 1794/1953/1 1894/2063/1 1895/2064/1 1795/1954/1
f 1884/2053/1 1896/2065/1 1897/2066/1 1885/2054/1
f 1885/2054/1 1897/2066/1 1898/2067/1 1886/2055/1
f 1886/2055/1 1898/2067/1 1899/2068/1 1887/2056/1
f 1887/2056/1 1899/2068/1 1900/2069/1 1888/2057/1
f 1888/2057/1 1900/2069/1 1901/2070/1 1889/2058/1
f 1889/2058/1 1901/2070/1 1672/1802/1 1661/1789/1
f 1890/2059/1 1902/2071/1 1896/2065/1 1884/2053/1
f 1891/2060/1 1728/1868/1 1761/1914/1 1903/2072/1
f 1891/2060/1 1903/2072/1 1904/2073/1 1892/2061/1
f 1892/2061/1 1904/2073/1 1905/2074/1 1893/2062/1
f 1894/2063/1 1906/2075/1 1907/2076/1 1895/2064/1
f 1896/2065/1 1908/2077/1 1909/2078/1 1897/2066/1
f 1897/2066/1 1909/2078/1 1910/2079/1 1898/2067/1
f 1898/2067/1 1910/2079/1 1911/2080/1 1899/2068/1
f 1899/2068/1 1911/2080/1 1912/2081/1 1900/2069/1
f 1900/2069/1 1912/2081/1 1913/2082/1 1901/2070/1
f 1901/2070/1 1913/2082/1 1826/1991/1 1672/1802/1
f 1902/2071/1 1914/2083/1 1908/2077/1 1896/2065/1
f 1903/2072/1 1761/1914/1 1816/1979/1 1915/2084/1
f 1903/2072/1 1915/2084/1 1916/2085/1 1904/2073/1
f 1904/2073/1 1916/2085/1 1917/2086/1 1905/2074/1
f 1906/2075/1 1918/2051/1 1919/2087/1 1907/2076/1
f 1891/2060/1 1705/1841/1 1708/1844/1 1728/1868/1
f 1816/1979/1 1815/1978/1 1920/2088/1 1921/2089/1
f 1815/1978/1 1817/1980/577 1922/2090/577 1920/2088/1
f 1817/1982/577 1818/1981/578 1923/2091/578 1922/2092/577
f 1818/1981/578 1819/1983/579 1924/2093/579 1923/2091/578
f 1819/1983/579 1820/1984/2 1925/2094/2 1924/2093/579
f 1820/1984/2 1821/1985/580 1926/2095/580 1925/2094/2
f 1821/1985/580 1822/1986/581 1927/2096/581 1926/2095/580
f 1822/1986/581 1823/1987/582 1928/2097/582 1927/2096/581
f 1823/1989/582 1824/1988/33 1929/2098/33 1928/2099/582
f 1824/1988/33 1825/1990/33 1930/2100/33 1929/2098/33
f 1873/2042/33 1872/2041/33 1931/2101/33 1932/2102/33
f 1872/2041/33 1874/2043/33 1933/2103/33 1931/2101/33
f 1874/2043/33 1875/2044/33 1934/2104/33 1933/2103/33
f 1875/2044/33 1876/2045/33 1935/2105/33 1934/2104/33
f 1876/2045/33 1877/2046/33 1936/2106/33 1935/2105/33
f 1878/2047/33 1873/2042/33 1932/2102/33 1937/2107/33
f 1825/1990/33 1879/2048/33 1938/2108/33 1930/2100/33
f 1879/2048/33 1880/2049/33 1939/2109/33 1938/2108/33
f 1880/2049/33 1881/2050/33 1940/2110/33 1939/2109/33
f 1909/2078/1 1908/2077/1 1941/2111/1 1942/2112/1
f 1910/2079/1 1909/2078/1 1942/2112/1 1943/2113/1
f 1911/2080/1 1910/2079/1 1943/2113/1 1944/2114/1
f 1912/2081/1 1911/2080/1 1944/2114/1 1945/2115/1
f 1913/2082/1 1912/2081/1 1945/2115/1 1946/2116/1
f 1908/2077/1 1914/2083/1 1947/2117/1 1941/2111/1
f 1915/2084/1 1816/1979/1 1921/2089/1 1948/2118/1
f 1916/2085/1 1915/2084/1 1948/2118/1 1949/2119/1
f 1917/2086/1 1916/2085/1 1949/2119/1 1950/2120/1
f 1877/2046/33 1836/2003/33 1871/2040/33 1936/2106/33
f 1826/1991/1 1913/2082/1 1946/2116/1 1861/2028/1
f 1951/2121/33 1882/2051/33 1883/2052/33 1952/2122/33
f 1953/2122/1 1919/2087/1 1918/2051/1 1954/2123/1
f 1955/2124/621 1956/2125/621 1957/2126/25 1958/2127/25
f 1959/2128/622 1960/2129/622 1956/2125/621 1955/2124/621
f 1961/2130/8 1962/2131/8 1960/2129/622 1959/2128/622
f 1963/2132/8 1964/2133/8 1962/2131/8 1961/2130/8
f 1965/2134/8 1966/2135/8 1964/2133/8 1963/2132/8
f 1967/2136/8 1968/2137/8 1966/2135/8 1965/2134/8
f 1969/2138/8 1970/2139/8 1968/2137/8 1967/2136/8
f 1971/2140/8 1972/2141/8 1970/2139/8 1969/2138/8
f 1973/2142/8 1974/2143/8 1972/2141/8 1971/2140/8
f 1975/2144/8 1976/2145/8 1974/2143/8 1973/2142/8
f 1977/2146/8 1978/2147/8 1976/2145/8 1975/2144/8
f 1979/2148/8 1980/2149/8 1978/2147/8 1977/2146/8
f 1980/2149/8 1981/2150/8 1982/2151/8 1978/2147/8
f 1957/2126/25 1956/2125/621 1983/2152/621 1984/2153/25
f 1956/2125/621 1960/2129/622 1985/2154/622 1983/2152/621
f 1960/2129/622 1962/2131/8 1986/2155/8 1985/2154/622
f 1962/2131/8 1964/2133/8 1987/2156/8 1986/2155/8
f 1964/2133/8 1966/2135/8 1988/2157/8 1987/2156/8
f 1966/2135/8 1968/2137/8 1989/2158/8 1988/2157/8
f 1968/2137/8 1970/2139/8 1990/2159/8 1989/2158/8
f 1970/2139/8 1972/2141/8 1991/2160/8 1990/2159/8
f 1972/2141/8 1974/2143/8 1992/2161/8 1991/2160/8
f 1974/2143/8 1976/2145/8 1993/2162/8 1992/2161/8
f 1976/2145/8 1978/2147/8 1994/2163/8 1993/2162/8
f 1978/2147/8 1982/2151/8 1995/2164/8 1994/2163/8
f 1993/2162/8 1996/2165/8 1997/2166/8 1992/2161/8
f 1994/2163/8 1998/2167/8 1996/2165/8 1993/2162/8
f 1995/2164/8 1999/2168/8 1998/2167/8 1994/2163/8
f 1982/2151/8 2000/2169/8 1999/2168/8 1995/2164/8
f 1981/2150/8 2001/2170/8 2000/2169/8 1982/2151/8
f 1980/2149/8 2002/2171/8 2001/2170/8 1981/2150/8
f 1979/2148/8 2003/2172/8 2002/2171/8 1980/2149/8
f 1977/2146/8 2004/2173/8 2003/2172/8 1979/2148/8
f 1975/2144/8 2005/2174/8 2004/2173/8 1977/2146/8
f 1973/2142/8 2006/2175/8 2005/2174/8 1975/2144/8
f 1971/2140/8 2007/2176/8 2006/2175/8 1973/2142/8
f 1969/2138/8 2008/2177/8 2007/2176/8 1971/2140/8
f 1967/2136/8 2009/2178/8 2008/2177/8 1969/2138/8
f 1965/2134/8 2010/2179/8 2009/2178/8 1967/2136/8
f 1963/2132/8 2011/2180/8 2010/2179/8 1965/2134/8
f 1961/2130/8 2012/2181/8 2011/2180/8 1963/2132/8
f 1959/2128/622 2013/2182/622 2012/2181/8 1961/2130/8
f 1955/2124/621 2014/2183/621 2013/2182/622 1959/2128/622
f 1958/2127/25 2015/2184/25 2014/2183/621 1955/2124/621
f 1983/2152/621 2016/2185/621 2017/2186/25 1984/2153/25
f 1985/2154/622 2018/2187/623 2016/2185/621 1983/2152/621
f 1986/2155/8 2019/2188/8 2018/2187/623 1985/2154/622
f 1987/2156/8 2020/2189/8 2019/2188/8 1986/2155/8
f 1988/2157/8 2021/2190/8 2020/2189/8 1987/2156/8
f 1989/2158/8 2022/2191/8 2021/2190/8 1988/2157/8
f 1990/2159/8 2023/2192/8 2022/2191/8 1989/2158/8
f 1991/2160/8 2024/2193/8 2023/2192/8 1990/2159/8
f 1992/2161/8 1997/2166/8 2024/2193/8 1991/2160/8
f 1862/2029/1 1861/2028/1 2025/2194/1 2026/2195/1
f 1863/2030/543 1862/2029/1 2026/2195/1 2027/2196/543
f 1864/2032/544 1863/2031/543 2027/2197/543 2028/2198/544
f 1865/2033/545 1864/2032/544 2028/2198/544 2029/2199/545
f 1866/2034/25 1865/2033/545 2029/2199/545 2030/2200/25
f 1867/2035/546 1866/2034/25 2030/2200/25 2031/2201/546
f 1868/2036/547 1867/2035/546 2031/2201/546 2032/2202/547
f 1869/2037/548 1868/2036/547 2032/2202/547 2033/2203/548
f 1870/2039/33 1869/2038/548 2033/2204/548 2034/2205/33
f 1871/2040/33 1870/2039/33 2034/2205/33 2035/2206/33
f 1932/2102/33 1931/2101/33 2036/2207/33 2037/2208/33
f 1931/2101/33 1933/2103/33 2038/2209/33 2036/2207/33
f 1933/2103/33 1934/2104/33 2039/2210/33 2038/2209/33
f 1934/2104/33 1935/2105/33 2040/2211/33 2039/2210/33
f 1935/2105/33 1936/2106/33 2041/2212/33 2040/2211/33
f 1937/2107/33 1932/2102/33 2037/2208/33 2042/2213/33
f 2043/2214/33 1937/2107/33 2042/2213/33 2044/2215/33
f 1942/2112/1 1941/2111/1 2045/2216/1 2046/2217/1
f 1943/2113/1 1942/2112/1 2046/2217/1 2047/2218/1
f 1944/2114/1 1943/2113/1 2047/2218/1 2048/2219/1
f 1945/2115/1 1944/2114/1 2048/2219/1 2049/2220/1
f 1946/2116/1 1945/2115/1 2049/2220/1 2050/2221/1
f 1941/2111/1 1947/2117/1 2051/2213/1 2045/2216/1
f 1947/2117/1 2052/2222/1 2053/2223/1 2051/2213/1
f 1936/2106/33 1871/2040/33 2035/2206/33 2041/2212/33
f 1861/2028/1 1946/2116/1 2050/2221/1 2025/2194/1
f 2054/2224/33 2043/2214/33 2044/2215/33 2055/2225/33
f 2052/2222/1 2056/2224/1 2057/2225/1 2053/2223/1
f 1796/1955/1 1795/1954/1 1695/1829/1 1694/1828/1
f 1794/1953/1 1793/1952/1 1783/1940/1 1782/1939/1
f 1798/1957/610 1796/1955/1 1694/1828/1 1696/1830/556
f 1793/1952/1 1797/1956/609 1784/1941/603 1783/1940/1
f 1800/1961/612 1798/1960/610 1696/1832/556 1697/1831/557
f 1797/1959/609 1799/1958/611 1785/1943/604 1784/1942/603
f 1802/1963/614 1800/1961/612 1697/1831/557 1698/1833/558
f 1799/1958/611 1801/1962/613 1786/1944/605 1785/1943/604
f 1804/1965/559 1802/1963/614 1698/1833/558 1699/1834/559
f 1801/1962/613 1803/1964/559 1787/1945/559 1786/1944/605
f 1806/1967/616 1804/1965/559 1699/1834/559 1700/1835/560
f 1803/1964/559 1805/1966/615 1788/1946/606 1787/1945/559
f 1808/1969/618 1806/1967/616 1700/1835/560 1701/1836/561
f 1805/1966/615 1807/1968/617 1789/1947/607 1788/1946/606
f 1810/1971/620 1808/1969/618 1701/1836/561 1702/1837/562
f 1807/1968/617 1809/1970/619 1790/1948/608 1789/1947/607
f 1812/1975/33 1810/1974/620 1702/1839/562 1703/1838/33
f 1809/1973/619 1811/1972/33 1791/1950/33 1790/1949/608
f 1814/1977/33 1812/1975/33 1703/1838/33 1704/1840/33
f 1811/1972/33 1813/1976/33 1792/1951/33 1791/1950/33
f 1848/2015/33 1814/1977/33 1704/1840/33 1843/2010/33
f 1813/1976/33 1847/2014/33 1846/2013/33 1792/1951/33
f 1860/2027/33 1848/2015/33 1843/2010/33 1855/2022/33
f 1847/2014/33 1859/2026/33 1858/2025/33 1846/2013/33
f 1883/2052/33 1860/2027/33 1855/2022/33 1878/2047/33
f 1859/2026/33 1882/2051/33 1881/2050/33 1858/2025/33
f 1795/1954/1 1895/2064/1 1890/2059/1 1695/1829/1
f 1894/2063/1 1794/1953/1 1782/1939/1 1893/2062/1
f 1895/2064/1 1907/2076/1 1902/2071/1 1890/2059/1
f 1906/2075/1 1894/2063/1 1893/2062/1 1905/2074/1
f 1907/2076/1 1919/2087/1 1914/2083/1 1902/2071/1
f 1918/2051/1 1906/2075/1 1905/2074/1 1917/2086/1
f 1883/2052/33 1878/2047/33 1937/2107/33 2043/2214/33
f 1919/2087/1 2052/2222/1 1947/2117/1 1914/2083/1
f 1952/2122/33 1883/2052/33 2043/2214/33 2054/2224/33
f 1882/2051/33 1951/2121/33 1940/2110/33 1881/2050/33
f 1954/2123/1 1918/2051/1 1917/2086/1 1950/2120/1
f 1919/2087/1 1953/2122/1 2056/2224/1 2052/2222/1
f 1997/2166/8 1996/2165/8 2058/2226/624 2059/2227/624
f 1996/2165/8 1998/2167/8 2060/2228/625 2058/2226/624
f 1998/2167/8 1999/2168/8 2061/2229/626 2060/2228/625
f 1999/2168/8 2000/2169/8 2062/2230/627 2061/2229/626
f 2000/2169/8 2001/2170/8 2063/2231/628 2062/2230/627
f 2001/2170/8 2002/2171/8 2064/2232/629 2063/2231/628
f 2002/2171/8 2003/2172/8 2065/2233/630 2064/2232/629
f 2003/2172/8 2004/2173/8 2066/2234/631 2065/2233/630
f 2004/2173/8 2005/2174/8 2067/2235/632 2066/2234/631
f 2005/2174/8 2006/2175/8 2068/2236/632 2067/2235/632
f 2006/2175/8 2007/2176/8 2069/2237/632 2068/2236/632
f 2007/2176/8 2008/2177/8 2070/2238/632 2069/2237/632
f 2008/2177/8 2009/2178/8 2071/2239/632 2070/2238/632
f 2009/2178/8 2010/2179/8 2072/2240/632 2071/2239/632
f 2010/2179/8 2011/2180/8 2073/2241/632 2072/2240/632
f 2011/2180/8 2012/2181/8 2074/2242/632 2073/2241/632
f 2012/2181/8 2013/2182/622 2075/2243/633 2074/2242/632
f 2013/2182/622 2014/2183/621 2076/2244/634 2075/2243/633
f 2014/2183/621 2015/2184/25 2077/2245/635 2076/2244/634
f 2017/2186/25 2016/2185/621 2078/2246/636 2079/2247/637
f 2016/2185/621 2018/2187/623 2080/2248/638 2078/2246/636
f 2018/2187/623 2019/2188/8 2081/2249/624 2080/2248/638
f 2019/2188/8 2020/2189/8 2082/2250/624 2081/2249/624
f 2020/2189/8 2021/2190/8 2083/2251/624 2082/2250/624
f 2021/2190/8 2022/2191/8 2084/2252/624 2083/2251/624
f 2022/2191/8 2023/2192/8 2085/2253/624 2084/2252/624
f 2023/2192/8 2024/2193/8 2086/2254/624 2085/2253/624
f 2024/2193/8 1997/2166/8 2059/2227/624 2086/2254/624
f 2026/2195/1 2025/2194/1 2059/2255/624 2058/2256/624
f 2027/2196/543 2026/2195/1 2058/2256/624 2060/2257/625
f 2028/2198/544 2027/2197/543 2060/2258/625 2061/2259/626
f 2029/2199/545 2028/2198/544 2061/2259/626 2062/2260/627
f 2030/2200/25 2029/2199/545 2062/2260/627 2063/2261/628
f 2031/2201/546 2030/2200/25 2063/2261/628 2064/2262/629
f 2032/2202/547 2031/2201/546 2064/2262/629 2065/2263/630
f 2033/2203/548 2032/2202/547 2065/2263/630 2066/2264/631
f 2034/2205/33 2033/2204/548 2066/2265/631 2067/2266/632
f 2035/2206/33 2034/2205/33 2067/2266/632 2068/2267/632
f 2037/2208/33 2036/2207/33 2073/2268/632 2074/2269/632
f 2036/2207/33 2038/2209/33 2072/2270/632 2073/2268/632
f 2038/2209/33 2039/2210/33 2071/2271/632 2072/2270/632
f 2039/2210/33 2040/2211/33 2070/2272/632 2071/2271/632
f 2040/2211/33 2041/2212/33 2069/2273/632 2070/2272/632
f 2042/2213/33 2037/2208/33 2074/2269/632 2075/2274/633
f 2044/2215/33 2042/2213/33 2075/2274/633 2076/2275/634
f 2046/2217/1 2045/2216/1 2081/2276/624 2082/2277/624
f 2047/2218/1 2046/2217/1 2082/2277/624 2083/2278/624
f 2048/2219/1 2047/2218/1 2083/2278/624 2084/2279/624
f 2049/2220/1 2048/2219/1 2084/2279/624 2085/2280/624
f 2050/2221/1 2049/2220/1 2085/2280/624 2086/2281/624
f 2045/2216/1 2051/2213/1 2080/2282/638 2081/2276/624
f 2051/2213/1 2053/2223/1 2078/2283/636 2080/2282/638
f 2041/2212/33 2035/2206/33 2068/2267/632 2069/2273/632
f 2025/2194/1 2050/2221/1 2086/2281/624 2059/2255/624
f 2055/2225/33 2044/2215/33 2076/2275/634 2077/2284/635
f 2053/2223/1 2057/2225/1 2079/2284/637 2078/2283/636
f 2087/2285/1 2088/2286/1 2089/2287/1 2090/2288/1
f 2088/2286/1 2091/2289/639 2092/2290/640 2089/2287/1
f 2091/2291/639 2093/2292/641 2094/2293/642 2092/2294/640
f 2093/2292/641 2095/2295/643 2096/2296/644 2094/2293/642
f 2095/2295/643 2097/2297/645 2098/2298/646 2096/2296/644
f 2097/2297/645 2099/2299/647 2100/2300/648 2098/2298/646
f 2099/2299/647 2101/2301/649 2102/2302/650 2100/2300/648
f 2101/2301/649 2103/2303/651 2104/1722/652 2102/2302/650
f 2103/2304/651 2105/2305/33 2106/2306/33 2104/2307/652
f 2105/2305/33 2107/2308/33 2108/2309/33 2106/2306/33
f 2090/2288/1 2089/2287/1 2109/2310/1 2110/2311/1
f 2089/2287/1 2092/2290/640 2111/2312/653 2109/2310/1
f 2092/2294/640 2094/2293/642 2112/2313/654 2111/2314/653
f 2094/2293/642 2096/2296/644 2113/2315/655 2112/2313/654
f 2096/2296/644 2098/2298/646 2114/2316/656 2113/2315/655
f 2098/2298/646 2100/2300/648 2115/2317/657 2114/2316/656
f 2100/2300/648 2102/2302/650 2116/2318/658 2115/2317/657
f 2102/2302/650 2104/1722/652 2117/2319/659 2116/2318/658
f 2104/2307/652 2106/2306/33 2118/2320/33 2117/2321/659
f 2106/2306/33 2108/2309/33 2119/2322/33 2118/2320/33
f 2110/2311/1 2109/2310/1 2120/2323/1 2121/2324/1
f 2109/2310/1 2111/2312/653 2122/2325/660 2120/2323/1
f 2111/2314/653 2112/2326/654 2123/2327/661 2122/2328/660
f 2112/2326/654 2113/2329/655 2124/2330/662 2123/2327/661
f 2113/2329/655 2114/2331/656 2125/2332/663 2124/2330/662
f 2114/2331/656 2115/2333/657 2126/2334/664 2125/2332/663
f 2115/2333/657 2116/2335/658 2127/2336/665 2126/2334/664
f 2116/2335/658 2117/2337/659 2128/2338/666 2127/2336/665
f 2117/2321/659 2118/2320/33 2129/2339/33 2128/2340/666
f 2118/2320/33 2119/2322/33 2130/2341/33 2129/2339/33
f 2121/2324/1 2120/2323/1 2131/2342/1 2132/2343/1
f 2120/2323/1 2122/2325/660 2133/2344/667 2131/2342/1
f 2122/2328/660 2123/2327/661 2134/2345/668 2133/2346/667
f 2123/2327/661 2124/2330/662 2135/2347/669 2134/2345/668
f 2124/2330/662 2125/2332/663 2136/2348/670 2135/2347/669
f 2125/2332/663 2126/2334/664 2137/2349/671 2136/2348/670
f 2126/2334/664 2127/2336/665 2138/2350/672 2137/2349/671
f 2127/2336/665 2128/2338/666 2139/2351/673 2138/2350/672
f 2128/2340/666 2129/2339/33 2140/2352/33 2139/2353/673
f 2129/2339/33 2130/2341/33 2141/2354/33 2140/2352/33
f 2132/2343/1 2131/2342/1 2142/2355/1 2143/2356/1
f 2131/2342/1 2133/2344/667 2144/2357/674 2142/2355/1
f 2133/2346/667 2134/2345/668 2145/2358/675 2144/2359/674
f 2134/2345/668 2135/2347/669 2146/2360/676 2145/2358/675
f 2135/2347/669 2136/2348/670 2147/2361/677 2146/2360/676
f 2136/2348/670 2137/2349/671 2148/2362/678 2147/2361/677
f 2137/2349/671 2138/2350/672 2149/2363/679 2148/2362/678
f 2138/2350/672 2139/2351/673 2150/2364/680 2149/2363/679
f 2139/2353/673 2140/2352/33 2151/2365/33 2150/2366/680
f 2140/2352/33 2141/2354/33 2152/2367/33 2151/2365/33
f 2142/2355/1 2153/2368/1 2154/2369/1 2143/2356/1
f 2144/2357/674 2155/2370/543 2153/2368/1 2142/2355/1
f 2145/2358/675 2156/2371/544 2155/2372/543 2144/2359/674
f 2146/2360/676 2157/2373/545 2156/2371/544 2145/2358/675
f 2147/2361/677 2158/2374/25 2157/2373/545 2146/2360/676
f 2148/2362/678 2159/2375/546 2158/2374/25 2147/2361/677
f 2149/2363/679 2160/2376/547 2159/2375/546 2148/2362/678
f 2150/2364/680 2161/2377/548 2160/2376/547 2149/2363/679
f 2151/2365/33 2162/2378/33 2161/2379/548 2150/2366/680
f 2152/2367/33 2163/2380/33 2162/2378/33 2151/2365/33
f 2153/2368/1 2164/2381/1 2165/2382/1 2154/2369/1
f 2155/2370/543 2166/2383/543 2164/2381/1 2153/2368/1
f 2156/2371/544 2167/2384/544 2166/2385/543 2155/2372/543
f 2157/2373/545 2168/2386/545 2167/2384/544 2156/2371/544
f 2158/2374/25 2169/2387/25 2168/2386/545 2157/2373/545
f 2159/2375/546 2170/2388/546 2169/2387/25 2158/2374/25
f 2160/2376/547 2171/2389/547 2170/2388/546 2159/2375/546
f 2161/2377/548 2172/2390/548 2171/2389/547 2160/2376/547
f 2162/2378/33 2173/2391/33 2172/2392/548 2161/2379/548
f 2163/2380/33 2174/2393/33 2173/2391/33 2162/2378/33
f 2175/2394/1 2176/2395/1 2088/2286/1 2087/2285/1
f 2176/2395/1 2177/2396/681 2091/2289/639 2088/2286/1
f 2177/2397/681 2178/2398/682 2093/2292/641 2091/2291/639
f 2178/2398/682 2179/2399/683 2095/2295/643 2093/2292/641
f 2179/2399/683 2180/2400/684 2097/2297/645 2095/2295/643
f 2180/2400/684 2181/2401/685 2099/2299/647 2097/2297/645
f 2181/2401/685 2182/2402/686 2101/2301/649 2099/2299/647
f 2182/2402/686 2183/2403/687 2103/2303/651 2101/2301/649
f 2183/2404/687 2184/2405/33 2105/2305/33 2103/2304/651
f 2184/2405/33 2185/2406/33 2107/2308/33 2105/2305/33
f 2175/2394/1 2186/2407/1 2187/2408/1 2176/2395/1
f 2176/2395/1 2187/2408/1 2188/2409/688 2177/2396/681
f 2177/2397/681 2188/2410/688 2189/2411/689 2178/2398/682
f 2178/2398/682 2189/2411/689 2190/2412/690 2179/2399/683
f 2179/2399/683 2190/2412/690 2191/2413/691 2180/2400/684
f 2180/2400/684 2191/2413/691 2192/2414/692 2181/2401/685
f 2181/2401/685 2192/2414/692 2193/2415/693 2182/2402/686
f 2182/2402/686 2193/2415/693 2194/2416/694 2183/2403/687
f 2183/2404/687 2194/2417/694 2195/2418/33 2184/2405/33
f 2184/2405/33 2195/2418/33 2196/2419/33 2185/2406/33
f 2197/2420/1 2198/2421/1 2199/2422/1 2200/2423/1
f 2200/2423/1 2199/2422/1 2201/2424/695 2202/2425/696
f 2202/2426/696 2201/2427/695 2203/2428/697 2204/2429/698
f 2204/2429/698 2203/2428/697 2205/2430/699 2206/2431/700
f 2206/2431/700 2205/2430/699 2207/2432/701 2208/2433/702
f 2208/2433/702 2207/2432/701 2209/2434/703 2210/2435/704
f 2210/2435/704 2209/2434/703 2211/2436/705 2212/2437/706
f 2212/2437/706 2211/2436/705 2213/2438/707 2214/2439/708
f 2214/2440/708 2213/2441/707 2215/2442/33 2216/2443/33
f 2216/2443/33 2215/2442/33 2217/2444/33 2218/2445/33
f 2198/2421/1 2219/2446/1 2220/2447/1 2199/2422/1
f 2199/2422/1 2220/2447/1 2221/2448/577 2201/2424/695
f 2201/2427/695 2221/2449/577 2222/2450/578 2203/2428/697
f 2203/2428/697 2222/2450/578 2223/2451/579 2205/2430/699
f 2205/2430/699 2223/2451/579 2224/2452/2 2207/2432/701
f 2207/2432/701 2224/2452/2 2225/2453/580 2209/2434/703
f 2209/2434/703 2225/2453/580 2226/2454/581 2211/2436/705
f 2211/2436/705 2226/2454/581 2227/2455/582 2213/2438/707
f 2213/2441/707 2227/2456/582 2228/2457/33 2215/2442/33
f 2215/2442/33 2228/2457/33 2229/2458/33 2217/2444/33
f 2230/2459/1 2231/2460/1 2232/2461/1 2233/2462/1
f 2231/2460/1 2234/2463/709 2235/2464/710 2232/2461/1
f 2234/2465/709 2236/2466/711 2237/2467/712 2235/2468/710
f 2236/2466/711 2238/2469/713 2239/2470/714 2237/2467/712
f 2238/2469/713 2240/2471/715 2241/2472/716 2239/2470/714
f 2240/2471/715 2242/2473/717 2243/2474/718 2241/2472/716
f 2242/2473/717 2244/2475/719 2245/2476/720 2243/2474/718
f 2244/2475/719 2246/2477/721 2247/2478/722 2245/2476/720
f 2246/2479/721 2248/2480/33 2249/2481/33 2247/2482/722
f 2248/2480/33 2250/2483/33 2251/2484/33 2249/2481/33
f 2230/2459/1 2197/2420/1 2200/2423/1 2231/2460/1
f 2231/2460/1 2200/2423/1 2202/2425/696 2234/2463/709
f 2234/2465/709 2202/2485/696 2204/2486/698 2236/2466/711
f 2236/2466/711 2204/2486/698 2206/2487/700 2238/2469/713
f 2238/2469/713 2206/2487/700 2208/2488/702 2240/2471/715
f 2240/2471/715 2208/2488/702 2210/2489/704 2242/2473/717
f 2242/2473/717 2210/2489/704 2212/2490/706 2244/2475/719
f 2244/2475/719 2212/2490/706 2214/2491/708 2246/2477/721
f 2246/2479/721 2214/2440/708 2216/2443/33 2248/2480/33
f 2248/2480/33 2216/2443/33 2218/2445/33 2250/2483/33
f 2220/2447/1 2219/2446/1 2252/2492/1 2253/2493/1
f 2221/2448/577 2220/2447/1 2253/2493/1 2254/2494/577
f 2222/2450/578 2221/2449/577 2254/2495/577 2255/2496/578
f 2223/2451/579 2222/2450/578 2255/2496/578 2256/2497/579
f 2224/2452/2 2223/2451/579 2256/2497/579 2257/2498/2
f 2225/2453/580 2224/2452/2 2257/2498/2 2258/2499/580
f 2226/2454/581 2225/2453/580 2258/2499/580 2259/2500/581
f 2227/2455/582 2226/2454/581 2259/2500/581 2260/2501/582
f 2228/2457/33 2227/2456/582 2260/2502/582 2261/2503/33
f 2229/2458/33 2228/2457/33 2261/2503/33 2262/2504/33
f 2232/2461/1 2263/2505/1 2264/2506/1 2233/2462/1
f 2235/2464/710 2265/2507/723 2263/2505/1 2232/2461/1
f 2237/2467/712 2266/2508/724 2265/2509/723 2235/2468/710
f 2239/2470/714 2267/2510/725 2266/2508/724 2237/2467/712
f 2241/2472/716 2268/2511/691 2267/2510/725 2239/2470/714
f 2243/2474/718 2269/2512/726 2268/2511/691 2241/2472/716
f 2245/2476/720 2270/2513/727 2269/2512/726 2243/2474/718
f 2247/2478/722 2271/2514/728 2270/2513/727 2245/2476/720
f 2249/2481/33 2272/2515/33 2271/2516/728 2247/2482/722
f 2251/2484/33 2273/2517/33 2272/2515/33 2249/2481/33
f 2264/2506/1 2263/2505/1 2274/2518/1 2275/2519/1
f 2263/2505/1 2265/2507/723 2276/2520/729 2274/2518/1
f 2265/2509/723 2266/2508/724 2277/2521/730 2276/2522/729
f 2266/2508/724 2267/2510/725 2278/2523/731 2277/2521/730
f 2267/2510/725 2268/2511/691 2279/2524/691 2278/2523/731
f 2268/2511/691 2269/2512/726 2280/2525/732 2279/2524/691
f 2269/2512/726 2270/2513/727 2281/2526/733 2280/2525/732
f 2270/2513/727 2271/2514/728 2282/2527/734 2281/2526/733
f 2271/2516/728 2272/2515/33 2283/2528/33 2282/2529/734
f 2272/2515/33 2273/2517/33 2284/2530/33 2283/2528/33
f 2285/2531/1 2286/2532/1 2287/2533/1 2288/2534/1
f 2289/2535/735 2290/2536/736 2286/2532/1 2285/2531/1
f 2291/2537/737 2292/2538/738 2290/2539/736 2289/2540/735
f 2293/2541/739 2294/2542/740 2292/2538/738 2291/2537/737
f 2295/2543/691 2296/2544/691 2294/2542/740 2293/2541/739
f 2297/2545/741 2298/2546/742 2296/2544/691 2295/2543/691
f 2299/2547/743 2300/2548/744 2298/2546/742 2297/2545/741
f 2301/2549/745 2302/2550/746 2300/2548/744 2299/2547/743
f 2303/2551/33 2304/2552/33 2302/2553/746 2301/2554/745
f 2305/2555/33 2306/2556/33 2304/2552/33 2303/2551/33
f 2252/2492/1 2307/2557/1 2308/2558/1 2253/2493/1
f 2253/2493/1 2308/2558/1 2309/2559/577 2254/2494/577
f 2254/2495/577 2309/2560/577 2310/2561/578 2255/2496/578
f 2255/2496/578 2310/2561/578 2311/2562/579 2256/2497/579
f 2256/2497/579 2311/2562/579 2312/2563/2 2257/2498/2
f 2257/2498/2 2312/2563/2 2313/2564/580 2258/2499/580
f 2258/2499/580 2313/2564/580 2314/2565/581 2259/2500/581
f 2259/2500/581 2314/2565/581 2315/2566/582 2260/2501/582
f 2260/2502/582 2315/2567/582 2316/2568/33 2261/2503/33
f 2261/2503/33 2316/2568/33 2317/2569/33 2262/2504/33
f 2164/2381/1 2318/2570/1 2319/2571/1 2165/2382/1
f 2166/2383/543 2320/2572/543 2318/2570/1 2164/2381/1
f 2167/2384/544 2321/2573/544 2320/2574/543 2166/2385/543
f 2168/2386/545 2322/2575/545 2321/2573/544 2167/2384/544
f 2169/2387/25 2323/2576/25 2322/2575/545 2168/2386/545
f 2170/2388/546 2324/2577/546 2323/2576/25 2169/2387/25
f 2171/2389/547 2325/2578/547 2324/2577/546 2170/2388/546
f 2172/2390/548 2326/2579/548 2325/2578/547 2171/2389/547
f 2173/2391/33 2327/2580/33 2326/2581/548 2172/2392/548
f 2174/2393/33 2328/2582/33 2327/2580/33 2173/2391/33
f 2185/2406/33 2329/2583/33 2330/2584/33 2107/2308/33
f 2107/2308/33 2330/2584/33 2331/2585/33 2108/2309/33
f 2108/2309/33 2331/2585/33 2332/2586/33 2119/2322/33
f 2119/2322/33 2332/2586/33 2333/2587/33 2130/2341/33
f 2130/2341/33 2333/2587/33 2334/2588/33 2141/2354/33
f 2141/2354/33 2334/2588/33 2163/2380/33 2152/2367/33
f 2196/2419/33 2335/2589/33 2329/2583/33 2185/2406/33
f 2250/2483/33 2218/2445/33 2336/2590/33 2251/2484/33
f 2251/2484/33 2336/2590/33 2337/2591/33 2273/2517/33
f 2273/2517/33 2337/2591/33 2338/2592/33 2284/2530/33
f 2339/2593/33 2340/2594/33 2306/2556/33 2305/2555/33
f 2329/2583/33 2341/2595/33 2342/2596/33 2330/2584/33
f 2330/2584/33 2342/2596/33 2343/2597/33 2331/2585/33
f 2331/2585/33 2343/2597/33 2344/2598/33 2332/2586/33
f 2332/2586/33 2344/2598/33 2345/2599/33 2333/2587/33
f 2333/2587/33 2345/2599/33 2346/2600/33 2334/2588/33
f 2334/2588/33 2346/2600/33 2174/2393/33 2163/2380/33
f 2335/2589/33 2347/2601/33 2341/2595/33 2329/2583/33
f 2336/2590/33 2229/2458/33 2262/2504/33 2348/2602/33
f 2336/2590/33 2348/2602/33 2349/2603/33 2337/2591/33
f 2337/2591/33 2349/2603/33 2350/2604/33 2338/2592/33
f 2351/2605/33 2352/2606/33 2340/2594/33 2339/2593/33
f 2319/2571/1 2318/2570/1 2353/2607/1 2354/2608/1
f 2318/2570/1 2320/2572/543 2355/2609/543 2353/2607/1
f 2320/2574/543 2321/2573/544 2356/2610/544 2355/2611/543
f 2321/2573/544 2322/2575/545 2357/2612/545 2356/2610/544
f 2322/2575/545 2323/2576/25 2358/2613/25 2357/2612/545
f 2323/2576/25 2324/2577/546 2359/2614/546 2358/2613/25
f 2324/2577/546 2325/2578/547 2360/2615/547 2359/2614/546
f 2325/2578/547 2326/2579/548 2361/2616/548 2360/2615/547
f 2326/2581/548 2327/2580/33 2362/2617/33 2361/2618/548
f 2327/2580/33 2328/2582/33 2363/2619/33 2362/2617/33
f 2341/2595/33 2364/2620/33 2365/2621/33 2342/2596/33
f 2342/2596/33 2365/2621/33 2366/2622/33 2343/2597/33
f 2343/2597/33 2366/2622/33 2367/2623/33 2344/2598/33
f 2344/2598/33 2367/2623/33 2368/2624/33 2345/2599/33
f 2345/2599/33 2368/2624/33 2369/2625/33 2346/2600/33
f 2346/2600/33 2369/2625/33 2328/2582/33 2174/2393/33
f 2347/2601/33 2370/2626/33 2364/2620/33 2341/2595/33
f 2348/2602/33 2262/2504/33 2317/2569/33 2371/2627/33
f 2348/2602/33 2371/2627/33 2372/2628/33 2349/2603/33
f 2349/2603/33 2372/2628/33 2373/2629/33 2350/2604/33
f 2374/2630/33 2375/2631/33 2352/2606/33 2351/2605/33
f 2336/2590/33 2218/2445/33 2217/2444/33 2229/2458/33
f 2175/2394/1 2087/2285/1 2376/2632/1 2377/2633/1
f 2087/2285/1 2090/2288/1 2378/2634/1 2376/2632/1
f 2090/2288/1 2110/2311/1 2379/2635/1 2378/2634/1
f 2110/2311/1 2121/2324/1 2380/2636/1 2379/2635/1
f 2121/2324/1 2132/2343/1 2381/2637/1 2380/2636/1
f 2132/2343/1 2143/2356/1 2154/2369/1 2381/2637/1
f 2186/2407/1 2175/2394/1 2377/2633/1 2382/2638/1
f 2230/2459/1 2233/2462/1 2383/2639/1 2197/2420/1
f 2233/2462/1 2264/2506/1 2384/2640/1 2383/2639/1
f 2264/2506/1 2275/2519/1 2385/2641/1 2384/2640/1
f 2288/2534/1 2287/2533/1 2386/2642/1 2387/2643/1
f 2377/2633/1 2376/2632/1 2388/2644/1 2389/2645/1
f 2376/2632/1 2378/2634/1 2390/2646/1 2388/2644/1
f 2378/2634/1 2379/2635/1 2391/2647/1 2390/2646/1
f 2379/2635/1 2380/2636/1 2392/2648/1 2391/2647/1
f 2380/2636/1 2381/2637/1 2393/2649/1 2392/2648/1
f 2381/2637/1 2154/2369/1 2165/2382/1 2393/2649/1
f 2382/2638/1 2377/2633/1 2389/2645/1 2394/2650/1
f 2383/2639/1 2395/2651/1 2252/2492/1 2219/2446/1
f 2383/2639/1 2384/2640/1 2396/2652/1 2395/2651/1
f 2384/2640/1 2385/2641/1 2397/2653/1 2396/2652/1
f 2387/2643/1 2386/2642/1 2398/2654/1 2399/2655/1
f 2389/2645/1 2388/2644/1 2400/2656/1 2401/2657/1
f 2388/2644/1 2390/2646/1 2402/2658/1 2400/2656/1
f 2390/2646/1 2391/2647/1 2403/2659/1 2402/2658/1
f 2391/2647/1 2392/2648/1 2404/2660/1 2403/2659/1
f 2392/2648/1 2393/2649/1 2405/2661/1 2404/2660/1
f 2393/2649/1 2165/2382/1 2319/2571/1 2405/2661/1
f 2394/2650/1 2389/2645/1 2401/2657/1 2406/2662/1
f 2395/2651/1 2407/2663/1 2307/2557/1 2252/2492/1
f 2395/2651/1 2396/2652/1 2408/2664/1 2407/2663/1
f 2396/2652/1 2397/2653/1 2409/2665/1 2408/2664/1
f 2399/2655/1 2398/2654/1 2410/2666/1 2411/2667/1
f 2383/2639/1 2219/2446/1 2198/2421/1 2197/2420/1
f 2307/2557/1 1921/2089/1 1920/2088/1 2308/2558/1
f 2308/2558/1 1920/2088/1 1922/2090/577 2309/2559/577
f 2309/2560/577 1922/2092/577 1923/2091/578 2310/2561/578
f 2310/2561/578 1923/2091/578 1924/2093/579 2311/2562/579
f 2311/2562/579 1924/2093/579 1925/2094/2 2312/2563/2
f 2312/2563/2 1925/2094/2 1926/2095/580 2313/2564/580
f 2313/2564/580 1926/2095/580 1927/2096/581 2314/2565/581
f 2314/2565/581 1927/2096/581 1928/2097/582 2315/2566/582
f 2315/2567/582 1928/2099/582 1929/2098/33 2316/2568/33
f 2316/2568/33 1929/2098/33 1930/2100/33 2317/2569/33
f 2364/2620/33 2412/2668/33 2413/2669/33 2365/2621/33
f 2365/2621/33 2413/2669/33 2414/2670/33 2366/2622/33
f 2366/2622/33 2414/2670/33 2415/2671/33 2367/2623/33
f 2367/2623/33 2415/2671/33 2416/2672/33 2368/2624/33
f 2368/2624/33 2416/2672/33 2417/2673/33 2369/2625/33
f 2370/2626/33 2418/2674/33 2412/2668/33 2364/2620/33
f 2317/2569/33 1930/2100/33 1938/2108/33 2371/2627/33
f 2371/2627/33 1938/2108/33 1939/2109/33 2372/2628/33
f 2372/2628/33 1939/2109/33 1940/2110/33 2373/2629/33
f 2400/2656/1 2419/2675/1 2420/2676/1 2401/2657/1
f 2402/2658/1 2421/2677/1 2419/2675/1 2400/2656/1
f 2403/2659/1 2422/2678/1 2421/2677/1 2402/2658/1
f 2404/2660/1 2423/2679/1 2422/2678/1 2403/2659/1
f 2405/2661/1 2424/2680/1 2423/2679/1 2404/2660/1
f 2401/2657/1 2420/2676/1 2425/2681/1 2406/2662/1
f 2407/2663/1 1948/2118/1 1921/2089/1 2307/2557/1
f 2408/2664/1 1949/2119/1 1948/2118/1 2407/2663/1
f 2409/2665/1 1950/2120/1 1949/2119/1 2408/2664/1
f 2369/2625/33 2417/2673/33 2363/2619/33 2328/2582/33
f 2319/2571/1 2354/2608/1 2424/2680/1 2405/2661/1
f 1951/2121/33 1952/2122/33 2375/2631/33 2374/2630/33
f 1953/2122/1 1954/2123/1 2411/2667/1 2410/2666/1
f 2426/2682/747 1958/2127/25 1957/2126/25 2427/2683/747
f 2428/2684/748 2426/2682/747 2427/2683/747 2429/2685/748
f 2430/2686/5 2428/2684/748 2429/2685/748 2431/2687/5
f 2432/2688/5 2430/2686/5 2431/2687/5 2433/2689/5
f 2434/2690/5 2432/2688/5 2433/2689/5 2435/2691/5
f 2436/2692/5 2434/2690/5 2435/2691/5 2437/2693/5
f 2438/2694/5 2436/2692/5 2437/2693/5 2439/2695/5
f 2440/2696/5 2438/2694/5 2439/2695/5 2441/2697/5
f 2442/2698/5 2440/2696/5 2441/2697/5 2443/2699/5
f 2444/2700/5 2442/2698/5 2443/2699/5 2445/2701/5
f 2446/2702/5 2444/2700/5 2445/2701/5 2447/2703/5
f 2448/2704/5 2446/2702/5 2447/2703/5 2449/2705/5
f 2449/2705/5 2447/2703/5 2450/2706/5 2451/2707/5
f 1957/2126/25 1984/2153/25 2452/2708/747 2427/2683/747
f 2427/2683/747 2452/2708/747 2453/2709/748 2429/2685/748
f 2429/2685/748 2453/2709/748 2454/2710/5 2431/2687/5
f 2431/2687/5 2454/2710/5 2455/2711/5 2433/2689/5
f 2433/2689/5 2455/2711/5 2456/2712/5 2435/2691/5
f 2435/2691/5 2456/2712/5 2457/2713/5 2437/2693/5
f 2437/2693/5 2457/2713/5 2458/2714/5 2439/2695/5
f 2439/2695/5 2458/2714/5 2459/2715/5 2441/2697/5
f 2441/2697/5 2459/2715/5 2460/2716/5 2443/2699/5
f 2443/2699/5 2460/2716/5 2461/2717/5 2445/2701/5
f 2445/2701/5 2461/2717/5 2462/2718/5 2447/2703/5
f 2447/2703/5 2462/2718/5 2463/2719/5 2450/2706/5
f 2461/2717/5 2460/2716/5 2464/2720/5 2465/2721/5
f 2462/2718/5 2461/2717/5 2465/2721/5 2466/2722/5
f 2463/2719/5 2462/2718/5 2466/2722/5 2467/2723/5
f 2450/2706/5 2463/2719/5 2467/2723/5 2468/2724/5
f 2451/2707/5 2450/2706/5 2468/2724/5 2469/2725/5
f 2449/2705/5 2451/2707/5 2469/2725/5 2470/2726/5
f 2448/2704/5 2449/2705/5 2470/2726/5 2471/2727/5
f 2446/2702/5 2448/2704/5 2471/2727/5 2472/2728/5
f 2444/2700/5 2446/2702/5 2472/2728/5 2473/2729/5
f 2442/2698/5 2444/2700/5 2473/2729/5 2474/2730/5
f 2440/2696/5 2442/2698/5 2474/2730/5 2475/2731/5
f 2438/2694/5 2440/2696/5 2475/2731/5 2476/2732/5
f 2436/2692/5 2438/2694/5 2476/2732/5 2477/2733/5
f 2434/2690/5 2436/2692/5 2477/2733/5 2478/2734/5
f 2432/2688/5 2434/2690/5 2478/2734/5 2479/2735/5
f 2430/2686/5 2432/2688/5 2479/2735/5 2480/2736/5
f 2428/2684/748 2430/2686/5 2480/2736/5 2481/2737/748
f 2426/2682/747 2428/2684/748 2481/2737/748 2482/2738/747
f 1958/2127/25 2426/2682/747 2482/2738/747 2015/2184/25
f 2452/2708/747 1984/2153/25 2017/2186/25 2483/2739/747
f 2453/2709/748 2452/2708/747 2483/2739/747 2484/2740/748
f 2454/2710/5 2453/2709/748 2484/2740/748 2485/2741/5
f 2455/2711/5 2454/2710/5 2485/2741/5 2486/2742/5
f 2456/2712/5 2455/2711/5 2486/2742/5 2487/2743/5
f 2457/2713/5 2456/2712/5 2487/2743/5 2488/2744/5
f 2458/2714/5 2457/2713/5 2488/2744/5 2489/2745/5
f 2459/2715/5 2458/2714/5 2489/2745/5 2490/2746/5
f 2460/2716/5 2459/2715/5 2490/2746/5 2464/2720/5
f 2353/2607/1 2491/2747/1 2492/2748/1 2354/2608/1
f 2355/2609/543 2493/2749/543 2491/2747/1 2353/2607/1
f 2356/2610/544 2494/2750/544 2493/2751/543 2355/2611/543
f 2357/2612/545 2495/2752/545 2494/2750/544 2356/2610/544
f 2358/2613/25 2496/2753/25 2495/2752/545 2357/2612/545
f 2359/2614/546 2497/2754/546 2496/2753/25 2358/2613/25
f 2360/2615/547 2498/2755/547 2497/2754/546 2359/2614/546
f 2361/2616/548 2499/2756/548 2498/2755/547 2360/2615/547
f 2362/2617/33 2500/2757/33 2499/2758/548 2361/2618/548
f 2363/2619/33 2501/2759/33 2500/2757/33 2362/2617/33
f 2412/2668/33 2502/2760/33 2503/2761/33 2413/2669/33
f 2413/2669/33 2503/2761/33 2504/2762/33 2414/2670/33
f 2414/2670/33 2504/2762/33 2505/2763/33 2415/2671/33
f 2415/2671/33 2505/2763/33 2506/2764/33 2416/2672/33
f 2416/2672/33 2506/2764/33 2507/2765/33 2417/2673/33
f 2418/2674/33 2508/2766/33 2502/2760/33 2412/2668/33
f 2509/2767/33 2510/2768/33 2508/2766/33 2418/2674/33
f 2419/2675/1 2511/2769/1 2512/2770/1 2420/2676/1
f 2421/2677/1 2513/2771/1 2511/2769/1 2419/2675/1
f 2422/2678/1 2514/2772/1 2513/2771/1 2421/2677/1
f 2423/2679/1 2515/2773/1 2514/2772/1 2422/2678/1
f 2424/2680/1 2516/2774/1 2515/2773/1 2423/2679/1
f 2420/2676/1 2512/2770/1 2517/2775/1 2425/2681/1
f 2425/2681/1 2517/2775/1 2518/2776/1 2519/2767/1
f 2417/2673/33 2507/2765/33 2501/2759/33 2363/2619/33
f 2354/2608/1 2492/2748/1 2516/2774/1 2424/2680/1
f 2054/2224/33 2055/2225/33 2510/2768/33 2509/2767/33
f 2519/2767/1 2518/2776/1 2057/2225/1 2056/2224/1
f 2286/2532/1 2187/2408/1 2186/2407/1 2287/2533/1
f 2288/2534/1 2275/2519/1 2274/2518/1 2285/2531/1
f 2290/2536/736 2188/2409/688 2187/2408/1 2286/2532/1
f 2285/2531/1 2274/2518/1 2276/2520/729 2289/2535/735
f 2292/2538/738 2189/2411/689 2188/2410/688 2290/2539/736
f 2289/2540/735 2276/2522/729 2277/2521/730 2291/2537/737
f 2294/2542/740 2190/2412/690 2189/2411/689 2292/2538/738
f 2291/2537/737 2277/2521/730 2278/2523/731 2293/2541/739
f 2296/2544/691 2191/2413/691 2190/2412/690 2294/2542/740
f 2293/2541/739 2278/2523/731 2279/2524/691 2295/2543/691
f 2298/2546/742 2192/2414/692 2191/2413/691 2296/2544/691
f 2295/2543/691 2279/2524/691 2280/2525/732 2297/2545/741
f 2300/2548/744 2193/2415/693 2192/2414/692 2298/2546/742
f 2297/2545/741 2280/2525/732 2281/2526/733 2299/2547/743
f 2302/2550/746 2194/2416/694 2193/2415/693 2300/2548/744
f 2299/2547/743 2281/2526/733 2282/2527/734 2301/2549/745
f 2304/2552/33 2195/2418/33 2194/2417/694 2302/2553/746
f 2301/2554/745 2282/2529/734 2283/2528/33 2303/2551/33
f 2306/2556/33 2196/2419/33 2195/2418/33 2304/2552/33
f 2303/2551/33 2283/2528/33 2284/2530/33 2305/2555/33
f 2340/2594/33 2335/2589/33 2196/2419/33 2306/2556/33
f 2305/2555/33 2284/2530/33 2338/2592/33 2339/2593/33
f 2352/2606/33 2347/2601/33 2335/2589/33 2340/2594/33
f 2339/2593/33 2338/2592/33 2350/2604/33 2351/2605/33
f 2375/2631/33 2370/2626/33 2347/2601/33 2352/2606/33
f 2351/2605/33 2350/2604/33 2373/2629/33 2374/2630/33
f 2287/2533/1 2186/2407/1 2382/2638/1 2386/2642/1
f 2387/2643/1 2385/2641/1 2275/2519/1 2288/2534/1
f 2386/2642/1 2382/2638/1 2394/2650/1 2398/2654/1
f 2399/2655/1 2397/2653/1 2385/2641/1 2387/2643/1
f 2398/2654/1 2394/2650/1 2406/2662/1 2410/2666/1
f 2411/2667/1 2409/2665/1 2397/2653/1 2399/2655/1
f 2375/2631/33 2509/2767/33 2418/2674/33 2370/2626/33
f 2410/2666/1 2406/2662/1 2425/2681/1 2519/2767/1
f 1952/2122/33 2054/2224/33 2509/2767/33 2375/2631/33
f 2374/2630/33 2373/2629/33 1940/2110/33 1951/2121/33
f 1954/2123/1 1950/2120/1 2409/2665/1 2411/2667/1
f 2410/2666/1 2519/2767/1 2056/2224/1 1953/2122/1
f 2464/2720/5 2520/2777/749 2521/2778/749 2465/2721/5
f 2465/2721/5 2521/2778/749 2522/2779/750 2466/2722/5
f 2466/2722/5 2522/2779/750 2523/2780/751 2467/2723/5
f 2467/2723/5 2523/2780/751 2524/2781/752 2468/2724/5
f 2468/2724/5 2524/2781/752 2525/2782/753 2469/2725/5
f 2469/2725/5 2525/2782/753 2526/2783/754 2470/2726/5
f 2470/2726/5 2526/2783/754 2527/2784/755 2471/2727/5
f 2471/2727/5 2527/2784/755 2528/2785/756 2472/2728/5
f 2472/2728/5 2528/2785/756 2529/2786/757 2473/2729/5
f 2473/2729/5 2529/2786/757 2530/2787/757 2474/2730/5
f 2474/2730/5 2530/2787/757 2531/2788/757 2475/2731/5
f 2475/2731/5 2531/2788/757 2532/2789/757 2476/2732/5
f 2476/2732/5 2532/2789/757 2533/2790/757 2477/2733/5
f 2477/2733/5 2533/2790/757 2534/2791/757 2478/2734/5
f 2478/2734/5 2534/2791/757 2535/2792/757 2479/2735/5
f 2479/2735/5 2535/2792/757 2536/2793/757 2480/2736/5
f 2480/2736/5 2536/2793/757 2537/2794/758 2481/2737/748
f 2481/2737/748 2537/2794/758 2538/2795/759 2482/2738/747
f 2482/2738/747 2538/2795/759 2077/2245/635 2015/2184/25
f 2017/2186/25 2079/2247/637 2539/2796/760 2483/2739/747
f 2483/2739/747 2539/2796/760 2540/2797/761 2484/2740/748
f 2484/2740/748 2540/2797/761 2541/2798/749 2485/2741/5
f 2485/2741/5 2541/2798/749 2542/2799/749 2486/2742/5
f 2486/2742/5 2542/2799/749 2543/2800/749 2487/2743/5
f 2487/2743/5 2543/2800/749 2544/2801/749 2488/2744/5
f 2488/2744/5 2544/2801/749 2545/2802/749 2489/2745/5
f 2489/2745/5 2545/2802/749 2546/2803/749 2490/2746/5
f 2490/2746/5 2546/2803/749 2520/2777/749 2464/2720/5
f 2491/2747/1 2521/2804/749 2520/2805/749 2492/2748/1
f 2493/2749/543 2522/2806/750 2521/2804/749 2491/2747/1
f 2494/2750/544 2523/2807/751 2522/2808/750 2493/2751/543
f 2495/2752/545 2524/2809/752 2523/2807/751 2494/2750/544
f 2496/2753/25 2525/2810/753 2524/2809/752 2495/2752/545
f 2497/2754/546 2526/2811/754 2525/2810/753 2496/2753/25
f 2498/2755/547 2527/2812/755 2526/2811/754 2497/2754/546
f 2499/2756/548 2528/2813/756 2527/2812/755 2498/2755/547
f 2500/2757/33 2529/2814/757 2528/2815/756 2499/2758/548
f 2501/2759/33 2530/2816/757 2529/2814/757 2500/2757/33
f 2502/2760/33 2536/2817/757 2535/2818/757 2503/2761/33
f 2503/2761/33 2535/2818/757 2534/2819/757 2504/2762/33
f 2504/2762/33 2534/2819/757 2533/2820/757 2505/2763/33
f 2505/2763/33 2533/2820/757 2532/2821/757 2506/2764/33
f 2506/2764/33 2532/2821/757 2531/2822/757 2507/2765/33
f 2508/2766/33 2537/2823/758 2536/2817/757 2502/2760/33
f 2510/2768/33 2538/2824/759 2537/2823/758 2508/2766/33
f 2511/2769/1 2542/2818/749 2541/2817/749 2512/2770/1
f 2513/2771/1 2543/2825/749 2542/2818/749 2511/2769/1
f 2514/2772/1 2544/2826/749 2543/2825/749 2513/2771/1
f 2515/2773/1 2545/2827/749 2544/2826/749 2514/2772/1
f 2516/2774/1 2546/2828/749 2545/2827/749 2515/2773/1
f 2512/2770/1 2541/2817/749 2540/2823/761 2517/2775/1
f 2517/2775/1 2540/2823/761 2539/2824/760 2518/2776/1
f 2507/2765/33 2531/2822/757 2530/2816/757 2501/2759/33
f 2492/2748/1 2520/2805/749 2546/2828/749 2516/2774/1
f 2055/2225/33 2077/2284/635 2538/2824/759 2510/2768/33
f 2518/2776/1 2539/2824/760 2079/2284/637 2057/2225/1
f 2547/2829/33 2548/2830/33 2549/2831/33 2550/2832/33
f 2548/2830/33 2551/2833/514 2552/2834/762 2549/2831/33
f 2551/2835/514 2553/2836/763 2554/2837/511 2552/2838/762
f 2553/2836/763 2555/2839/510 2556/2840/764 2554/2837/511
f 2555/2839/510 2557/2841/508 2558/2842/507 2556/2840/764
f 2557/2841/508 2559/2843/765 2560/2844/505 2558/2842/507
f 2559/2843/765 2561/2845/766 2562/2846/767 2560/2844/505
f 2561/2845/766 2563/2847/502 2564/2848/768 2562/2846/767
f 2563/2849/502 2565/2850/1 2566/2851/1 2564/2852/768
f 2565/2850/1 2567/2853/1 2568/2854/1 2566/2851/1
f 2550/2832/33 2549/2831/33 2569/2855/33 2570/2856/33
f 2549/2831/33 2552/2834/762 2571/2857/521 2569/2855/33
f 2552/2838/762 2554/2837/511 2572/2858/769 2571/2859/521
f 2554/2837/511 2556/2840/764 2573/2860/519 2572/2858/769
f 2556/2840/764 2558/2842/507 2574/2861/518 2573/2860/519
f 2558/2842/507 2560/2844/505 2575/2862/517 2574/2861/518
f 2560/2844/505 2562/2846/767 2576/2863/516 2575/2862/517
f 2562/2846/767 2564/2848/768 2577/2864/770 2576/2863/516
f 2564/2852/768 2566/2851/1 2578/2865/1 2577/2866/770
f 2566/2851/1 2568/2854/1 2579/2867/1 2578/2865/1
f 2570/2856/33 2569/2855/33 2580/2868/33 2581/2869/33
f 2569/2855/33 2571/2857/521 2582/2870/771 2580/2868/33
f 2571/2871/521 2572/2872/769 2583/2873/772 2582/2874/771
f 2572/2872/769 2573/2875/519 2584/2876/526 2583/2873/772
f 2573/2875/519 2574/2877/518 2585/2878/525 2584/2876/526
f 2574/2877/518 2575/2879/517 2586/2880/773 2585/2878/525
f 2575/2879/517 2576/2881/516 2587/2882/774 2586/2880/773
f 2576/2881/516 2577/2883/770 2588/2884/775 2587/2882/774
f 2577/2866/770 2578/2865/1 2589/2885/1 2588/2886/775
f 2578/2865/1 2579/2867/1 2590/2887/1 2589/2885/1
f 2581/2869/33 2580/2868/33 2591/2888/33 2592/2889/33
f 2580/2868/33 2582/2870/771 2593/2890/535 2591/2888/33
f 2582/2874/771 2583/2873/772 2594/2891/776 2593/2892/535
f 2583/2873/772 2584/2876/526 2595/2893/533 2594/2891/776
f 2584/2876/526 2585/2878/525 2596/2894/532 2595/2893/533
f 2585/2878/525 2586/2880/773 2597/2895/531 2596/2894/532
f 2586/2880/773 2587/2882/774 2598/2896/777 2597/2895/531
f 2587/2882/774 2588/2884/775 2599/2897/778 2598/2896/777
f 2588/2886/775 2589/2885/1 2600/2898/1 2599/2899/778
f 2589/2885/1 2590/2887/1 2601/2900/1 2600/2898/1
f 2592/2889/33 2591/2888/33 2602/2901/33 2603/2902/33
f 2591/2888/33 2593/2890/535 2604/2903/542 2602/2901/33
f 2593/2892/535 2594/2891/776 2605/2904/541 2604/2905/542
f 2594/2891/776 2595/2893/533 2606/2906/540 2605/2904/541
f 2595/2893/533 2596/2894/532 2607/2907/539 2606/2906/540
f 2596/2894/532 2597/2895/531 2608/2908/538 2607/2907/539
f 2597/2895/531 2598/2896/777 2609/2909/537 2608/2908/538
f 2598/2896/777 2599/2897/778 2610/2910/779 2609/2909/537
f 2599/2899/778 2600/2898/1 2611/2911/1 2610/2912/779
f 2600/2898/1 2601/2900/1 2612/2913/1 2611/2911/1
f 2602/2901/33 2613/2914/33 2614/2915/33 2603/2902/33
f 2604/2903/542 2615/2916/548 2613/2914/33 2602/2901/33
f 2605/2904/541 2616/2917/547 2615/2918/548 2604/2905/542
f 2606/2906/540 2617/2919/546 2616/2917/547 2605/2904/541
f 2607/2907/539 2618/2920/25 2617/2919/546 2606/2906/540
f 2608/2908/538 2619/2921/545 2618/2920/25 2607/2907/539
f 2609/2909/537 2620/2922/544 2619/2921/545 2608/2908/538
f 2610/2910/779 2621/2923/543 2620/2922/544 2609/2909/537
f 2611/2911/1 2622/2924/1 2621/2925/543 2610/2912/779
f 2612/2913/1 2623/2926/1 2622/2924/1 2611/2911/1
f 2613/2914/33 2624/2927/33 2625/2928/33 2614/2915/33
f 2615/2916/548 2626/2929/548 2624/2927/33 2613/2914/33
f 2616/2917/547 2627/2930/547 2626/2931/548 2615/2918/548
f 2617/2919/546 2628/2932/546 2627/2930/547 2616/2917/547
f 2618/2920/25 2629/2933/25 2628/2932/546 2617/2919/546
f 2619/2921/545 2630/2934/545 2629/2933/25 2618/2920/25
f 2620/2922/544 2631/2935/544 2630/2934/545 2619/2921/545
f 2621/2923/543 2632/2936/543 2631/2935/544 2620/2922/544
f 2622/2924/1 2633/2937/1 2632/2938/543 2621/2925/543
f 2623/2926/1 2634/2939/1 2633/2937/1 2622/2924/1
f 2635/2940/33 2636/2941/33 2548/2830/33 2547/2829/33
f 2636/2941/33 2637/2942/555 2551/2833/514 2548/2830/33
f 2637/2943/555 2638/2944/554 2553/2836/763 2551/2835/514
f 2638/2944/554 2639/2945/553 2555/2839/510 2553/2836/763
f 2639/2945/553 2640/2946/552 2557/2841/508 2555/2839/510
f 2640/2946/552 2641/2947/551 2559/2843/765 2557/2841/508
f 2641/2947/551 2642/2948/550 2561/2845/766 2559/2843/765
f 2642/2948/550 2643/2949/549 2563/2847/502 2561/2845/766
f 2643/2950/549 2644/2951/1 2565/2850/1 2563/2849/502
f 2644/2951/1 2645/2952/1 2567/2853/1 2565/2850/1
f 2635/2940/33 2646/2953/33 2647/2954/33 2636/2941/33
f 2636/2941/33 2647/2954/33 2648/2955/562 2637/2942/555
f 2637/2943/555 2648/2956/562 2649/2957/561 2638/2944/554
f 2638/2944/554 2649/2957/561 2650/2958/560 2639/2945/553
f 2639/2945/553 2650/2958/560 2651/2959/559 2640/2946/552
f 2640/2946/552 2651/2959/559 2652/2960/558 2641/2947/551
f 2641/2947/551 2652/2960/558 2653/2961/557 2642/2948/550
f 2642/2948/550 2653/2961/557 2654/2962/556 2643/2949/549
f 2643/2950/549 2654/2963/556 2655/2964/1 2644/2951/1
f 2644/2951/1 2655/2964/1 2656/2965/1 2645/2952/1
f 2657/2966/33 2658/2967/33 2659/2968/33 2660/2969/33
f 2660/2969/33 2659/2968/33 2661/2970/576 2662/2971/780
f 2662/2972/780 2661/2973/576 2663/2974/574 2664/2975/573
f 2664/2975/573 2663/2974/574 2665/2976/781 2666/2977/571
f 2666/2977/571 2665/2976/781 2667/2978/782 2668/2979/783
f 2668/2979/783 2667/2978/782 2669/2980/784 2670/2981/567
f 2670/2981/567 2669/2980/784 2671/2982/566 2672/2983/565
f 2672/2983/565 2671/2982/566 2673/2984/564 2674/2985/563
f 2674/2986/563 2673/2987/564 2675/2988/1 2676/2989/1
f 2676/2989/1 2675/2988/1 2677/2990/1 2678/2991/1
f 2658/2967/33 2679/2992/33 2680/2993/33 2659/2968/33
f 2659/2968/33 2680/2993/33 2681/2994/582 2661/2970/576
f 2661/2973/576 2681/2995/582 2682/2996/581 2663/2974/574
f 2663/2974/574 2682/2996/581 2683/2997/580 2665/2976/781
f 2665/2976/781 2683/2997/580 2684/2998/2 2667/2978/782
f 2667/2978/782 2684/2998/2 2685/2999/579 2669/2980/784
f 2669/2980/784 2685/2999/579 2686/3000/578 2671/2982/566
f 2671/2982/566 2686/3000/578 2687/3001/577 2673/2984/564
f 2673/2987/564 2687/3002/577 2688/3003/1 2675/2988/1
f 2675/2988/1 2688/3003/1 2689/3004/1 2677/2990/1
f 2690/3005/33 2691/3006/33 2692/3007/33 2693/3008/33
f 2691/3006/33 2694/3009/596 2695/3010/785 2692/3007/33
f 2694/3011/596 2696/3012/594 2697/3013/593 2695/3014/785
f 2696/3012/594 2698/3015/592 2699/3016/591 2697/3013/593
f 2698/3015/592 2700/3017/590 2701/3018/589 2699/3016/591
f 2700/3017/590 2702/3019/786 2703/3020/587 2701/3018/589
f 2702/3019/786 2704/3021/586 2705/3022/585 2703/3020/587
f 2704/3021/586 2706/3023/787 2707/3024/583 2705/3022/585
f 2706/3025/787 2708/3026/1 2709/3027/1 2707/3028/583
f 2708/3026/1 2710/3029/1 2711/3030/1 2709/3027/1
f 2690/3005/33 2657/2966/33 2660/2969/33 2691/3006/33
f 2691/3006/33 2660/2969/33 2662/2971/780 2694/3009/596
f 2694/3011/596 2662/3031/780 2664/3032/573 2696/3012/594
f 2696/3012/594 2664/3032/573 2666/3033/571 2698/3015/592
f 2698/3015/592 2666/3033/571 2668/3034/783 2700/3017/590
f 2700/3017/590 2668/3034/783 2670/3035/567 2702/3019/786
f 2702/3019/786 2670/3035/567 2672/3036/565 2704/3021/586
f 2704/3021/586 2672/3036/565 2674/3037/563 2706/3023/787
f 2706/3025/787 2674/2986/563 2676/2989/1 2708/3026/1
f 2708/3026/1 2676/2989/1 2678/2991/1 2710/3029/1
f 2680/2993/33 2679/2992/33 2712/3038/33 2713/3039/33
f 2681/2994/582 2680/2993/33 2713/3039/33 2714/3040/582
f 2682/2996/581 2681/2995/582 2714/3041/582 2715/3042/581
f 2683/2997/580 2682/2996/581 2715/3042/581 2716/3043/580
f 2684/2998/2 2683/2997/580 2716/3043/580 2717/3044/2
f 2685/2999/579 2684/2998/2 2717/3044/2 2718/3045/579
f 2686/3000/578 2685/2999/579 2718/3045/579 2719/3046/578
f 2687/3001/577 2686/3000/578 2719/3046/578 2720/3047/577
f 2688/3003/1 2687/3002/577 2720/3048/577 2721/3049/1
f 2689/3004/1 2688/3003/1 2721/3049/1 2722/3050/1
f 2692/3007/33 2723/3051/33 2724/3052/33 2693/3008/33
f 2695/3010/785 2725/3053/602 2723/3051/33 2692/3007/33
f 2697/3013/593 2726/3054/601 2725/3055/602 2695/3014/785
f 2699/3016/591 2727/3056/600 2726/3054/601 2697/3013/593
f 2701/3018/589 2728/3057/559 2727/3056/600 2699/3016/591
f 2703/3020/587 2729/3058/599 2728/3057/559 2701/3018/589
f 2705/3022/585 2730/3059/598 2729/3058/599 2703/3020/587
f 2707/3024/583 2731/3060/597 2730/3059/598 2705/3022/585
f 2709/3027/1 2732/3061/1 2731/3062/597 2707/3028/583
f 2711/3030/1 2733/3063/1 2732/3061/1 2709/3027/1
f 2724/3052/33 2723/3051/33 2734/3064/33 2735/3065/33
f 2723/3051/33 2725/3053/602 2736/3066/788 2734/3064/33
f 2725/3055/602 2726/3054/601 2737/3067/607 2736/3068/788
f 2726/3054/601 2727/3056/600 2738/3069/789 2737/3067/607
f 2727/3056/600 2728/3057/559 2739/3070/559 2738/3069/789
f 2728/3057/559 2729/3058/599 2740/3071/605 2739/3070/559
f 2729/3058/599 2730/3059/598 2741/3072/790 2740/3071/605
f 2730/3059/598 2731/3060/597 2742/3073/603 2741/3072/790
f 2731/3062/597 2732/3061/1 2743/3074/1 2742/3075/603
f 2732/3061/1 2733/3063/1 2744/3076/1 2743/3074/1
f 2745/3077/33 2746/3078/33 2747/3079/33 2748/3080/33
f 2749/3081/619 2750/3082/620 2746/3078/33 2745/3077/33
f 2751/3083/617 2752/3084/791 2750/3085/620 2749/3086/619
f 2753/3087/615 2754/3088/616 2752/3084/791 2751/3083/617
f 2755/3089/559 2756/3090/559 2754/3088/616 2753/3087/615
f 2757/3091/613 2758/3092/614 2756/3090/559 2755/3089/559
f 2759/3093/611 2760/3094/792 2758/3092/614 2757/3091/613
f 2761/3095/609 2762/3096/610 2760/3094/792 2759/3093/611
f 2763/3097/1 2764/3098/1 2762/3099/610 2761/3100/609
f 2765/3101/1 2766/3102/1 2764/3098/1 2763/3097/1
f 2712/3038/33 2767/3103/33 2768/3104/33 2713/3039/33
f 2713/3039/33 2768/3104/33 2769/3105/582 2714/3040/582
f 2714/3041/582 2769/3106/582 2770/3107/581 2715/3042/581
f 2715/3042/581 2770/3107/581 2771/3108/580 2716/3043/580
f 2716/3043/580 2771/3108/580 2772/3109/2 2717/3044/2
f 2717/3044/2 2772/3109/2 2773/3110/579 2718/3045/579
f 2718/3045/579 2773/3110/579 2774/3111/578 2719/3046/578
f 2719/3046/578 2774/3111/578 2775/3112/577 2720/3047/577
f 2720/3048/577 2775/3113/577 2776/3114/1 2721/3049/1
f 2721/3049/1 2776/3114/1 2777/3115/1 2722/3050/1
f 2624/2927/33 2778/3116/33 2779/3117/33 2625/2928/33
f 2626/2929/548 2780/3118/548 2778/3116/33 2624/2927/33
f 2627/2930/547 2781/3119/547 2780/3120/548 2626/2931/548
f 2628/2932/546 2782/3121/546 2781/3119/547 2627/2930/547
f 2629/2933/25 2783/3122/25 2782/3121/546 2628/2932/546
f 2630/2934/545 2784/3123/545 2783/3122/25 2629/2933/25
f 2631/2935/544 2785/3124/544 2784/3123/545 2630/2934/545
f 2632/2936/543 2786/3125/543 2785/3124/544 2631/2935/544
f 2633/2937/1 2787/3126/1 2786/3127/543 2632/2938/543
f 2634/2939/1 2788/3128/1 2787/3126/1 2633/2937/1
f 2645/2952/1 2789/3129/1 2790/3130/1 2567/2853/1
f 2567/2853/1 2790/3130/1 2791/3131/1 2568/2854/1
f 2568/2854/1 2791/3131/1 2792/3132/1 2579/2867/1
f 2579/2867/1 2792/3132/1 2793/3133/1 2590/2887/1
f 2590/2887/1 2793/3133/1 2794/3134/1 2601/2900/1
f 2601/2900/1 2794/3134/1 2623/2926/1 2612/2913/1
f 2656/2965/1 2795/3135/1 2789/3129/1 2645/2952/1
f 2710/3029/1 2678/2991/1 2796/3136/1 2711/3030/1
f 2711/3030/1 2796/3136/1 2797/3137/1 2733/3063/1
f 2733/3063/1 2797/3137/1 2798/3138/1 2744/3076/1
f 2799/3139/1 2800/3140/1 2766/3102/1 2765/3101/1
f 2789/3129/1 2801/3141/1 2802/3142/1 2790/3130/1
f 2790/3130/1 2802/3142/1 2803/3143/1 2791/3131/1
f 2791/3131/1 2803/3143/1 2804/3144/1 2792/3132/1
f 2792/3132/1 2804/3144/1 2805/3145/1 2793/3133/1
f 2793/3133/1 2805/3145/1 2806/3146/1 2794/3134/1
f 2794/3134/1 2806/3146/1 2634/2939/1 2623/2926/1
f 2795/3135/1 2807/3147/1 2801/3141/1 2789/3129/1
f 2796/3136/1 2689/3004/1 2722/3050/1 2808/3148/1
f 2796/3136/1 2808/3148/1 2809/3149/1 2797/3137/1
f 2797/3137/1 2809/3149/1 2810/3150/1 2798/3138/1
f 2811/3151/1 2812/3152/1 2800/3140/1 2799/3139/1
f 2779/3117/33 2778/3116/33 2813/3153/33 2814/3154/33
f 2778/3116/33 2780/3118/548 2815/3155/548 2813/3153/33
f 2780/3120/548 2781/3119/547 2816/3156/547 2815/3157/548
f 2781/3119/547 2782/3121/546 2817/3158/546 2816/3156/547
f 2782/3121/546 2783/3122/25 2818/3159/25 2817/3158/546
f 2783/3122/25 2784/3123/545 2819/3160/545 2818/3159/25
f 2784/3123/545 2785/3124/544 2820/3161/544 2819/3160/545
f 2785/3124/544 2786/3125/543 2821/3162/543 2820/3161/544
f 2786/3127/543 2787/3126/1 2822/3163/1 2821/3164/543
f 2787/3126/1 2788/3128/1 2823/3165/1 2822/3163/1
f 2801/3141/1 2824/3166/1 2825/3167/1 2802/3142/1
f 2802/3142/1 2825/3167/1 2826/3168/1 2803/3143/1
f 2803/3143/1 2826/3168/1 2827/3169/1 2804/3144/1
f 2804/3144/1 2827/3169/1 2828/3170/1 2805/3145/1
f 2805/3145/1 2828/3170/1 2829/3171/1 2806/3146/1
f 2806/3146/1 2829/3171/1 2788/3128/1 2634/2939/1
f 2807/3147/1 2830/3172/1 2824/3166/1 2801/3141/1
f 2808/3148/1 2722/3050/1 2777/3115/1 2831/3173/1
f 2808/3148/1 2831/3173/1 2832/3174/1 2809/3149/1
f 2809/3149/1 2832/3174/1 2833/3175/1 2810/3150/1
f 2834/3176/1 2835/3177/1 2812/3152/1 2811/3151/1
f 2796/3136/1 2678/2991/1 2677/2990/1 2689/3004/1
f 2635/2940/33 2547/2829/33 2836/3178/33 2837/3179/33
f 2547/2829/33 2550/2832/33 2838/3180/33 2836/3178/33
f 2550/2832/33 2570/2856/33 2839/3181/33 2838/3180/33
f 2570/2856/33 2581/2869/33 2840/3182/33 2839/3181/33
f 2581/2869/33 2592/2889/33 2841/3183/33 2840/3182/33
f 2592/2889/33 2603/2902/33 2614/2915/33 2841/3183/33
f 2646/2953/33 2635/2940/33 2837/3179/33 2842/3184/33
f 2690/3005/33 2693/3008/33 2843/3185/33 2657/2966/33
f 2693/3008/33 2724/3052/33 2844/3186/33 2843/3185/33
f 2724/3052/33 2735/3065/33 2845/3187/33 2844/3186/33
f 2748/3080/33 2747/3079/33 2846/3188/33 2847/3189/33
f 2837/3179/33 2836/3178/33 2848/3190/33 2849/3191/33
f 2836/3178/33 2838/3180/33 2850/3192/33 2848/3190/33
f 2838/3180/33 2839/3181/33 2851/3193/33 2850/3192/33
f 2839/3181/33 2840/3182/33 2852/3194/33 2851/3193/33
f 2840/3182/33 2841/3183/33 2853/3195/33 2852/3194/33
f 2841/3183/33 2614/2915/33 2625/2928/33 2853/3195/33
f 2842/3184/33 2837/3179/33 2849/3191/33 2854/3196/33
f 2843/3185/33 2855/3197/33 2712/3038/33 2679/2992/33
f 2843/3185/33 2844/3186/33 2856/3198/33 2855/3197/33
f 2844/3186/33 2845/3187/33 2857/3199/33 2856/3198/33
f 2847/3189/33 2846/3188/33 2858/3200/33 2859/3201/33
f 2849/3191/33 2848/3190/33 2860/3202/33 2861/3203/33
f 2848/3190/33 2850/3192/33 2862/3204/33 2860/3202/33
f 2850/3192/33 2851/3193/33 2863/3205/33 2862/3204/33
f 2851/3193/33 2852/3194/33 2864/3206/33 2863/3205/33
f 2852/3194/33 2853/3195/33 2865/3207/33 2864/3206/33
f 2853/3195/33 2625/2928/33 2779/3117/33 2865/3207/33
f 2854/3196/33 2849/3191/33 2861/3203/33 2866/3208/33
f 2855/3197/33 2867/3209/33 2767/3103/33 2712/3038/33
f 2855/3197/33 2856/3198/33 2868/3210/33 2867/3209/33
f 2856/3198/33 2857/3199/33 2869/3211/33 2868/3210/33
f 2859/3201/33 2858/3200/33 2870/3212/33 2871/3213/33
f 2843/3185/33 2679/2992/33 2658/2967/33 2657/2966/33
f 2767/3103/33 2872/3214/33 2873/3215/33 2768/3104/33
f 2768/3104/33 2873/3215/33 2874/3216/582 2769/3105/582
f 2769/3106/582 2874/3217/582 2875/3218/581 2770/3107/581
f 2770/3107/581 2875/3218/581 2876/3219/580 2771/3108/580
f 2771/3108/580 2876/3219/580 2877/3220/2 2772/3109/2
f 2772/3109/2 2877/3220/2 2878/3221/579 2773/3110/579
f 2773/3110/579 2878/3221/579 2879/3222/578 2774/3111/578
f 2774/3111/578 2879/3222/578 2880/3223/577 2775/3112/577
f 2775/3113/577 2880/3224/577 2881/3225/1 2776/3114/1
f 2776/3114/1 2881/3225/1 2882/3226/1 2777/3115/1
f 2824/3166/1 2883/3227/1 2884/3228/1 2825/3167/1
f 2825/3167/1 2884/3228/1 2885/3229/1 2826/3168/1
f 2826/3168/1 2885/3229/1 2886/3230/1 2827/3169/1
f 2827/3169/1 2886/3230/1 2887/3231/1 2828/3170/1
f 2828/3170/1 2887/3231/1 2888/3232/1 2829/3171/1
f 2830/3172/1 2889/3233/1 2883/3227/1 2824/3166/1
f 2777/3115/1 2882/3226/1 2890/3234/1 2831/3173/1
f 2831/3173/1 2890/3234/1 2891/3235/1 2832/3174/1
f 2832/3174/1 2891/3235/1 2892/3236/1 2833/3175/1
f 2860/3202/33 2893/3237/33 2894/3238/33 2861/3203/33
f 2862/3204/33 2895/3239/33 2893/3237/33 2860/3202/33
f 2863/3205/33 2896/3240/33 2895/3239/33 2862/3204/33
f 2864/3206/33 2897/3241/33 2896/3240/33 2863/3205/33
f 2865/3207/33 2898/3242/33 2897/3241/33 2864/3206/33
f 2861/3203/33 2894/3238/33 2899/3243/33 2866/3208/33
f 2867/3209/33 2900/3244/33 2872/3214/33 2767/3103/33
f 2868/3210/33 2901/3245/33 2900/3244/33 2867/3209/33
f 2869/3211/33 2902/3246/33 2901/3245/33 2868/3210/33
f 2829/3171/1 2888/3232/1 2823/3165/1 2788/3128/1
f 2779/3117/33 2814/3154/33 2898/3242/33 2865/3207/33
f 2903/3247/1 2904/3248/1 2835/3177/1 2834/3176/1
f 2905/3248/33 2906/3249/33 2871/3213/33 2870/3212/33
f 2907/3250/621 2908/3251/25 2909/3252/25 2910/3253/621
f 2911/3254/622 2907/3250/621 2910/3253/621 2912/3255/622
f 2913/3256/8 2911/3254/622 2912/3255/622 2914/3257/8
f 2915/3258/8 2913/3256/8 2914/3257/8 2916/3259/8
f 2917/3260/8 2915/3258/8 2916/3259/8 2918/3261/8
f 2919/3262/8 2917/3260/8 2918/3261/8 2920/3263/8
f 2921/3264/8 2919/3262/8 2920/3263/8 2922/3265/8
f 2923/3266/8 2921/3264/8 2922/3265/8 2924/3267/8
f 2925/3268/8 2923/3266/8 2924/3267/8 2926/3269/8
f 2927/3270/8 2925/3268/8 2926/3269/8 2928/3271/8
f 2929/3272/8 2927/3270/8 2928/3271/8 2930/3273/8
f 2931/3274/8 2929/3272/8 2930/3273/8 2932/3275/8
f 2932/3275/8 2930/3273/8 2933/3276/8 2934/3277/8
f 2909/3252/25 2935/3278/25 2936/3279/621 2910/3253/621
f 2910/3253/621 2936/3279/621 2937/3280/622 2912/3255/622
f 2912/3255/622 2937/3280/622 2938/3281/8 2914/3257/8
f 2914/3257/8 2938/3281/8 2939/3282/8 2916/3259/8
f 2916/3259/8 2939/3282/8 2940/3283/8 2918/3261/8
f 2918/3261/8 2940/3283/8 2941/3284/8 2920/3263/8
f 2920/3263/8 2941/3284/8 2942/3285/8 2922/3265/8
f 2922/3265/8 2942/3285/8 2943/3286/8 2924/3267/8
f 2924/3267/8 2943/3286/8 2944/3287/8 2926/3269/8
f 2926/3269/8 2944/3287/8 2945/3288/8 2928/3271/8
f 2928/3271/8 2945/3288/8 2946/3289/8 2930/3273/8
f 2930/3273/8 2946/3289/8 2947/3290/8 2933/3276/8
f 2945/3288/8 2944/3287/8 2948/3291/8 2949/3292/8
f 2946/3289/8 2945/3288/8 2949/3292/8 2950/3293/8
f 2947/3290/8 2946/3289/8 2950/3293/8 2951/3294/8
f 2933/3276/8 2947/3290/8 2951/3294/8 2952/3295/8
f 2934/3277/8 2933/3276/8 2952/3295/8 2953/3296/8
f 2932/3275/8 2934/3277/8 2953/3296/8 2954/3297/8
f 2931/3274/8 2932/3275/8 2954/3297/8 2955/3298/8
f 2929/3272/8 2931/3274/8 2955/3298/8 2956/3299/8
f 2927/3270/8 2929/3272/8 2956/3299/8 2957/3300/8
f 2925/3268/8 2927/3270/8 2957/3300/8 2958/3301/8
f 2923/3266/8 2925/3268/8 2958/3301/8 2959/3302/8
f 2921/3264/8 2923/3266/8 2959/3302/8 2960/3303/8
f 2919/3262/8 2921/3264/8 2960/3303/8 2961/3304/8
f 2917/3260/8 2919/3262/8 2961/3304/8 2962/3305/8
f 2915/3258/8 2917/3260/8 2962/3305/8 2963/3306/8
f 2913/3256/8 2915/3258/8 2963/3306/8 2964/3307/8
f 2911/3254/622 2913/3256/8 2964/3307/8 2965/3308/622
f 2907/3250/621 2911/3254/622 2965/3308/622 2966/3309/621
f 2908/3251/25 2907/3250/621 2966/3309/621 2967/3310/25
f 2936/3279/621 2935/3278/25 2968/3311/25 2969/3312/621
f 2937/3280/622 2936/3279/621 2969/3312/621 2970/3313/623
f 2938/3281/8 2937/3280/622 2970/3313/623 2971/3314/8
f 2939/3282/8 2938/3281/8 2971/3314/8 2972/3315/8
f 2940/3283/8 2939/3282/8 2972/3315/8 2973/3316/8
f 2941/3284/8 2940/3283/8 2973/3316/8 2974/3317/8
f 2942/3285/8 2941/3284/8 2974/3317/8 2975/3318/8
f 2943/3286/8 2942/3285/8 2975/3318/8 2976/3319/8
f 2944/3287/8 2943/3286/8 2976/3319/8 2948/3291/8
f 2813/3153/33 2977/3320/33 2978/3321/33 2814/3154/33
f 2815/3155/548 2979/3322/548 2977/3320/33 2813/3153/33
f 2816/3156/547 2980/3323/547 2979/3324/548 2815/3157/548
f 2817/3158/546 2981/3325/546 2980/3323/547 2816/3156/547
f 2818/3159/25 2982/3326/25 2981/3325/546 2817/3158/546
f 2819/3160/545 2983/3327/545 2982/3326/25 2818/3159/25
f 2820/3161/544 2984/3328/544 2983/3327/545 2819/3160/545
f 2821/3162/543 2985/3329/543 2984/3328/544 2820/3161/544
f 2822/3163/1 2986/3330/1 2985/3331/543 2821/3164/543
f 2823/3165/1 2987/3332/1 2986/3330/1 2822/3163/1
f 2883/3227/1 2988/3333/1 2989/3334/1 2884/3228/1
f 2884/3228/1 2989/3334/1 2990/3335/1 2885/3229/1
f 2885/3229/1 2990/3335/1 2991/3336/1 2886/3230/1
f 2886/3230/1 2991/3336/1 2992/3337/1 2887/3231/1
f 2887/3231/1 2992/3337/1 2993/3338/1 2888/3232/1
f 2889/3233/1 2994/3339/1 2988/3333/1 2883/3227/1
f 2995/3340/1 2996/3341/1 2994/3339/1 2889/3233/1
f 2893/3237/33 2997/3342/33 2998/3343/33 2894/3238/33
f 2895/3239/33 2999/3344/33 2997/3342/33 2893/3237/33
f 2896/3240/33 3000/3345/33 2999/3344/33 2895/3239/33
f 2897/3241/33 3001/3346/33 3000/3345/33 2896/3240/33
f 2898/3242/33 3002/3347/33 3001/3346/33 2897/3241/33
f 2894/3238/33 2998/3343/33 3003/3348/33 2899/3243/33
f 2899/3243/33 3003/3348/33 3004/3349/33 3005/3350/33
f 2888/3232/1 2993/3338/1 2987/3332/1 2823/3165/1
f 2814/3154/33 2978/3321/33 3002/3347/33 2898/3242/33
f 3006/3351/1 3007/3352/1 2996/3341/1 2995/3340/1
f 3005/3350/33 3004/3349/33 3008/3352/33 3009/3351/33
f 2746/3078/33 2647/2954/33 2646/2953/33 2747/3079/33
f 2748/3080/33 2735/3065/33 2734/3064/33 2745/3077/33
f 2750/3082/620 2648/2955/562 2647/2954/33 2746/3078/33
f 2745/3077/33 2734/3064/33 2736/3066/788 2749/3081/619
f 2752/3084/791 2649/2957/561 2648/2956/562 2750/3085/620
f 2749/3086/619 2736/3068/788 2737/3067/607 2751/3083/617
f 2754/3088/616 2650/2958/560 2649/2957/561 2752/3084/791
f 2751/3083/617 2737/3067/607 2738/3069/789 2753/3087/615
f 2756/3090/559 2651/2959/559 2650/2958/560 2754/3088/616
f 2753/3087/615 2738/3069/789 2739/3070/559 2755/3089/559
f 2758/3092/614 2652/2960/558 2651/2959/559 2756/3090/559
f 2755/3089/559 2739/3070/559 2740/3071/605 2757/3091/613
f 2760/3094/792 2653/2961/557 2652/2960/558 2758/3092/614
f 2757/3091/613 2740/3071/605 2741/3072/790 2759/3093/611
f 2762/3096/610 2654/2962/556 2653/2961/557 2760/3094/792
f 2759/3093/611 2741/3072/790 2742/3073/603 2761/3095/609
f 2764/3098/1 2655/2964/1 2654/2963/556 2762/3099/610
f 2761/3100/609 2742/3075/603 2743/3074/1 2763/3097/1
f 2766/3102/1 2656/2965/1 2655/2964/1 2764/3098/1
f 2763/3097/1 2743/3074/1 2744/3076/1 2765/3101/1
f 2800/3140/1 2795/3135/1 2656/2965/1 2766/3102/1
f 2765/3101/1 2744/3076/1 2798/3138/1 2799/3139/1
f 2812/3152/1 2807/3147/1 2795/3135/1 2800/3140/1
f 2799/3139/1 2798/3138/1 2810/3150/1 2811/3151/1
f 2835/3177/1 2830/3172/1 2807/3147/1 2812/3152/1
f 2811/3151/1 2810/3150/1 2833/3175/1 2834/3176/1
f 2747/3079/33 2646/2953/33 2842/3184/33 2846/3188/33
f 2847/3189/33 2845/3187/33 2735/3065/33 2748/3080/33
f 2846/3188/33 2842/3184/33 2854/3196/33 2858/3200/33
f 2859/3201/33 2857/3199/33 2845/3187/33 2847/3189/33
f 2858/3200/33 2854/3196/33 2866/3208/33 2870/3212/33
f 2871/3213/33 2869/3211/33 2857/3199/33 2859/3201/33
f 2835/3177/1 2995/3340/1 2889/3233/1 2830/3172/1
f 2870/3212/33 2866/3208/33 2899/3243/33 3005/3350/33
f 2904/3248/1 3006/3351/1 2995/3340/1 2835/3177/1
f 2834/3176/1 2833/3175/1 2892/3236/1 2903/3247/1
f 2906/3249/33 2902/3246/33 2869/3211/33 2871/3213/33
f 2870/3212/33 3005/3350/33 3009/3351/33 2905/3248/33
f 2948/3291/8 3010/3353/632 3011/3354/632 2949/3292/8
f 2949/3292/8 3011/3354/632 3012/3355/631 2950/3293/8
f 2950/3293/8 3012/3355/631 3013/3356/630 2951/3294/8
f 2951/3294/8 3013/3356/630 3014/3357/629 2952/3295/8
f 2952/3295/8 3014/3357/629 3015/3358/628 2953/3296/8
f 2953/3296/8 3015/3358/628 3016/3359/627 2954/3297/8
f 2954/3297/8 3016/3359/627 3017/3360/626 2955/3298/8
f 2955/3298/8 3017/3360/626 3018/3361/625 2956/3299/8
f 2956/3299/8 3018/3361/625 3019/3362/624 2957/3300/8
f 2957/3300/8 3019/3362/624 3020/3363/624 2958/3301/8
f 2958/3301/8 3020/3363/624 3021/3364/624 2959/3302/8
f 2959/3302/8 3021/3364/624 3022/3365/624 2960/3303/8
f 2960/3303/8 3022/3365/624 3023/3366/624 2961/3304/8
f 2961/3304/8 3023/3366/624 3024/3367/624 2962/3305/8
f 2962/3305/8 3024/3367/624 3025/3368/624 2963/3306/8
f 2963/3306/8 3025/3368/624 3026/3369/624 2964/3307/8
f 2964/3307/8 3026/3369/624 3027/3370/638 2965/3308/622
f 2965/3308/622 3027/3370/638 3028/3371/793 2966/3309/621
f 2966/3309/621 3028/3371/793 3029/3372/637 2967/3310/25
f 2968/3311/25 3030/3373/635 3031/3374/794 2969/3312/621
f 2969/3312/621 3031/3374/794 3032/3375/633 2970/3313/623
f 2970/3313/623 3032/3375/633 3033/3376/632 2971/3314/8
f 2971/3314/8 3033/3376/632 3034/3377/632 2972/3315/8
f 2972/3315/8 3034/3377/632 3035/3378/632 2973/3316/8
f 2973/3316/8 3035/3378/632 3036/3379/632 2974/3317/8
f 2974/3317/8 3036/3379/632 3037/3380/632 2975/3318/8
f 2975/3318/8 3037/3380/632 3038/3381/632 2976/3319/8
f 2976/3319/8 3038/3381/632 3010/3353/632 2948/3291/8
f 2977/3320/33 3011/3382/632 3010/3383/632 2978/3321/33
f 2979/3322/548 3012/3384/631 3011/3382/632 2977/3320/33
f 2980/3323/547 3013/3385/630 3012/3386/631 2979/3324/548
f 2981/3325/546 3014/3387/629 3013/3385/630 2980/3323/547
f 2982/3326/25 3015/3388/628 3014/3387/629 2981/3325/546
f 2983/3327/545 3016/3389/627 3015/3388/628 2982/3326/25
f 2984/3328/544 3017/3390/626 3016/3389/627 2983/3327/545
f 2985/3329/543 3018/3391/625 3017/3390/626 2984/3328/544
f 2986/3330/1 3019/3392/624 3018/3393/625 2985/3331/543
f 2987/3332/1 3020/3394/624 3019/3392/624 2986/3330/1
f 2988/3333/1 3026/3395/624 3025/3396/624 2989/3334/1
f 2989/3334/1 3025/3396/624 3024/3397/624 2990/3335/1
f 2990/3335/1 3024/3397/624 3023/3398/624 2991/3336/1
f 2991/3336/1 3023/3398/624 3022/3399/624 2992/3337/1
f 2992/3337/1 3022/3399/624 3021/3400/624 2993/3338/1
f 2994/3339/1 3027/3401/638 3026/3395/624 2988/3333/1
f 2996/3341/1 3028/3402/793 3027/3401/638 2994/3339/1
f 2997/3342/33 3034/3396/632 3033/3395/632 2998/3343/33
f 2999/3344/33 3035/3403/632 3034/3396/632 2997/3342/33
f 3000/3345/33 3036/3404/632 3035/3403/632 2999/3344/33
f 3001/3346/33 3037/3405/632 3036/3404/632 3000/3345/33
f 3002/3347/33 3038/3406/632 3037/3405/632 3001/3346/33
f 2998/3343/33 3033/3395/632 3032/3401/633 3003/3348/33
f 3003/3348/33 3032/3401/633 3031/3407/794 3004/3349/33
f 2993/3338/1 3021/3400/624 3020/3394/624 2987/3332/1
f 2978/3321/33 3010/3383/632 3038/3406/632 3002/3347/33
f 3007/3352/1 3029/3408/637 3028/3402/793 2996/3341/1
f 3004/3349/33 3031/3407/794 3030/3408/635 3008/3352/33
f 3039/3409/33 3040/3410/33 3041/3411/33 3042/3412/33
f 3042/3412/33 3041/3411/33 3043/3413/652 3044/3414/651
f 3044/3415/651 3043/3416/652 3045/3417/795 3046/3418/796
f 3046/3418/796 3045/3417/795 3047/3419/648 3048/3420/797
f 3048/3420/797 3047/3419/648 3049/3421/646 3050/3422/645
f 3050/3422/645 3049/3421/646 3051/3423/644 3052/3424/643
f 3052/3424/643 3051/3423/644 3053/3425/798 3054/3426/641
f 3054/3426/641 3053/3425/798 3055/2848/640 3056/3427/639
f 3056/3428/639 3055/3429/640 3057/3430/1 3058/3431/1
f 3058/3431/1 3057/3430/1 3059/3432/1 3060/3433/1
f 3040/3410/33 3061/3434/33 3062/3435/33 3041/3411/33
f 3041/3411/33 3062/3435/33 3063/3436/659 3043/3413/652
f 3043/3416/652 3063/3437/659 3064/3438/658 3045/3417/795
f 3045/3417/795 3064/3438/658 3065/3439/799 3047/3419/648
f 3047/3419/648 3065/3439/799 3066/3440/656 3049/3421/646
f 3049/3421/646 3066/3440/656 3067/3441/655 3051/3423/644
f 3051/3423/644 3067/3441/655 3068/3442/654 3053/3425/798
f 3053/3425/798 3068/3442/654 3069/3443/800 3055/2848/640
f 3055/3429/640 3069/3444/800 3070/3445/1 3057/3430/1
f 3057/3430/1 3070/3445/1 3071/3446/1 3059/3432/1
f 3061/3434/33 3072/3447/33 3073/3448/33 3062/3435/33
f 3062/3435/33 3073/3448/33 3074/3449/666 3063/3436/659
f 3063/3437/659 3074/3450/666 3075/3451/801 3064/3452/658
f 3064/3452/658 3075/3451/801 3076/3453/664 3065/3454/799
f 3065/3454/799 3076/3453/664 3077/3455/663 3066/3456/656
f 3066/3456/656 3077/3455/663 3078/3457/662 3067/3458/655
f 3067/3458/655 3078/3457/662 3079/3459/802 3068/3460/654
f 3068/3460/654 3079/3459/802 3080/3461/660 3069/3462/800
f 3069/3444/800 3080/3463/660 3081/3464/1 3070/3445/1
f 3070/3445/1 3081/3464/1 3082/3465/1 3071/3446/1
f 3072/3447/33 3083/3466/33 3084/3467/33 3073/3448/33
f 3073/3448/33 3084/3467/33 3085/3468/673 3074/3449/666
f 3074/3450/666 3085/3469/673 3086/3470/672 3075/3451/801
f 3075/3451/801 3086/3470/672 3087/3471/803 3076/3453/664
f 3076/3453/664 3087/3471/803 3088/3472/670 3077/3455/663
f 3077/3455/663 3088/3472/670 3089/3473/804 3078/3457/662
f 3078/3457/662 3089/3473/804 3090/3474/805 3079/3459/802
f 3079/3459/802 3090/3474/805 3091/2897/806 3080/3461/660
f 3080/3463/660 3091/3475/806 3092/3476/1 3081/3464/1
f 3081/3464/1 3092/3476/1 3093/3477/1 3082/3465/1
f 3083/3466/33 3094/3478/33 3095/3479/33 3084/3467/33
f 3084/3467/33 3095/3479/33 3096/3480/680 3085/3468/673
f 3085/3469/673 3096/3481/680 3097/3482/807 3086/3470/672
f 3086/3470/672 3097/3482/807 3098/3483/808 3087/3471/803
f 3087/3471/803 3098/3483/808 3099/3484/677 3088/3472/670
f 3088/3472/670 3099/3484/677 3100/3485/676 3089/3473/804
f 3089/3473/804 3100/3485/676 3101/3486/675 3090/3474/805
f 3090/3474/805 3101/3486/675 3102/3487/674 3091/2897/806
f 3091/3475/806 3102/3488/674 3103/3489/1 3092/3476/1
f 3092/3476/1 3103/3489/1 3104/3490/1 3093/3477/1
f 3095/3479/33 3094/3478/33 3105/3491/33 3106/3492/33
f 3096/3480/680 3095/3479/33 3106/3492/33 3107/3493/548
f 3097/3482/807 3096/3481/680 3107/3494/548 3108/3495/547
f 3098/3483/808 3097/3482/807 3108/3495/547 3109/3496/546
f 3099/3484/677 3098/3483/808 3109/3496/546 3110/3497/25
f 3100/3485/676 3099/3484/677 3110/3497/25 3111/3498/545
f 3101/3486/675 3100/3485/676 3111/3498/545 3112/3499/544
f 3102/3487/674 3101/3486/675 3112/3499/544 3113/3500/543
f 3103/3489/1 3102/3488/674 3113/3501/543 3114/3502/1
f 3104/3490/1 3103/3489/1 3114/3502/1 3115/3503/1
f 3106/3492/33 3105/3491/33 3116/3504/33 3117/3505/33
f 3107/3493/548 3106/3492/33 3117/3505/33 3118/3506/548
f 3108/3495/547 3107/3494/548 3118/3507/548 3119/3508/547
f 3109/3496/546 3108/3495/547 3119/3508/547 3120/3509/546
f 3110/3497/25 3109/3496/546 3120/3509/546 3121/3510/25
f 3111/3498/545 3110/3497/25 3121/3510/25 3122/3511/545
f 3112/3499/544 3111/3498/545 3122/3511/545 3123/3512/544
f 3113/3500/543 3112/3499/544 3123/3512/544 3124/3513/543
f 3114/3502/1 3113/3501/543 3124/3514/543 3125/3515/1
f 3115/3503/1 3114/3502/1 3125/3515/1 3126/3516/1
f 3127/3517/33 3039/3409/33 3042/3412/33 3128/3518/33
f 3128/3518/33 3042/3412/33 3044/3414/651 3129/3519/687
f 3129/3520/687 3044/3415/651 3046/3418/796 3130/3521/686
f 3130/3521/686 3046/3418/796 3048/3420/797 3131/3522/685
f 3131/3522/685 3048/3420/797 3050/3422/645 3132/3523/684
f 3132/3523/684 3050/3422/645 3052/3424/643 3133/3524/683
f 3133/3524/683 3052/3424/643 3054/3426/641 3134/3525/682
f 3134/3525/682 3054/3426/641 3056/3427/639 3135/3526/681
f 3135/3527/681 3056/3428/639 3058/3431/1 3136/3528/1
f 3136/3528/1 3058/3431/1 3060/3433/1 3137/3529/1
f 3127/3517/33 3128/3518/33 3138/3530/33 3139/3531/33
f 3128/3518/33 3129/3519/687 3140/3532/694 3138/3530/33
f 3129/3520/687 3130/3521/686 3141/3533/809 3140/3534/694
f 3130/3521/686 3131/3522/685 3142/3535/692 3141/3533/809
f 3131/3522/685 3132/3523/684 3143/3536/691 3142/3535/692
f 3132/3523/684 3133/3524/683 3144/3537/690 3143/3536/691
f 3133/3524/683 3134/3525/682 3145/3538/689 3144/3537/690
f 3134/3525/682 3135/3526/681 3146/3539/688 3145/3538/689
f 3135/3527/681 3136/3528/1 3147/3540/1 3146/3541/688
f 3136/3528/1 3137/3529/1 3148/3542/1 3147/3540/1
f 3149/3543/33 3150/3544/33 3151/3545/33 3152/3546/33
f 3150/3544/33 3153/3547/708 3154/3548/707 3151/3545/33
f 3153/3549/708 3155/3550/706 3156/3551/705 3154/3552/707
f 3155/3550/706 3157/3553/704 3158/3554/810 3156/3551/705
f 3157/3553/704 3159/3555/702 3160/3556/701 3158/3554/810
f 3159/3555/702 3161/3557/700 3162/3558/699 3160/3556/701
f 3161/3557/700 3163/3559/698 3164/3560/697 3162/3558/699
f 3163/3559/698 3165/3561/696 3166/3562/695 3164/3560/697
f 3165/3563/696 3167/3564/1 3168/3565/1 3166/3566/695
f 3167/3564/1 3169/3567/1 3170/3568/1 3168/3565/1
f 3152/3546/33 3151/3545/33 3171/3569/33 3172/3570/33
f 3151/3545/33 3154/3548/707 3173/3571/582 3171/3569/33
f 3154/3552/707 3156/3551/705 3174/3572/581 3173/3573/582
f 3156/3551/705 3158/3554/810 3175/3574/580 3174/3572/581
f 3158/3554/810 3160/3556/701 3176/3575/2 3175/3574/580
f 3160/3556/701 3162/3558/699 3177/3576/579 3176/3575/2
f 3162/3558/699 3164/3560/697 3178/3577/578 3177/3576/579
f 3164/3560/697 3166/3562/695 3179/3578/577 3178/3577/578
f 3166/3566/695 3168/3565/1 3180/3579/1 3179/3580/577
f 3168/3565/1 3170/3568/1 3181/3581/1 3180/3579/1
f 3182/3582/33 3183/3583/33 3184/3584/33 3185/3585/33
f 3185/3585/33 3184/3584/33 3186/3586/811 3187/3587/812
f 3187/3588/812 3186/3589/811 3188/3590/813 3189/3591/719
f 3189/3591/719 3188/3590/813 3190/3592/718 3191/3593/717
f 3191/3593/717 3190/3592/718 3192/3594/716 3193/3595/715
f 3193/3595/715 3192/3594/716 3194/3596/814 3195/3597/713
f 3195/3597/713 3194/3596/814 3196/3598/815 3197/3599/816
f 3197/3599/816 3196/3598/815 3198/3600/817 3199/3601/818
f 3199/3602/818 3198/3603/817 3200/3604/1 3201/3605/1
f 3201/3605/1 3200/3604/1 3202/3606/1 3203/3607/1
f 3182/3582/33 3185/3585/33 3150/3544/33 3149/3543/33
f 3185/3585/33 3187/3587/812 3153/3547/708 3150/3544/33
f 3187/3588/812 3189/3591/719 3155/3608/706 3153/3609/708
f 3189/3591/719 3191/3593/717 3157/3610/704 3155/3608/706
f 3191/3593/717 3193/3595/715 3159/3611/702 3157/3610/704
f 3193/3595/715 3195/3597/713 3161/3612/700 3159/3611/702
f 3195/3597/713 3197/3599/816 3163/3613/698 3161/3612/700
f 3197/3599/816 3199/3601/818 3165/3614/696 3163/3613/698
f 3199/3602/818 3201/3605/1 3167/3564/1 3165/3563/696
f 3201/3605/1 3203/3607/1 3169/3567/1 3167/3564/1
f 3171/3569/33 3204/3615/33 3205/3616/33 3172/3570/33
f 3173/3571/582 3206/3617/582 3204/3615/33 3171/3569/33
f 3174/3572/581 3207/3618/581 3206/3619/582 3173/3573/582
f 3175/3574/580 3208/3620/580 3207/3618/581 3174/3572/581
f 3176/3575/2 3209/3621/2 3208/3620/580 3175/3574/580
f 3177/3576/579 3210/3622/579 3209/3621/2 3176/3575/2
f 3178/3577/578 3211/3623/578 3210/3622/579 3177/3576/579
f 3179/3578/577 3212/3624/577 3211/3623/578 3178/3577/578
f 3180/3579/1 3213/3625/1 3212/3626/577 3179/3580/577
f 3181/3581/1 3214/3627/1 3213/3625/1 3180/3579/1
f 3184/3584/33 3183/3583/33 3215/3628/33 3216/3629/33
f 3186/3586/811 3184/3584/33 3216/3629/33 3217/3630/819
f 3188/3590/813 3186/3589/811 3217/3631/819 3218/3632/727
f 3190/3592/718 3188/3590/813 3218/3632/727 3219/3633/726
f 3192/3594/716 3190/3592/718 3219/3633/726 3220/3634/691
f 3194/3596/814 3192/3594/716 3220/3634/691 3221/3635/725
f 3196/3598/815 3194/3596/814 3221/3635/725 3222/3636/724
f 3198/3600/817 3196/3598/815 3222/3636/724 3223/3637/820
f 3200/3604/1 3198/3603/817 3223/3638/820 3224/3639/1
f 3202/3606/1 3200/3604/1 3224/3639/1 3225/3640/1
f 3215/3628/33 3226/3641/33 3227/3642/33 3216/3629/33
f 3216/3629/33 3227/3642/33 3228/3643/821 3217/3630/819
f 3217/3631/819 3228/3644/821 3229/3645/733 3218/3632/727
f 3218/3632/727 3229/3645/733 3230/3646/822 3219/3633/726
f 3219/3633/726 3230/3646/822 3231/3647/691 3220/3634/691
f 3220/3634/691 3231/3647/691 3232/3648/823 3221/3635/725
f 3221/3635/725 3232/3648/823 3233/3649/824 3222/3636/724
f 3222/3636/724 3233/3649/824 3234/3650/825 3223/3637/820
f 3223/3638/820 3234/3651/825 3235/3652/1 3224/3639/1
f 3224/3639/1 3235/3652/1 3236/3653/1 3225/3640/1
f 3237/3654/33 3238/3655/33 3239/3656/33 3240/3657/33
f 3241/3658/745 3237/3654/33 3240/3657/33 3242/3659/746
f 3243/3660/743 3241/3661/745 3242/3662/746 3244/3663/744
f 3245/3664/741 3243/3660/743 3244/3663/744 3246/3665/742
f 3247/3666/691 3245/3664/741 3246/3665/742 3248/3667/691
f 3249/3668/739 3247/3666/691 3248/3667/691 3250/3669/740
f 3251/3670/737 3249/3668/739 3250/3669/740 3252/3671/738
f 3253/3672/735 3251/3670/737 3252/3671/738 3254/3673/736
f 3255/3674/1 3253/3675/735 3254/3676/736 3256/3677/1
f 3257/3678/1 3255/3674/1 3256/3677/1 3258/3679/1
f 3205/3616/33 3204/3615/33 3259/3680/33 3260/3681/33
f 3204/3615/33 3206/3617/582 3261/3682/582 3259/3680/33
f 3206/3619/582 3207/3618/581 3262/3683/581 3261/3684/582
f 3207/3618/581 3208/3620/580 3263/3685/580 3262/3683/581
f 3208/3620/580 3209/3621/2 3264/3686/2 3263/3685/580
f 3209/3621/2 3210/3622/579 3265/3687/579 3264/3686/2
f 3210/3622/579 3211/3623/578 3266/3688/578 3265/3687/579
f 3211/3623/578 3212/3624/577 3267/3689/577 3266/3688/578
f 3212/3626/577 3213/3625/1 3268/3690/1 3267/3691/577
f 3213/3625/1 3214/3627/1 3269/3692/1 3268/3690/1
f 3117/3505/33 3116/3504/33 3270/3693/33 3271/3694/33
f 3118/3506/548 3117/3505/33 3271/3694/33 3272/3695/548
f 3119/3508/547 3118/3507/548 3272/3696/548 3273/3697/547
f 3120/3509/546 3119/3508/547 3273/3697/547 3274/3698/546
f 3121/3510/25 3120/3509/546 3274/3698/546 3275/3699/25
f 3122/3511/545 3121/3510/25 3275/3699/25 3276/3700/545
f 3123/3512/544 3122/3511/545 3276/3700/545 3277/3701/544
f 3124/3513/543 3123/3512/544 3277/3701/544 3278/3702/543
f 3125/3515/1 3124/3514/543 3278/3703/543 3279/3704/1
f 3126/3516/1 3125/3515/1 3279/3704/1 3280/3705/1
f 3137/3529/1 3060/3433/1 3281/3706/1 3282/3707/1
f 3060/3433/1 3059/3432/1 3283/3708/1 3281/3706/1
f 3059/3432/1 3071/3446/1 3284/3709/1 3283/3708/1
f 3071/3446/1 3082/3465/1 3285/3710/1 3284/3709/1
f 3082/3465/1 3093/3477/1 3286/3711/1 3285/3710/1
f 3093/3477/1 3104/3490/1 3115/3503/1 3286/3711/1
f 3148/3542/1 3137/3529/1 3282/3707/1 3287/3712/1
f 3203/3607/1 3202/3606/1 3288/3713/1 3169/3567/1
f 3202/3606/1 3225/3640/1 3289/3714/1 3288/3713/1
f 3225/3640/1 3236/3653/1 3290/3715/1 3289/3714/1
f 3291/3716/1 3257/3678/1 3258/3679/1 3292/3717/1
f 3282/3707/1 3281/3706/1 3293/3718/1 3294/3719/1
f 3281/3706/1 3283/3708/1 3295/3720/1 3293/3718/1
f 3283/3708/1 3284/3709/1 3296/3721/1 3295/3720/1
f 3284/3709/1 3285/3710/1 3297/3722/1 3296/3721/1
f 3285/3710/1 3286/3711/1 3298/3723/1 3297/3722/1
f 3286/3711/1 3115/3503/1 3126/3516/1 3298/3723/1
f 3287/3712/1 3282/3707/1 3294/3719/1 3299/3724/1
f 3288/3713/1 3300/3725/1 3214/3627/1 3181/3581/1
f 3288/3713/1 3289/3714/1 3301/3726/1 3300/3725/1
f 3289/3714/1 3290/3715/1 3302/3727/1 3301/3726/1
f 3303/3728/1 3291/3716/1 3292/3717/1 3304/3729/1
f 3270/3693/33 3305/3730/33 3306/3731/33 3271/3694/33
f 3271/3694/33 3306/3731/33 3307/3732/548 3272/3695/548
f 3272/3696/548 3307/3733/548 3308/3734/547 3273/3697/547
f 3273/3697/547 3308/3734/547 3309/3735/546 3274/3698/546
f 3274/3698/546 3309/3735/546 3310/3736/25 3275/3699/25
f 3275/3699/25 3310/3736/25 3311/3737/545 3276/3700/545
f 3276/3700/545 3311/3737/545 3312/3738/544 3277/3701/544
f 3277/3701/544 3312/3738/544 3313/3739/543 3278/3702/543
f 3278/3703/543 3313/3740/543 3314/3741/1 3279/3704/1
f 3279/3704/1 3314/3741/1 3315/3742/1 3280/3705/1
f 3294/3719/1 3293/3718/1 3316/3743/1 3317/3744/1
f 3293/3718/1 3295/3720/1 3318/3745/1 3316/3743/1
f 3295/3720/1 3296/3721/1 3319/3746/1 3318/3745/1
f 3296/3721/1 3297/3722/1 3320/3747/1 3319/3746/1
f 3297/3722/1 3298/3723/1 3321/3748/1 3320/3747/1
f 3298/3723/1 3126/3516/1 3280/3705/1 3321/3748/1
f 3299/3724/1 3294/3719/1 3317/3744/1 3322/3749/1
f 3300/3725/1 3323/3750/1 3269/3692/1 3214/3627/1
f 3300/3725/1 3301/3726/1 3324/3751/1 3323/3750/1
f 3301/3726/1 3302/3727/1 3325/3752/1 3324/3751/1
f 3326/3753/1 3303/3728/1 3304/3729/1 3327/3754/1
f 3288/3713/1 3181/3581/1 3170/3568/1 3169/3567/1
f 3127/3517/33 3328/3755/33 3329/3756/33 3039/3409/33
f 3039/3409/33 3329/3756/33 3330/3757/33 3040/3410/33
f 3040/3410/33 3330/3757/33 3331/3758/33 3061/3434/33
f 3061/3434/33 3331/3758/33 3332/3759/33 3072/3447/33
f 3072/3447/33 3332/3759/33 3333/3760/33 3083/3466/33
f 3083/3466/33 3333/3760/33 3105/3491/33 3094/3478/33
f 3139/3531/33 3334/3761/33 3328/3755/33 3127/3517/33
f 3182/3582/33 3149/3543/33 3335/3762/33 3183/3583/33
f 3183/3583/33 3335/3762/33 3336/3763/33 3215/3628/33
f 3215/3628/33 3336/3763/33 3337/3764/33 3226/3641/33
f 3238/3655/33 3338/3765/33 3339/3766/33 3239/3656/33
f 3328/3755/33 3340/3767/33 3341/3768/33 3329/3756/33
f 3329/3756/33 3341/3768/33 3342/3769/33 3330/3757/33
f 3330/3757/33 3342/3769/33 3343/3770/33 3331/3758/33
f 3331/3758/33 3343/3770/33 3344/3771/33 3332/3759/33
f 3332/3759/33 3344/3771/33 3345/3772/33 3333/3760/33
f 3333/3760/33 3345/3772/33 3116/3504/33 3105/3491/33
f 3334/3761/33 3346/3773/33 3340/3767/33 3328/3755/33
f 3335/3762/33 3172/3570/33 3205/3616/33 3347/3774/33
f 3335/3762/33 3347/3774/33 3348/3775/33 3336/3763/33
f 3336/3763/33 3348/3775/33 3349/3776/33 3337/3764/33
f 3338/3765/33 3350/3777/33 3351/3778/33 3339/3766/33
f 3340/3767/33 3352/3779/33 3353/3780/33 3341/3768/33
f 3341/3768/33 3353/3780/33 3354/3781/33 3342/3769/33
f 3342/3769/33 3354/3781/33 3355/3782/33 3343/3770/33
f 3343/3770/33 3355/3782/33 3356/3783/33 3344/3771/33
f 3344/3771/33 3356/3783/33 3357/3784/33 3345/3772/33
f 3345/3772/33 3357/3784/33 3270/3693/33 3116/3504/33
f 3346/3773/33 3358/3785/33 3352/3779/33 3340/3767/33
f 3347/3774/33 3205/3616/33 3260/3681/33 3359/3786/33
f 3347/3774/33 3359/3786/33 3360/3787/33 3348/3775/33
f 3348/3775/33 3360/3787/33 3361/3788/33 3349/3776/33
f 3350/3777/33 3362/3789/33 3363/3790/33 3351/3778/33
f 3335/3762/33 3149/3543/33 3152/3546/33 3172/3570/33
f 3260/3681/33 3259/3680/33 2873/3215/33 2872/3214/33
f 3259/3680/33 3261/3682/582 2874/3216/582 2873/3215/33
f 3261/3684/582 3262/3683/581 2875/3218/581 2874/3217/582
f 3262/3683/581 3263/3685/580 2876/3219/580 2875/3218/581
f 3263/3685/580 3264/3686/2 2877/3220/2 2876/3219/580
f 3264/3686/2 3265/3687/579 2878/3221/579 2877/3220/2
f 3265/3687/579 3266/3688/578 2879/3222/578 2878/3221/579
f 3266/3688/578 3267/3689/577 2880/3223/577 2879/3222/578
f 3267/3691/577 3268/3690/1 2881/3225/1 2880/3224/577
f 3268/3690/1 3269/3692/1 2882/3226/1 2881/3225/1
f 3317/3744/1 3316/3743/1 3364/3791/1 3365/3792/1
f 3316/3743/1 3318/3745/1 3366/3793/1 3364/3791/1
f 3318/3745/1 3319/3746/1 3367/3794/1 3366/3793/1
f 3319/3746/1 3320/3747/1 3368/3795/1 3367/3794/1
f 3320/3747/1 3321/3748/1 3369/3796/1 3368/3795/1
f 3322/3749/1 3317/3744/1 3365/3792/1 3370/3797/1
f 3269/3692/1 3323/3750/1 2890/3234/1 2882/3226/1
f 3323/3750/1 3324/3751/1 2891/3235/1 2890/3234/1
f 3324/3751/1 3325/3752/1 2892/3236/1 2891/3235/1
f 3353/3780/33 3352/3779/33 3371/3798/33 3372/3799/33
f 3354/3781/33 3353/3780/33 3372/3799/33 3373/3800/33
f 3355/3782/33 3354/3781/33 3373/3800/33 3374/3801/33
f 3356/3783/33 3355/3782/33 3374/3801/33 3375/3802/33
f 3357/3784/33 3356/3783/33 3375/3802/33 3376/3803/33
f 3352/3779/33 3358/3785/33 3377/3804/33 3371/3798/33
f 3359/3786/33 3260/3681/33 2872/3214/33 2900/3244/33
f 3360/3787/33 3359/3786/33 2900/3244/33 2901/3245/33
f 3361/3788/33 3360/3787/33 2901/3245/33 2902/3246/33
f 3321/3748/1 3280/3705/1 3315/3742/1 3369/3796/1
f 3270/3693/33 3357/3784/33 3376/3803/33 3305/3730/33
f 2903/3247/1 3326/3753/1 3327/3754/1 2904/3248/1
f 2905/3248/33 3363/3790/33 3362/3789/33 2906/3249/33
f 3378/3805/747 3379/3806/747 2909/3252/25 2908/3251/25
f 3380/3807/748 3381/3808/748 3379/3806/747 3378/3805/747
f 3382/3809/5 3383/3810/5 3381/3808/748 3380/3807/748
f 3384/3811/5 3385/3812/5 3383/3810/5 3382/3809/5
f 3386/3813/5 3387/3814/5 3385/3812/5 3384/3811/5
f 3388/3815/5 3389/3816/5 3387/3814/5 3386/3813/5
f 3390/3817/5 3391/3818/5 3389/3816/5 3388/3815/5
f 3392/3819/5 3393/3820/5 3391/3818/5 3390/3817/5
f 3394/3821/5 3395/3822/5 3393/3820/5 3392/3819/5
f 3396/3823/5 3397/3824/5 3395/3822/5 3394/3821/5
f 3398/3825/5 3399/3826/5 3397/3824/5 3396/3823/5
f 3400/3827/5 3401/3828/5 3399/3826/5 3398/3825/5
f 3401/3828/5 3402/3829/5 3403/3830/5 3399/3826/5
f 2909/3252/25 3379/3806/747 3404/3831/747 2935/3278/25
f 3379/3806/747 3381/3808/748 3405/3832/748 3404/3831/747
f 3381/3808/748 3383/3810/5 3406/3833/5 3405/3832/748
f 3383/3810/5 3385/3812/5 3407/3834/5 3406/3833/5
f 3385/3812/5 3387/3814/5 3408/3835/5 3407/3834/5
f 3387/3814/5 3389/3816/5 3409/3836/5 3408/3835/5
f 3389/3816/5 3391/3818/5 3410/3837/5 3409/3836/5
f 3391/3818/5 3393/3820/5 3411/3838/5 3410/3837/5
f 3393/3820/5 3395/3822/5 3412/3839/5 3411/3838/5
f 3395/3822/5 3397/3824/5 3413/3840/5 3412/3839/5
f 3397/3824/5 3399/3826/5 3414/3841/5 3413/3840/5
f 3399/3826/5 3403/3830/5 3415/3842/5 3414/3841/5
f 3413/3840/5 3416/3843/5 3417/3844/5 3412/3839/5
f 3414/3841/5 3418/3845/5 3416/3843/5 3413/3840/5
f 3415/3842/5 3419/3846/5 3418/3845/5 3414/3841/5
f 3403/3830/5 3420/3847/5 3419/3846/5 3415/3842/5
f 3402/3829/5 3421/3848/5 3420/3847/5 3403/3830/5
f 3401/3828/5 3422/3849/5 3421/3848/5 3402/3829/5
f 3400/3827/5 3423/3850/5 3422/3849/5 3401/3828/5
f 3398/3825/5 3424/3851/5 3423/3850/5 3400/3827/5
f 3396/3823/5 3425/3852/5 3424/3851/5 3398/3825/5
f 3394/3821/5 3426/3853/5 3425/3852/5 3396/3823/5
f 3392/3819/5 3427/3854/5 3426/3853/5 3394/3821/5
f 3390/3817/5 3428/3855/5 3427/3854/5 3392/3819/5
f 3388/3815/5 3429/3856/5 3428/3855/5 3390/3817/5
f 3386/3813/5 3430/3857/5 3429/3856/5 3388/3815/5
f 3384/3811/5 3431/3858/5 3430/3857/5 3386/3813/5
f 3382/3809/5 3432/3859/5 3431/3858/5 3384/3811/5
f 3380/3807/748 3433/3860/748 3432/3859/5 3382/3809/5
f 3378/3805/747 3434/3861/747 3433/3860/748 3380/3807/748
f 2908/3251/25 2967/3310/25 3434/3861/747 3378/3805/747
f 3404/3831/747 3435/3862/747 2968/3311/25 2935/3278/25
f 3405/3832/748 3436/3863/748 3435/3862/747 3404/3831/747
f 3406/3833/5 3437/3864/5 3436/3863/748 3405/3832/748
f 3407/3834/5 3438/3865/5 3437/3864/5 3406/3833/5
f 3408/3835/5 3439/3866/5 3438/3865/5 3407/3834/5
f 3409/3836/5 3440/3867/5 3439/3866/5 3408/3835/5
f 3410/3837/5 3441/3868/5 3440/3867/5 3409/3836/5
f 3411/3838/5 3442/3869/5 3441/3868/5 3410/3837/5
f 3412/3839/5 3417/3844/5 3442/3869/5 3411/3838/5
f 3306/3731/33 3305/3730/33 3443/3870/33 3444/3871/33
f 3307/3732/548 3306/3731/33 3444/3871/33 3445/3872/548
f 3308/3734/547 3307/3733/548 3445/3873/548 3446/3874/547
f 3309/3735/546 3308/3734/547 3446/3874/547 3447/3875/546
f 3310/3736/25 3309/3735/546 3447/3875/546 3448/3876/25
f 3311/3737/545 3310/3736/25 3448/3876/25 3449/3877/545
f 3312/3738/544 3311/3737/545 3449/3877/545 3450/3878/544
f 3313/3739/543 3312/3738/544 3450/3878/544 3451/3879/543
f 3314/3741/1 3313/3740/543 3451/3880/543 3452/3881/1
f 3315/3742/1 3314/3741/1 3452/3881/1 3453/3882/1
f 3365/3792/1 3364/3791/1 3454/3883/1 3455/3884/1
f 3364/3791/1 3366/3793/1 3456/3885/1 3454/3883/1
f 3366/3793/1 3367/3794/1 3457/3886/1 3456/3885/1
f 3367/3794/1 3368/3795/1 3458/3887/1 3457/3886/1
f 3368/3795/1 3369/3796/1 3459/3888/1 3458/3887/1
f 3370/3797/1 3365/3792/1 3455/3884/1 3460/3889/1
f 3461/3890/1 3370/3797/1 3460/3889/1 3462/3891/1
f 3372/3799/33 3371/3798/33 3463/3892/33 3464/3893/33
f 3373/3800/33 3372/3799/33 3464/3893/33 3465/3894/33
f 3374/3801/33 3373/3800/33 3465/3894/33 3466/3895/33
f 3375/3802/33 3374/3801/33 3466/3895/33 3467/3896/33
f 3376/3803/33 3375/3802/33 3467/3896/33 3468/3897/33
f 3371/3798/33 3377/3804/33 3469/3898/33 3463/3892/33
f 3377/3804/33 3470/3899/33 3471/3900/33 3469/3898/33
f 3369/3796/1 3315/3742/1 3453/3882/1 3459/3888/1
f 3305/3730/33 3376/3803/33 3468/3897/33 3443/3870/33
f 3006/3351/1 3461/3890/1 3462/3891/1 3007/3352/1
f 3470/3899/33 3009/3351/33 3008/3352/33 3471/3900/33
f 3240/3657/33 3239/3656/33 3139/3531/33 3138/3530/33
f 3238/3655/33 3237/3654/33 3227/3642/33 3226/3641/33
f 3242/3659/746 3240/3657/33 3138/3530/33 3140/3532/694
f 3237/3654/33 3241/3658/745 3228/3643/821 3227/3642/33
f 3244/3663/744 3242/3662/746 3140/3534/694 3141/3533/809
f 3241/3661/745 3243/3660/743 3229/3645/733 3228/3644/821
f 3246/3665/742 3244/3663/744 3141/3533/809 3142/3535/692
f 3243/3660/743 3245/3664/741 3230/3646/822 3229/3645/733
f 3248/3667/691 3246/3665/742 3142/3535/692 3143/3536/691
f 3245/3664/741 3247/3666/691 3231/3647/691 3230/3646/822
f 3250/3669/740 3248/3667/691 3143/3536/691 3144/3537/690
f 3247/3666/691 3249/3668/739 3232/3648/823 3231/3647/691
f 3252/3671/738 3250/3669/740 3144/3537/690 3145/3538/689
f 3249/3668/739 3251/3670/737 3233/3649/824 3232/3648/823
f 3254/3673/736 3252/3671/738 3145/3538/689 3146/3539/688
f 3251/3670/737 3253/3672/735 3234/3650/825 3233/3649/824
f 3256/3677/1 3254/3676/736 3146/3541/688 3147/3540/1
f 3253/3675/735 3255/3674/1 3235/3652/1 3234/3651/825
f 3258/3679/1 3256/3677/1 3147/3540/1 3148/3542/1
f 3255/3674/1 3257/3678/1 3236/3653/1 3235/3652/1
f 3292/3717/1 3258/3679/1 3148/3542/1 3287/3712/1
f 3257/3678/1 3291/3716/1 3290/3715/1 3236/3653/1
f 3304/3729/1 3292/3717/1 3287/3712/1 3299/3724/1
f 3291/3716/1 3303/3728/1 3302/3727/1 3290/3715/1
f 3327/3754/1 3304/3729/1 3299/3724/1 3322/3749/1
f 3303/3728/1 3326/3753/1 3325/3752/1 3302/3727/1
f 3239/3656/33 3339/3766/33 3334/3761/33 3139/3531/33
f 3338/3765/33 3238/3655/33 3226/3641/33 3337/3764/33
f 3339/3766/33 3351/3778/33 3346/3773/33 3334/3761/33
f 3350/3777/33 3338/3765/33 3337/3764/33 3349/3776/33
f 3351/3778/33 3363/3790/33 3358/3785/33 3346/3773/33
f 3362/3789/33 3350/3777/33 3349/3776/33 3361/3788/33
f 3327/3754/1 3322/3749/1 3370/3797/1 3461/3890/1
f 3363/3790/33 3470/3899/33 3377/3804/33 3358/3785/33
f 2904/3248/1 3327/3754/1 3461/3890/1 3006/3351/1
f 3326/3753/1 2903/3247/1 2892/3236/1 3325/3752/1
f 2906/3249/33 3362/3789/33 3361/3788/33 2902/3246/33
f 3363/3790/33 2905/3248/33 3009/3351/33 3470/3899/33
f 3417/3844/5 3416/3843/5 3472/3901/757 3473/3902/757
f 3416/3843/5 3418/3845/5 3474/3903/756 3472/3901/757
f 3418/3845/5 3419/3846/5 3475/3904/755 3474/3903/756
f 3419/3846/5 3420/3847/5 3476/3905/754 3475/3904/755
f 3420/3847/5 3421/3848/5 3477/3906/753 3476/3905/754
f 3421/3848/5 3422/3849/5 3478/3907/752 3477/3906/753
f 3422/3849/5 3423/3850/5 3479/3908/751 3478/3907/752
f 3423/3850/5 3424/3851/5 3480/3909/750 3479/3908/751
f 3424/3851/5 3425/3852/5 3481/3910/749 3480/3909/750
f 3425/3852/5 3426/3853/5 3482/3911/749 3481/3910/749
f 3426/3853/5 3427/3854/5 3483/3912/749 3482/3911/749
f 3427/3854/5 3428/3855/5 3484/3913/749 3483/3912/749
f 3428/3855/5 3429/3856/5 3485/3914/749 3484/3913/749
f 3429/3856/5 3430/3857/5 3486/3915/749 3485/3914/749
f 3430/3857/5 3431/3858/5 3487/3916/749 3486/3915/749
f 3431/3858/5 3432/3859/5 3488/3917/749 3487/3916/749
f 3432/3859/5 3433/3860/748 3489/3918/761 3488/3917/749
f 3433/3860/748 3434/3861/747 3490/3919/826 3489/3918/761
f 3434/3861/747 2967/3310/25 3029/3372/637 3490/3919/826
f 2968/3311/25 3435/3862/747 3491/3920/827 3030/3373/635
f 3435/3862/747 3436/3863/748 3492/3921/758 3491/3920/827
f 3436/3863/748 3437/3864/5 3493/3922/757 3492/3921/758
f 3437/3864/5 3438/3865/5 3494/3923/757 3493/3922/757
f 3438/3865/5 3439/3866/5 3495/3924/757 3494/3923/757
f 3439/3866/5 3440/3867/5 3496/3925/757 3495/3924/757
f 3440/3867/5 3441/3868/5 3497/3926/757 3496/3925/757
f 3441/3868/5 3442/3869/5 3498/3927/757 3497/3926/757
f 3442/3869/5 3417/3844/5 3473/3902/757 3498/3927/757
f 3444/3871/33 3443/3870/33 3473/3928/757 3472/3929/757
f 3445/3872/548 3444/3871/33 3472/3929/757 3474/3930/756
f 3446/3874/547 3445/3873/548 3474/3931/756 3475/3932/755
f 3447/3875/546 3446/3874/547 3475/3932/755 3476/3933/754
f 3448/3876/25 3447/3875/546 3476/3933/754 3477/3934/753
f 3449/3877/545 3448/3876/25 3477/3934/753 3478/3935/752
f 3450/3878/544 3449/3877/545 3478/3935/752 3479/3936/751
f 3451/3879/543 3450/3878/544 3479/3936/751 3480/3937/750
f 3452/3881/1 3451/3880/543 3480/3938/750 3481/3939/749
f 3453/3882/1 3452/3881/1 3481/3939/749 3482/3940/749
f 3455/3884/1 3454/3883/1 3487/3941/749 3488/3942/749
f 3454/3883/1 3456/3885/1 3486/3943/749 3487/3941/749
f 3456/3885/1 3457/3886/1 3485/3944/749 3486/3943/749
f 3457/3886/1 3458/3887/1 3484/3945/749 3485/3944/749
f 3458/3887/1 3459/3888/1 3483/3946/749 3484/3945/749
f 3460/3889/1 3455/3884/1 3488/3942/749 3489/3947/761
f 3462/3891/1 3460/3889/1 3489/3947/761 3490/3948/826
f 3464/3893/33 3463/3892/33 3493/3949/757 3494/3950/757
f 3465/3894/33 3464/3893/33 3494/3950/757 3495/3951/757
f 3466/3895/33 3465/3894/33 3495/3951/757 3496/3952/757
f 3467/3896/33 3466/3895/33 3496/3952/757 3497/3953/757
f 3468/3897/33 3467/3896/33 3497/3953/757 3498/3954/757
f 3463/3892/33 3469/3898/33 3492/3955/758 3493/3949/757
f 3469/3898/33 3471/3900/33 3491/3956/827 3492/3955/758
f 3459/3888/1 3453/3882/1 3482/3940/749 3483/3946/749
f 3443/3870/33 3468/3897/33 3498/3954/757 3473/3928/757
f 3007/3352/1 3462/3891/1 3490/3948/826 3029/3408/637
f 3471/3900/33 3008/3352/33 3030/3408/635 3491/3956/827
f 3499/3957/828 3500/3958/829 3501/3959/830 3502/3960/831
f 3500/3958/829 3503/3961/832 3504/3962/833 3501/3959/830
f 3503/3961/832 3505/3963/834 3506/3964/835 3504/3962/833
f 3505/3963/834 3507/3965/8 3508/3966/624 3506/3964/835
f 3509/3967/8 3510/3968/8 3511/3969/624 3512/3970/624
f 3502/3960/831 3501/3959/830 3513/3971/836 3514/3972/837
f 3501/3959/830 3504/3962/833 3515/3973/838 3513/3971/836
f 3504/3962/833 3506/3964/835 3516/3974/839 3515/3973/838
f 3506/3964/835 3508/3966/624 3517/3975/1 3516/3974/839
f 3512/3970/624 3511/3969/624 3518/3976/1 3519/3977/1
f 3514/3972/837 3513/3971/836 3520/3978/840 3521/3979/841
f 3513/3971/836 3515/3973/838 3522/3980/842 3520/3978/840
f 3515/3973/838 3516/3974/839 3523/3981/843 3522/3980/842
f 3516/3974/839 3517/3975/1 3524/3982/749 3523/3981/843
f 3519/3977/1 3518/3976/1 3525/3983/749 3526/3984/749
f 3521/3979/841 3520/3978/840 3527/3985/844 3528/3986/845
f 3520/3978/840 3522/3980/842 3529/3987/846 3527/3985/844
f 3522/3980/842 3523/3981/843 3530/3988/847 3529/3987/846
f 3523/3981/843 3524/3982/749 3531/3989/5 3530/3988/847
f 3526/3984/749 3525/3983/749 3532/3990/5 3533/3991/5
f 3528/3986/845 3527/3985/844 3534/3992/848 3535/3993/849
f 3527/3985/844 3529/3987/846 3536/3994/850 3534/3992/848
f 3529/3987/846 3530/3988/847 3537/3995/851 3536/3994/850
f 3530/3988/847 3531/3989/5 3538/3996/757 3537/3995/851
f 3533/3991/5 3532/3990/5 3539/3997/757 3540/3998/757
f 3535/3993/849 3534/3992/848 3541/3999/852 3542/4000/853
f 3534/3992/848 3536/3994/850 3543/4001/854 3541/3999/852
f 3536/3994/850 3537/3995/851 3544/4002/855 3543/4001/854
f 3537/3995/851 3538/3996/757 3545/4003/33 3544/4002/855
f 3540/3998/757 3539/3997/757 3546/4004/33 3547/4005/33
f 3542/4000/853 3541/3999/852 3548/4006/856 3549/4007/857
f 3541/3999/852 3543/4001/854 3550/4008/858 3548/4006/856
f 3543/4001/854 3544/4002/855 3551/4009/859 3550/4008/858
f 3544/4002/855 3545/4003/33 3552/4010/632 3551/4009/859
f 3547/4005/33 3546/4004/33 3553/4011/632 3554/4012/632
f 3549/4007/857 3548/4006/856 3500/3958/829 3499/3957/828
f 3548/4006/856 3550/4008/858 3503/3961/832 3500/3958/829
f 3550/4008/858 3551/4009/859 3505/3963/834 3503/3961/832
f 3551/4009/859 3552/4010/632 3507/3965/8 3505/3963/834
f 3554/4012/632 3553/4011/632 3510/3968/8 3509/3967/8
f 3514/3972/837 3555/4013/2 3499/3957/828 3502/3960/831
f 3528/3986/845 3555/4013/2 3514/3972/837 3521/3979/841
f 3542/4000/853 3555/4013/2 3528/3986/845 3535/3993/849
f 3499/3957/828 3555/4013/2 3542/4000/853 3549/4007/857
f 3556/4014/25 3557/4015/25 3558/4016/25 3559/4017/25
f 3556/4014/25 3560/4018/25 3561/4019/25 3557/4015/25
f 3556/4014/25 3562/4020/25 3563/4021/25 3560/4018/25
f 3556/4014/25 3559/4017/25 3564/4022/25 3562/4020/25
f 3511/3969/624 3510/3968/8 3565/4023/860 3566/4024/861
f 3518/3976/1 3511/3969/624 3566/4024/861 3567/4025/862
f 3525/3983/749 3518/3976/1 3567/4025/862 3568/4026/863
f 3532/3990/5 3525/3983/749 3568/4026/863 3569/4027/864
f 3539/3997/757 3532/3990/5 3569/4027/864 3570/4028/865
f 3546/4004/33 3539/3997/757 3570/4028/865 3571/4029/866
f 3553/4011/632 3546/4004/33 3571/4029/866 3572/4030/867
f 3510/3968/8 3553/4011/632 3572/4030/867 3565/4023/860
f 3559/4017/25 3558/4016/25 3573/4031/25 3574/4032/25
f 3558/4016/25 3557/4015/25 3575/4033/25 3573/4031/25
f 3557/4015/25 3561/4019/25 3576/4034/25 3575/4033/25
f 3561/4019/25 3560/4018/25 3577/4035/25 3576/4034/25
f 3560/4018/25 3563/4021/25 3578/4036/25 3577/4035/25
f 3563/4021/25 3562/4020/25 3579/4037/25 3578/4036/25
f 3562/4020/25 3564/4022/25 3580/4038/25 3579/4037/25
f 3564/4022/25 3559/4017/25 3574/4032/25 3580/4038/25
f 3566/4039/861 3565/4040/860 3574/4032/25 3573/4031/25
f 3567/4025/862 3566/4039/861 3573/4031/25 3575/4033/25
f 3568/4026/863 3567/4025/862 3575/4033/25 3576/4034/25
f 3569/4041/864 3568/4026/863 3576/4034/25 3577/4035/25
f 3570/4042/865 3569/4041/864 3577/4035/25 3578/4036/25
f 3571/4043/866 3570/4042/865 3578/4036/25 3579/4037/25
f 3572/4044/867 3571/4043/866 3579/4037/25 3580/4038/25
f 3565/4040/860 3572/4044/867 3580/4038/25 3574/4032/25
f 3507/3965/8 3509/3967/8 3512/3970/624 3508/3966/624
f 3508/3966/624 3512/3970/624 3519/3977/1 3517/3975/1
f 3517/3975/1 3519/3977/1 3526/3984/749 3524/3982/749
f 3524/3982/749 3526/3984/749 3533/3991/5 3531/3989/5
f 3531/3989/5 3533/3991/5 3540/3998/757 3538/3996/757
f 3538/3996/757 3540/3998/757 3547/4005/33 3545/4003/33
f 3545/4003/33 3547/4005/33 3554/4012/632 3552/4010/632
f 3552/4010/632 3554/4012/632 3509/3967/8 3507/3965/8
f 3581/4045/828 3582/4046/829 3583/4047/830 3584/4048/831
f 3582/4046/829 3585/4049/832 3586/4050/833 3583/4047/830
f 3585/4049/832 3587/4051/834 3588/4052/835 3586/4050/833
f 3587/4051/834 3589/4053/8 3590/4054/624 3588/4052/835
f 3591/4055/8 3592/4056/8 3593/4057/624 3594/4058/624
f 3584/4048/831 3583/4047/830 3595/4059/836 3596/4060/837
f 3583/4047/830 3586/4050/833 3597/4061/838 3595/4059/836
f 3586/4050/833 3588/4052/835 3598/4062/839 3597/4061/838
f 3588/4052/835 3590/4054/624 3599/4063/1 3598/4062/839
f 3594/4058/624 3593/4057/624 3600/4064/1 3601/4065/1
f 3596/4060/837 3595/4059/836 3602/4066/840 3603/4067/841
f 3595/4059/836 3597/4061/838 3604/4068/842 3602/4066/840
f 3597/4061/838 3598/4062/839 3605/4069/843 3604/4068/842
f 3598/4062/839 3599/4063/1 3606/4070/749 3605/4069/843
f 3601/4065/1 3600/4064/1 3607/4071/749 3608/4072/749
f 3603/4067/841 3602/4066/840 3609/4073/844 3610/4074/845
f 3602/4066/840 3604/4068/842 3611/4075/846 3609/4073/844
f 3604/4068/842 3605/4069/843 3612/4076/847 3611/4075/846
f 3605/4069/843 3606/4070/749 3613/4077/5 3612/4076/847
f 3608/4072/749 3607/4071/749 3614/4078/5 3615/4079/5
f 3610/4074/845 3609/4073/844 3616/4080/848 3617/4081/849
f 3609/4073/844 3611/4075/846 3618/4082/850 3616/4080/848
f 3611/4075/846 3612/4076/847 3619/4083/851 3618/4082/850
f 3612/4076/847 3613/4077/5 3620/4084/757 3619/4083/851
f 3615/4079/5 3614/4078/5 3621/4085/757 3622/4086/757
f 3617/4081/849 3616/4080/848 3623/4087/852 3624/4088/853
f 3616/4080/848 3618/4082/850 3625/4089/854 3623/4087/852
f 3618/4082/850 3619/4083/851 3626/4090/855 3625/4089/854
f 3619/4083/851 3620/4084/757 3627/4091/33 3626/4090/855
f 3622/4086/757 3621/4085/757 3628/4092/33 3629/4093/33
f 3624/4088/853 3623/4087/852 3630/4094/856 3631/4095/857
f 3623/4087/852 3625/4089/854 3632/4096/858 3630/4094/856
f 3625/4089/854 3626/4090/855 3633/4097/859 3632/4096/858
f 3626/4090/855 3627/4091/33 3634/4098/632 3633/4097/859
f 3629/4093/33 3628/4092/33 3635/4099/632 3636/4100/632
f 3631/4095/857 3630/4094/856 3582/4046/829 3581/4045/828
f 3630/4094/856 3632/4096/858 3585/4049/832 3582/4046/829
f 3632/4096/858 3633/4097/859 3587/4051/834 3585/4049/832
f 3633/4097/859 3634/4098/632 3589/4053/8 3587/4051/834
f 3636/4100/632 3635/4099/632 3592/4056/8 3591/4055/8
f 3596/4060/837 3637/4101/2 3581/4045/828 3584/4048/831
f 3610/4074/845 3637/4101/2 3596/4060/837 3603/4067/841
f 3624/4088/853 3637/4101/2 3610/4074/845 3617/4081/849
f 3581/4045/828 3637/4101/2 3624/4088/853 3631/4095/857
f 3638/4102/25 3639/4103/25 3640/4104/25 3641/4105/25
f 3638/4102/25 3642/4106/25 3643/4107/25 3639/4103/25
f 3638/4102/25 3644/4108/25 3645/4109/25 3642/4106/25
f 3638/4102/25 3641/4105/25 3646/4110/25 3644/4108/25
f 3593/4057/624 3592/4056/8 3647/4111/860 3648/4112/861
f 3600/4064/1 3593/4057/624 3648/4112/861 3649/4113/862
f 3607/4071/749 3600/4064/1 3649/4113/862 3650/4114/863
f 3614/4078/5 3607/4071/749 3650/4114/863 3651/4115/864
f 3621/4085/757 3614/4078/5 3651/4115/864 3652/4116/865
f 3628/4092/33 3621/4085/757 3652/4116/865 3653/4117/866
f 3635/4099/632 3628/4092/33 3653/4117/866 3654/4118/867
f 3592/4056/8 3635/4099/632 3654/4118/867 3647/4111/860
f 3641/4105/25 3640/4104/25 3655/4119/25 3656/4120/25
f 3640/4104/25 3639/4103/25 3657/4121/25 3655/4119/25
f 3639/4103/25 3643/4107/25 3658/4122/25 3657/4121/25
f 3643/4107/25 3642/4106/25 3659/4123/25 3658/4122/25
f 3642/4106/25 3645/4109/25 3660/4124/25 3659/4123/25
f 3645/4109/25 3644/4108/25 3661/4125/25 3660/4124/25
f 3644/4108/25 3646/4110/25 3662/4126/25 3661/4125/25
f 3646/4110/25 3641/4105/25 3656/4120/25 3662/4126/25
f 3648/4127/861 3647/4128/860 3656/4120/25 3655/4119/25
f 3649/4113/862 3648/4127/861 3655/4119/25 3657/4121/25
f 3650/4114/863 3649/4113/862 3657/4121/25 3658/4122/25
f 3651/4129/864 3650/4114/863 3658/4122/25 3659/4123/25
f 3652/4130/865 3651/4129/864 3659/4123/25 3660/4124/25
f 3653/4131/866 3652/4130/865 3660/4124/25 3661/4125/25
f 3654/4132/867 3653/4131/866 3661/4125/25 3662/4126/25
f 3647/4128/860 3654/4132/867 3662/4126/25 3656/4120/25
f 3589/4053/8 3591/4055/8 3594/4058/624 3590/4054/624
f 3590/4054/624 3594/4058/624 3601/4065/1 3599/4063/1
f 3599/4063/1 3601/4065/1 3608/4072/749 3606/4070/749
f 3606/4070/749 3608/4072/749 3615/4079/5 3613/4077/5
f 3613/4077/5 3615/4079/5 3622/4086/757 3620/4084/757
f 3620/4084/757 3622/4086/757 3629/4093/33 3627/4091/33
f 3627/4091/33 3629/4093/33 3636/4100/632 3634/4098/632
f 3634/4098/632 3636/4100/632 3591/4055/8 3589/4053/8
f 3663/4133/828 3664/4134/829 3665/4135/830 3666/4136/831
f 3664/4134/829 3667/4137/832 3668/4138/833 3665/4135/830
f 3667/4137/832 3669/4139/834 3670/4140/835 3668/4138/833
f 3669/4139/834 3671/4141/8 3672/4142/624 3670/4140/835
f 3673/4143/8 3674/4144/8 3675/4145/624 3676/4146/624
f 3666/4136/831 3665/4135/830 3677/4147/836 3678/4148/837
f 3665/4135/830 3668/4138/833 3679/4149/838 3677/4147/836
f 3668/4138/833 3670/4140/835 3680/4150/839 3679/4149/838
f 3670/4140/835 3672/4142/624 3681/4151/1 3680/4150/839
f 3676/4146/624 3675/4145/624 3682/4152/1 3683/4153/1
f 3678/4148/837 3677/4147/836 3684/4154/840 3685/4155/841
f 3677/4147/836 3679/4149/838 3686/4156/868 3684/4154/840
f 3679/4149/838 3680/4150/839 3687/4157/843 3686/4156/868
f 3680/4150/839 3681/4151/1 3688/4158/749 3687/4157/843
f 3683/4153/1 3682/4152/1 3689/4159/749 3690/4160/749
f 3685/4155/841 3684/4154/840 3691/4161/844 3692/4162/845
f 3684/4154/840 3686/4156/868 3693/4163/846 3691/4161/844
f 3686/4156/868 3687/4157/843 3694/4164/847 3693/4163/846
f 3687/4157/843 3688/4158/749 3695/4165/5 3694/4164/847
f 3690/4160/749 3689/4159/749 3696/4166/5 3697/4167/5
f 3692/4162/845 3691/4161/844 3698/4168/848 3699/4169/849
f 3691/4161/844 3693/4163/846 3700/4170/850 3698/4168/848
f 3693/4163/846 3694/4164/847 3701/4171/851 3700/4170/850
f 3694/4164/847 3695/4165/5 3702/4172/757 3701/4171/851
f 3697/4167/5 3696/4166/5 3703/4173/757 3704/4174/757
f 3699/4169/849 3698/4168/848 3705/4175/852 3706/4176/853
f 3698/4168/848 3700/4170/850 3707/4177/854 3705/4175/852
f 3700/4170/850 3701/4171/851 3708/4178/855 3707/4177/854
f 3701/4171/851 3702/4172/757 3709/4179/33 3708/4178/855
f 3704/4174/757 3703/4173/757 3710/4180/33 3711/4181/33
f 3706/4176/853 3705/4175/852 3712/4182/856 3713/4183/857
f 3705/4175/852 3707/4177/854 3714/4184/858 3712/4182/856
f 3707/4177/854 3708/4178/855 3715/4185/859 3714/4184/858
f 3708/4178/855 3709/4179/33 3716/4186/632 3715/4185/859
f 3711/4181/33 3710/4180/33 3717/4187/632 3718/4188/632
f 3713/4183/857 3712/4182/856 3664/4134/829 3663/4133/828
f 3712/4182/856 3714/4184/858 3667/4137/832 3664/4134/829
f 3714/4184/858 3715/4185/859 3669/4139/834 3667/4137/832
f 3715/4185/859 3716/4186/632 3671/4141/8 3669/4139/834
f 3718/4188/632 3717/4187/632 3674/4144/8 3673/4143/8
f 3678/4148/837 3719/4189/2 3663/4133/828 3666/4136/831
f 3692/4162/845 3719/4189/2 3678/4148/837 3685/4155/841
f 3706/4176/853 3719/4189/2 3692/4162/845 3699/4169/849
f 3663/4133/828 3719/4189/2 3706/4176/853 3713/4183/857
f 3720/4190/25 3721/4191/25 3722/4192/25 3723/4193/25
f 3720/4190/25 3724/4194/25 3725/4195/25 3721/4191/25
f 3720/4190/25 3726/4196/25 3727/4197/25 3724/4194/25
f 3720/4190/25 3723/4193/25 3728/4198/25 3726/4196/25
f 3675/4145/624 3674/4144/8 3729/4199/860 3730/4200/861
f 3682/4152/1 3675/4145/624 3730/4200/861 3731/4201/862
f 3689/4159/749 3682/4152/1 3731/4201/862 3732/4202/863
f 3696/4166/5 3689/4159/749 3732/4202/863 3733/4203/864
f 3703/4173/757 3696/4166/5 3733/4203/864 3734/4204/865
f 3710/4180/33 3703/4173/757 3734/4204/865 3735/4205/866
f 3717/4187/632 3710/4180/33 3735/4205/866 3736/4206/867
f 3674/4144/8 3717/4187/632 3736/4206/867 3729/4199/860
f 3723/4193/25 3722/4192/25 3737/4207/25 3738/4208/25
f 3722/4192/25 3721/4191/25 3739/4209/25 3737/4207/25
f 3721/4191/25 3725/4195/25 3740/4210/25 3739/4209/25
f 3725/4195/25 3724/4194/25 3741/4211/25 3740/4210/25
f 3724/4194/25 3727/4197/25 3742/4212/25 3741/4211/25
f 3727/4197/25 3726/4196/25 3743/4213/25 3742/4212/25
f 3726/4196/25 3728/4198/25 3744/4214/25 3743/4213/25
f 3728/4198/25 3723/4193/25 3738/4208/25 3744/4214/25
f 3730/4215/861 3729/4216/860 3738/4208/25 3737/4207/25
f 3731/4201/862 3730/4215/861 3737/4207/25 3739/4209/25
f 3732/4202/863 3731/4201/862 3739/4209/25 3740/4210/25
f 3733/4217/864 3732/4202/863 3740/4210/25 3741/4211/25
f 3734/4218/865 3733/4217/864 3741/4211/25 3742/4212/25
f 3735/4219/866 3734/4218/865 3742/4212/25 3743/4213/25
f 3736/4220/867 3735/4219/866 3743/4213/25 3744/4214/25
f 3729/4216/860 3736/4220/867 3744/4214/25 3738/4208/25
f 3671/4141/8 3673/4143/8 3676/4146/624 3672/4142/624
f 3672/4142/624 3676/4146/624 3683/4153/1 3681/4151/1
f 3681/4151/1 3683/4153/1 3690/4160/749 3688/4158/749
f 3688/4158/749 3690/4160/749 3697/4167/5 3695/4165/5
f 3695/4165/5 3697/4167/5 3704/4174/757 3702/4172/757
f 3702/4172/757 3704/4174/757 3711/4181/33 3709/4179/33
f 3709/4179/33 3711/4181/33 3718/4188/632 3716/4186/632
f 3716/4186/632 3718/4188/632 3673/4143/8 3671/4141/8
f 3745/4221/828 3746/4222/829 3747/4223/830 3748/4224/831
f 3746/4222/829 3749/4225/832 3750/4226/833 3747/4223/830
f 3749/4225/832 3751/4227/834 3752/4228/835 3750/4226/833
f 3751/4227/834 3753/4229/8 3754/4230/624 3752/4228/835
f 3755/4231/8 3756/4232/8 3757/4233/624 3758/4234/624
f 3748/4224/831 3747/4223/830 3759/4235/836 3760/4236/837
f 3747/4223/830 3750/4226/833 3761/4237/838 3759/4235/836
f 3750/4226/833 3752/4228/835 3762/4238/839 3761/4237/838
f 3752/4228/835 3754/4230/624 3763/4239/1 3762/4238/839
f 3758/4234/624 3757/4233/624 3764/4240/1 3765/4241/1
f 3760/4236/837 3759/4235/836 3766/4242/840 3767/4243/841
f 3759/4235/836 3761/4237/838 3768/4244/868 3766/4242/840
f 3761/4237/838 3762/4238/839 3769/4245/843 3768/4244/868
f 3762/4238/839 3763/4239/1 3770/4246/749 3769/4245/843
f 3765/4241/1 3764/4240/1 3771/4247/749 3772/4248/749
f 3767/4243/841 3766/4242/840 3773/4249/844 3774/4250/845
f 3766/4242/840 3768/4244/868 3775/4251/846 3773/4249/844
f 3768/4244/868 3769/4245/843 3776/4252/847 3775/4251/846
f 3769/4245/843 3770/4246/749 3777/4253/5 3776/4252/847
f 3772/4248/749 3771/4247/749 3778/4254/5 3779/4255/5
f 3774/4250/845 3773/4249/844 3780/4256/848 3781/4257/849
f 3773/4249/844 3775/4251/846 3782/4258/850 3780/4256/848
f 3775/4251/846 3776/4252/847 3783/4259/851 3782/4258/850
f 3776/4252/847 3777/4253/5 3784/4260/757 3783/4259/851
f 3779/4255/5 3778/4254/5 3785/4261/757 3786/4262/757
f 3781/4257/849 3780/4256/848 3787/4263/852 3788/4264/853
f 3780/4256/848 3782/4258/850 3789/4265/854 3787/4263/852
f 3782/4258/850 3783/4259/851 3790/4266/855 3789/4265/854
f 3783/4259/851 3784/4260/757 3791/4267/33 3790/4266/855
f 3786/4262/757 3785/4261/757 3792/4268/33 3793/4269/33
f 3788/4264/853 3787/4263/852 3794/4270/856 3795/4271/857
f 3787/4263/852 3789/4265/854 3796/4272/858 3794/4270/856
f 3789/4265/854 3790/4266/855 3797/4273/859 3796/4272/858
f 3790/4266/855 3791/4267/33 3798/4274/632 3797/4273/859
f 3793/4269/33 3792/4268/33 3799/4275/632 3800/4276/632
f 3795/4271/857 3794/4270/856 3746/4222/829 3745/4221/828
f 3794/4270/856 3796/4272/858 3749/4225/832 3746/4222/829
f 3796/4272/858 3797/4273/859 3751/4227/834 3749/4225/832
f 3797/4273/859 3798/4274/632 3753/4229/8 3751/4227/834
f 3800/4276/632 3799/4275/632 3756/4232/8 3755/4231/8
f 3760/4236/837 3801/4277/2 3745/4221/828 3748/4224/831
f 3774/4250/845 3801/4277/2 3760/4236/837 3767/4243/841
f 3788/4264/853 3801/4277/2 3774/4250/845 3781/4257/849
f 3745/4221/828 3801/4277/2 3788/4264/853 3795/4271/857
f 3802/4278/25 3803/4279/25 3804/4280/25 3805/4281/25
f 3802/4278/25 3806/4282/25 3807/4283/25 3803/4279/25
f 3802/4278/25 3808/4284/25 3809/4285/25 3806/4282/25
f 3802/4278/25 3805/4281/25 3810/4286/25 3808/4284/25
f 3757/4233/624 3756/4232/8 3811/4287/860 3812/4288/861
f 3764/4240/1 3757/4233/624 3812/4288/861 3813/4289/862
f 3771/4247/749 3764/4240/1 3813/4289/862 3814/4290/863
f 3778/4254/5 3771/4247/749 3814/4290/863 3815/4291/864
f 3785/4261/757 3778/4254/5 3815/4291/864 3816/4292/865
f 3792/4268/33 3785/4261/757 3816/4292/865 3817/4293/866
f 3799/4275/632 3792/4268/33 3817/4293/866 3818/4294/867
f 3756/4232/8 3799/4275/632 3818/4294/867 3811/4287/860
f 3805/4281/25 3804/4280/25 3819/4295/25 3820/4296/25
f 3804/4280/25 3803/4279/25 3821/4297/25 3819/4295/25
f 3803/4279/25 3807/4283/25 3822/4298/25 3821/4297/25
f 3807/4283/25 3806/4282/25 3823/4299/25 3822/4298/25
f 3806/4282/25 3809/4285/25 3824/4300/25 3823/4299/25
f 3809/4285/25 3808/4284/25 3825/4301/25 3824/4300/25
f 3808/4284/25 3810/4286/25 3826/4302/25 3825/4301/25
f 3810/4286/25 3805/4281/25 3820/4296/25 3826/4302/25
f 3812/4303/861 3811/4304/860 3820/4296/25 3819/4295/25
f 3813/4289/862 3812/4303/861 3819/4295/25 3821/4297/25
f 3814/4290/863 3813/4289/862 3821/4297/25 3822/4298/25
f 3815/4305/864 3814/4290/863 3822/4298/25 3823/4299/25
f 3816/4306/865 3815/4305/864 3823/4299/25 3824/4300/25
f 3817/4307/866 3816/4306/865 3824/4300/25 3825/4301/25
f 3818/4308/867 3817/4307/866 3825/4301/25 3826/4302/25
f 3811/4304/860 3818/4308/867 3826/4302/25 3820/4296/25
f 3753/4229/8 3755/4231/8 3758/4234/624 3754/4230/624
f 3754/4230/624 3758/4234/624 3765/4241/1 3763/4239/1
f 3763/4239/1 3765/4241/1 3772/4248/749 3770/4246/749
f 3770/4246/749 3772/4248/749 3779/4255/5 3777/4253/5
f 3777/4253/5 3779/4255/5 3786/4262/757 3784/4260/757
f 3784/4260/757 3786/4262/757 3793/4269/33 3791/4267/33
f 3791/4267/33 3793/4269/33 3800/4276/632 3798/4274/632
f 3798/4274/632 3800/4276/632 3755/4231/8 3753/4229/8
